"Sr. No.","Work category","WORK","State","IDA","Hon'ble Members of Parliament","Constituency","Work description","Recommended date","RECOMMENDED AMOUNT   ( ₹ )","Sanction Date"
"1","Normal/Others","WS/	 MP620/2024-2025/133166-Construction of buildings for community cultural activities","Karnataka","DHARWAD(DEPUTY COMMISSIONER DHARWAR_IDA)","Pralhad Venkatesh Joshi","DHARWAD","Construction of Community Bhavan at Navalgund TQ Belavatagi Village Pry No 1/A Near Shivanand Math Continue Work","08-Jul-2024","497185","09-Jul-2024"
"2","Trust and Society","WS/	 MP620/2025-2026/133167-Construction of rooms and halls in school and colleges","Karnataka","DHARWAD(DEPUTY COMMISSIONER DHARWAR_IDA)","Pralhad Venkatesh Joshi","DHARWAD","Construction of College room of  CBS Charitable Foudation at Nulvi Vilage Pry No 817/3 Continued work","08-Jul-2024","500000","18-Sep-2025"
"3","Trust and Society","WS/	 MP620/2024-2025/133190-Construction of buildings for community cultural activities","Karnataka","DHARWAD(DEPUTY COMMISSIONER DHARWAR_IDA)","Pralhad Venkatesh Joshi","DHARWAD","Construction of Community Bhavan of Veerashaiv Jangam Society (R) at Ward No 21 Chidamarnagar Dharwad","08-Jul-2024","450000","23-Sep-2024"
"4","Normal/Others","WS/	 MP620/2025-2026/133191-Construction of buildings for community cultural activities","Karnataka","HAVERI(DEPUTY COMMISSIONER HAVERI_IDA)","Pralhad Venkatesh Joshi","DHARWAD","Construction of Maremma Cultural bhavan at Neerlgudda village Shiggava TQ","08-Jul-2024","1500000","29-May-2025"
"5","Normal/Others","WS/	 MP620/2024-2025/133301-Construction of buildings for community cultural activities","Karnataka","DHARWAD(DEPUTY COMMISSIONER DHARWAR_IDA)","Pralhad Venkatesh Joshi","DHARWAD","Construction of Cultural Bhavan at Kundagol TQ, Chickgungal Village ST Colony, Pry No.202","09-Jul-2024","398009","22-Aug-2024"
"6","Normal/Others","WS/	 MP620/2024-2025/133303-Construction of buildings for community cultural activities","Karnataka","DHARWAD(DEPUTY COMMISSIONER DHARWAR_IDA)","Pralhad Venkatesh Joshi","DHARWAD","Construction of Community Hall at Uppinbetageri Village Near Mallikarjun Temple Pry No1151","09-Jul-2024","399104","25-Jul-2024"
"7","Normal/Others","WS/	 MP620/2024-2025/133304-Construction of buildings for community cultural activities","Karnataka","DHARWAD(DEPUTY COMMISSIONER DHARWAR_IDA)","Pralhad Venkatesh Joshi","DHARWAD","Construction of Community Hall at Shibargatti Village Near Hanamanth Temple Pry No 96","09-Jul-2024","396154","22-Aug-2024"
"8","Normal/Others","WS/	 MP620/2025-2026/133305-Construction of buildings for community cultural activities","Karnataka","DHARWAD(DEPUTY COMMISSIONER DHARWAR_IDA)","Pralhad Venkatesh Joshi","DHARWAD","Construction of Community Hall at Hosategur Village Near Shri Girimalleshwar Math Pry No 518 Continue work","09-Jul-2024","400000","03-Jun-2025"
"9","Normal/Others","WS/	 MP620/2024-2025/133306-Construction of buildings for community cultural activities","Karnataka","DHARWAD(DEPUTY COMMISSIONER DHARWAR_IDA)","Pralhad Venkatesh Joshi","DHARWAD","Construction of Community Hall at Kardigudda Village Near Mallikarjun Temple Pry No 451/2","09-Jul-2024","495627","14-Mar-2025"
"10","Normal/Others","WS/	 MP620/2024-2025/133307-Construction of buildings for community cultural activities","Karnataka","DHARWAD(DEPUTY COMMISSIONER DHARWAR_IDA)","Pralhad Venkatesh Joshi","DHARWAD","Construction of Community Hall at Tadakod Village Near Vittal Temple Pry No 319","09-Jul-2024","398955","17-Aug-2024"
"11","Normal/Others","WS/	 MP620/2024-2025/133308-Construction of buildings for community cultural activities","Karnataka","DHARWAD(DEPUTY COMMISSIONER DHARWAR_IDA)","Pralhad Venkatesh Joshi","DHARWAD","Construction of Community Hall at Mulmuttal Village Near Beereshwar Temple Pry No 67","09-Jul-2024","399304","17-Aug-2024"
"12","Normal/Others","WS/	 MP620/2024-2025/133309-Construction of buildings for community cultural activities","Karnataka","DHARWAD(DEPUTY COMMISSIONER DHARWAR_IDA)","Pralhad Venkatesh Joshi","DHARWAD","Construction of Community Hall at Nigadi Village Near Kalmeshwar Temple Pry No 101 Continued work","09-Jul-2024","495031","14-Mar-2025"
"13","Normal/Others","WS/	 MP620/2024-2025/133310-Construction of buildings for community cultural activities","Karnataka","DHARWAD(DEPUTY COMMISSIONER DHARWAR_IDA)","Pralhad Venkatesh Joshi","DHARWAD","Construction of Cultural Bhavan at Parsapur Village Near Hanuman Temple Pry No 107","09-Jul-2024","247583","22-Aug-2024"
"14","Normal/Others","WS/	 MP620/2024-2025/133311-Construction of buildings for community cultural activities","Karnataka","DHARWAD(DEPUTY COMMISSIONER DHARWAR_IDA)","Pralhad Venkatesh Joshi","DHARWAD","Construction of Cultural Bhavan at Chabbi Village Near Vithobha Temple Pry No 266/A","09-Jul-2024","250000","22-Aug-2024"
"15","Normal/Others","WS/	 MP620/2024-2025/133312-Construction of buildings for community cultural activities","Karnataka","DHARWAD(DEPUTY COMMISSIONER DHARWAR_IDA)","Pralhad Venkatesh Joshi","DHARWAD","Construction of Community Hall at Ayahatti Village Near Beereshwar Temple Pry No 34","09-Jul-2024","498091","25-Jul-2024"
"16","Normal/Others","WS/MP418/2024-2025/133409-Construction of roads, link roads, pathways or any other road with or without drainage system","Bihar","ARARIA(DISTRICT PLANNING OFFICER ARARIA_IDA)","Pradeep Kumar Singh","ARARIA","PCC Road from Permeshwar Bhagat house to Ramdev Master house at ward no 15, uder Forbesganj Block.","12-Jul-2024","448127","14-Jul-2024"
"17","Normal/Others","WS/MP498/2024-2025/133447-Construction of culverts and bridges","West Bengal","Dakshin Dinajpur(DISTRICT MAGISTRATE DINAJPUR DAKSHIN_IDA)","Dr Sukanta Majumdar","BALURGHAT","Phage 2: Concrete R.C.C. bridge","13-Jul-2024","1602957","07-Aug-2024"
"18","Normal/Others","WS/MP577/2025-2026/133549-Construction of roads, link roads, pathways or any other road with or without drainage system","Gujarat","Dahod(DISTRICT COLLECTOR DOHAD_IDA)","Jaswantsinh Sumanbhai Bhabhor","DAHOD(ST)","khnagela game mota faliya ma c.c.road nu kam","17-Jul-2024","250000","11-Apr-2025"
"19","Normal/Others","WS/MP577/2025-2026/133550-Construction of roads, link roads, pathways or any other road with or without drainage system","Gujarat","Dahod(DISTRICT COLLECTOR DOHAD_IDA)","Jaswantsinh Sumanbhai Bhabhor","DAHOD(ST)","vijagadh game sampura balubhai na ghar thi kenal faliya sudhi c.c.road nu kam","17-Jul-2024","245697","07-Oct-2025"
"20","Normal/Others","WS/MP577/2025-2026/133551-Construction of roads, link roads, pathways or any other road with or without drainage system","Gujarat","Dahod(DISTRICT COLLECTOR DOHAD_IDA)","Jaswantsinh Sumanbhai Bhabhor","DAHOD(ST)","khangela game dharmesh na ghar taraf jata rasta par c.c.road nu kam","17-Jul-2024","242105","17-Oct-2025"
"21","Normal/Others","WS/MP577/2025-2026/133552-Construction of roads, link roads, pathways or any other road with or without drainage system","Gujarat","Dahod(DISTRICT COLLECTOR DOHAD_IDA)","Jaswantsinh Sumanbhai Bhabhor","DAHOD(ST)","khapariya game damor faliya ma c.c.road nu kam","17-Jul-2024","250000","11-Apr-2025"
"22","Normal/Others","WS/MP577/2025-2026/133553-Construction of roads, link roads, pathways or any other road with or without drainage system","Gujarat","Dahod(DISTRICT COLLECTOR DOHAD_IDA)","Jaswantsinh Sumanbhai Bhabhor","DAHOD(ST)","agavada game gamtal sarpanch faliya ma c.c.road nu kam","17-Jul-2024","245697","07-Oct-2025"
"23","Normal/Others","WS/MP577/2025-2026/133554-Construction of shelters for animals","Gujarat","Dahod(DISTRICT COLLECTOR DOHAD_IDA)","Jaswantsinh Sumanbhai Bhabhor","DAHOD(ST)","dashla game sarkari prathmik  shala ma shed nu kam","17-Jul-2024","245098","17-Oct-2025"
"24","Normal/Others","WS/MP577/2025-2026/133556-Construction of roads, link roads, pathways or any other road with or without drainage system","Gujarat","Dahod(DISTRICT COLLECTOR DOHAD_IDA)","Jaswantsinh Sumanbhai Bhabhor","DAHOD(ST)","khapariiya game damor simada faliya faliya ma c.c.road nu kam","17-Jul-2024","245697","07-Oct-2025"
"25","Normal/Others","WS/MP577/2025-2026/133557-Construction of public irrigation facilities","Gujarat","Dahod(DISTRICT COLLECTOR DOHAD_IDA)","Jaswantsinh Sumanbhai Bhabhor","DAHOD(ST)","VAROD SURPALI SADIYAVARU FALIYAMA AAVEL SARKARI SARVE NO.189-1 MA SAMUHIK KUVA NU KAM","17-Jul-2024","250000","02-Jan-2026"
"26","Normal/Others","WS/MP577/2025-2026/133558-Construction of roads, link roads, pathways or any other road with or without drainage system","Gujarat","Dahod(DISTRICT COLLECTOR DOHAD_IDA)","Jaswantsinh Sumanbhai Bhabhor","DAHOD(ST)","varamkheda game mukhy rasta thi gamtal sudhi c.c.road nu kam","17-Jul-2024","245697","07-Oct-2025"
"27","Normal/Others","WS/MP577/2025-2026/133559-Construction of roads, link roads, pathways or any other road with or without drainage system","Gujarat","Dahod(DISTRICT COLLECTOR DOHAD_IDA)","Jaswantsinh Sumanbhai Bhabhor","DAHOD(ST)","moti kharaj game dhanthadi c.c.road nu kam","17-Jul-2024","245098","17-Oct-2025"
"28","Normal/Others","WS/MP577/2025-2026/133560-Construction of public irrigation facilities","Gujarat","Dahod(DISTRICT COLLECTOR DOHAD_IDA)","Jaswantsinh Sumanbhai Bhabhor","DAHOD(ST)","nagrala game bamaniya faliya ma samuhik sinchai kuva nu kam","17-Jul-2024","245826","17-Oct-2025"
"29","Normal/Others","WS/MP577/2025-2026/133561-Construction of public irrigation facilities","Gujarat","Dahod(DISTRICT COLLECTOR DOHAD_IDA)","Jaswantsinh Sumanbhai Bhabhor","DAHOD(ST)","nasirpur game mavi faliya ma samuhik kuva nu kam","17-Jul-2024","245826","17-Oct-2025"
"30","Normal/Others","WS/MP577/2025-2026/133562-Construction of roads, link roads, pathways or any other road with or without drainage system","Gujarat","Dahod(DISTRICT COLLECTOR DOHAD_IDA)","Jaswantsinh Sumanbhai Bhabhor","DAHOD(ST)","punsari game bhuriya faliya ma paka rasta ne jodto c.c.road nu kam","17-Jul-2024","245697","07-Oct-2025"
"31","Normal/Others","WS/MP577/2025-2026/133563-Construction of roads, link roads, pathways or any other road with or without drainage system","Gujarat","Dahod(DISTRICT COLLECTOR DOHAD_IDA)","Jaswantsinh Sumanbhai Bhabhor","DAHOD(ST)","chandawada game toranvali mahudi faliya ma c.c.road nu kam","17-Jul-2024","245697","07-Oct-2025"
"32","Normal/Others","WS/MP577/2025-2026/133564-Construction of roads, link roads, pathways or any other road with or without drainage system","Gujarat","Dahod(DISTRICT COLLECTOR DOHAD_IDA)","Jaswantsinh Sumanbhai Bhabhor","DAHOD(ST)","DHAVADIYA GAME BORVA FALIYAMA C.C.ROADNU KAM","17-Jul-2024","250000","02-Jan-2026"
"33","Normal/Others","WS/MP577/2025-2026/133565-Construction of roads, link roads, pathways or any other road with or without drainage system","Gujarat","Dahod(DISTRICT COLLECTOR DOHAD_IDA)","Jaswantsinh Sumanbhai Bhabhor","DAHOD(ST)","simaliya khurd  game gamtal thi majubhai na ghar sudhi c.c.road nu kam","17-Jul-2024","250000","11-Apr-2025"
"34","Normal/Others","WS/MP577/2025-2026/133566-Construction of roads, link roads, pathways or any other road with or without drainage system","Gujarat","Dahod(DISTRICT COLLECTOR DOHAD_IDA)","Jaswantsinh Sumanbhai Bhabhor","DAHOD(ST)","varamkheda game nadini bajuma c.c.road nu kam","17-Jul-2024","250000","07-Oct-2025"
"35","Normal/Others","WS/MP577/2025-2026/133567-Construction of roads, link roads, pathways or any other road with or without drainage system","Gujarat","Dahod(DISTRICT COLLECTOR DOHAD_IDA)","Jaswantsinh Sumanbhai Bhabhor","DAHOD(ST)","bhutodi game mohaniya  faliya ma c.c.road nu kam","17-Jul-2024","245098","17-Oct-2025"
"36","Normal/Others","WS/MP577/2025-2026/133568-Construction of roads, link roads, pathways or any other road with or without drainage system","Gujarat","Dahod(DISTRICT COLLECTOR DOHAD_IDA)","Jaswantsinh Sumanbhai Bhabhor","DAHOD(ST)","motikharaj game paka rasta thi  bhabhor faliya sudhi c.c.road nu kam","17-Jul-2024","245697","07-Oct-2025"
"37","Normal/Others","WS/MP577/2025-2026/133569-Construction of roads, link roads, pathways or any other road with or without drainage system","Gujarat","Dahod(DISTRICT COLLECTOR DOHAD_IDA)","Jaswantsinh Sumanbhai Bhabhor","DAHOD(ST)","khangela game paka rasta thi dineshbai gundiya  na ghar sudhi c.c.road nu kam","17-Jul-2024","250000","11-Apr-2025"
"38","Normal/Others","WS/MP577/2025-2026/133570-Providing drains and gutters for public drainage","Gujarat","Dahod(DISTRICT COLLECTOR DOHAD_IDA)","Jaswantsinh Sumanbhai Bhabhor","DAHOD(ST)","gadoi game umriya kotar upar smshan jata rasta upar nala nu kam","17-Jul-2024","250000","11-Apr-2025"
"39","Normal/Others","WS/MP577/2025-2026/133571-Providing drains and gutters for public drainage","Gujarat","Dahod(DISTRICT COLLECTOR DOHAD_IDA)","Jaswantsinh Sumanbhai Bhabhor","DAHOD(ST)","bavka game mulka faliya thi smshan taraf jata rasta par nala nu kam","17-Jul-2024","250000","11-Apr-2025"
"40","Normal/Others","WS/MP577/2025-2026/133572-Construction of public irrigation facilities","Gujarat","Dahod(DISTRICT COLLECTOR DOHAD_IDA)","Jaswantsinh Sumanbhai Bhabhor","DAHOD(ST)","katwara game hathila faliya ma  samuhik kuva nu kam","17-Jul-2024","245826","17-Oct-2025"
"41","Normal/Others","WS/MP577/2025-2026/133573-Construction of roads, link roads, pathways or any other road with or without drainage system","Gujarat","Dahod(DISTRICT COLLECTOR DOHAD_IDA)","Jaswantsinh Sumanbhai Bhabhor","DAHOD(ST)","nani kharaj game bandikhedi panda faliya ma c.c.road nu kam","17-Jul-2024","245697","07-Oct-2025"
"42","Normal/Others","WS/MP577/2025-2026/133574-Construction of roads, link roads, pathways or any other road with or without drainage system","Gujarat","Dahod(DISTRICT COLLECTOR DOHAD_IDA)","Jaswantsinh Sumanbhai Bhabhor","DAHOD(ST)","kathla game damar road thi parmar faliya sudhi c.c.road nu kam","17-Jul-2024","245697","07-Oct-2025"
"43","Normal/Others","WS/MP577/2024-2025/133575-Construction of roads, link roads, pathways or any other road with or without drainage system","Gujarat","Dahod(DISTRICT COLLECTOR DOHAD_IDA)","Jaswantsinh Sumanbhai Bhabhor","DAHOD(ST)","nalwai game chopadi faliya ma c.c.road nu kam","17-Jul-2024","250000","27-Mar-2025"
"44","Normal/Others","WS/MP577/2024-2025/133576-Construction of roads, link roads, pathways or any other road with or without drainage system","Gujarat","Dahod(DISTRICT COLLECTOR DOHAD_IDA)","Jaswantsinh Sumanbhai Bhabhor","DAHOD(ST)","garbada game kamliyavad faliyama c.c.road nu kam","17-Jul-2024","250000","27-Mar-2025"
"45","Normal/Others","WS/MP577/2025-2026/133577-Construction of public irrigation facilities","Gujarat","Dahod(DISTRICT COLLECTOR DOHAD_IDA)","Jaswantsinh Sumanbhai Bhabhor","DAHOD(ST)","lilar game mavi faliya ma  samuhik kuva nu kam","17-Jul-2024","245826","17-Oct-2025"
"46","Normal/Others","WS/MP577/2024-2025/133578-Construction of roads, link roads, pathways or any other road with or without drainage system","Gujarat","Dahod(DISTRICT COLLECTOR DOHAD_IDA)","Jaswantsinh Sumanbhai Bhabhor","DAHOD(ST)","chharchhoda game bhabhor faliya thi aanganvadi ne jodto c.c.roadnu kam","17-Jul-2024","250000","27-Mar-2025"
"47","Normal/Others","WS/MP577/2025-2026/133579-Construction of roads, link roads, pathways or any other road with or without drainage system","Gujarat","Dahod(DISTRICT COLLECTOR DOHAD_IDA)","Jaswantsinh Sumanbhai Bhabhor","DAHOD(ST)","bhutardi game bhuriya faliya ma c.c.road nu kam","17-Jul-2024","247496","04-Oct-2025"
"48","Normal/Others","WS/MP577/2025-2026/133580-Construction of roads, link roads, pathways or any other road with or without drainage system","Gujarat","Dahod(DISTRICT COLLECTOR DOHAD_IDA)","Jaswantsinh Sumanbhai Bhabhor","DAHOD(ST)","minakyar game bilval faliya ma c.c.road nu kam","17-Jul-2024","247496","04-Oct-2025"
"49","Normal/Others","WS/MP577/2025-2026/133581-Construction of roads, link roads, pathways or any other road with or without drainage system","Gujarat","Dahod(DISTRICT COLLECTOR DOHAD_IDA)","Jaswantsinh Sumanbhai Bhabhor","DAHOD(ST)","kharva game rasulbhaina ghar pase nikalti  sheri thi aanganvadi sudhi c.c.road nu kam","17-Jul-2024","250000","12-Jan-2026"
"50","Normal/Others","WS/MP577/2025-2026/133582-Construction of public irrigation facilities","Gujarat","Dahod(DISTRICT COLLECTOR DOHAD_IDA)","Jaswantsinh Sumanbhai Bhabhor","DAHOD(ST)","nelsur game aashram faliya ma saamuhik kuva nu kam","17-Jul-2024","250000","12-Jan-2026"
"51","Normal/Others","WS/MP577/2025-2026/133583-Construction of public irrigation facilities","Gujarat","Dahod(DISTRICT COLLECTOR DOHAD_IDA)","Jaswantsinh Sumanbhai Bhabhor","DAHOD(ST)","ambli game khada faliya ma samuhik  kuva nu kam","17-Jul-2024","250000","12-Jan-2026"
"52","Normal/Others","WS/MP577/2024-2025/133584-Construction of roads, link roads, pathways or any other road with or without drainage system","Gujarat","Dahod(DISTRICT COLLECTOR DOHAD_IDA)","Jaswantsinh Sumanbhai Bhabhor","DAHOD(ST)","vajelav game sarpanch faliya ma c.c.road nu kam","17-Jul-2024","249291","27-Mar-2025"
"53","Normal/Others","WS/MP577/2024-2025/133585-Construction of roads, link roads, pathways or any other road with or without drainage system","Gujarat","Dahod(DISTRICT COLLECTOR DOHAD_IDA)","Jaswantsinh Sumanbhai Bhabhor","DAHOD(ST)","matwa game navi vsahat thi badarbhai plas na ghar sudhi c.c.road nu kam","17-Jul-2024","250000","27-Mar-2025"
"54","Normal/Others","WS/MP577/2024-2025/133586-Construction of roads, link roads, pathways or any other road with or without drainage system","Gujarat","Dahod(DISTRICT COLLECTOR DOHAD_IDA)","Jaswantsinh Sumanbhai Bhabhor","DAHOD(ST)","abhlod game indira nagari faliya ma c.c.road nu kam","17-Jul-2024","249291","27-Mar-2025"
"55","Normal/Others","WS/MP577/2025-2026/133587-Construction of roads, link roads, pathways or any other road with or without drainage system","Gujarat","Dahod(DISTRICT COLLECTOR DOHAD_IDA)","Jaswantsinh Sumanbhai Bhabhor","DAHOD(ST)","zari burjarg game dungra faliya ma aanganvadi thi ramanbhai vanabhai na ghar sudhi c.c.road nu kam","17-Jul-2024","247496","04-Oct-2025"
"56","Normal/Others","WS/MP577/2024-2025/133588-Construction of roads, link roads, pathways or any other road with or without drainage system","Gujarat","Dahod(DISTRICT COLLECTOR DOHAD_IDA)","Jaswantsinh Sumanbhai Bhabhor","DAHOD(ST)","rayan panchayat limbu faliya thi lilva talavne jodto c.c.road nu kam","17-Jul-2024","250000","27-Mar-2025"
"57","Normal/Others","WS/MP577/2025-2026/133589-Construction of public irrigation facilities","Gujarat","Dahod(DISTRICT COLLECTOR DOHAD_IDA)","Jaswantsinh Sumanbhai Bhabhor","DAHOD(ST)","boriyala game divaniya faliya ma samuhik kuva nu kam","17-Jul-2024","250000","12-Jan-2026"
"58","Normal/Others","WS/MP577/2025-2026/133590-Construction of public irrigation facilities","Gujarat","Dahod(DISTRICT COLLECTOR DOHAD_IDA)","Jaswantsinh Sumanbhai Bhabhor","DAHOD(ST)","patiya game simada faliya ma samuhik kuva nu kam","17-Jul-2024","250000","12-Jan-2026"
"59","Normal/Others","WS/MP577/2025-2026/133591-Construction of roads, link roads, pathways or any other road with or without drainage system","Gujarat","Dahod(DISTRICT COLLECTOR DOHAD_IDA)","Jaswantsinh Sumanbhai Bhabhor","DAHOD(ST)","abhlod game umriya umariya faliya thi pranmji mandir par c.c.road nu kam","17-Jul-2024","250000","12-Jan-2026"
"60","Normal/Others","WS/MP577/2024-2025/133592-Construction of roads, link roads, pathways or any other road with or without drainage system","Gujarat","Dahod(DISTRICT COLLECTOR DOHAD_IDA)","Jaswantsinh Sumanbhai Bhabhor","DAHOD(ST)","kharva game bhuriya faliya ma c.c.road nu kam","17-Jul-2024","249291","27-Mar-2025"
"61","Normal/Others","WS/MP577/2025-2026/133593-Construction of public irrigation facilities","Gujarat","Dahod(DISTRICT COLLECTOR DOHAD_IDA)","Jaswantsinh Sumanbhai Bhabhor","DAHOD(ST)","DHAMANBARI GAME NISHAL FALIYAMA SAMUHIK KUVANU KAM","17-Jul-2024","350000","02-Jan-2026"
"62","Normal/Others","WS/MP577/2025-2026/133594-Construction of roads, link roads, pathways or any other road with or without drainage system","Gujarat","Dahod(DISTRICT COLLECTOR DOHAD_IDA)","Jaswantsinh Sumanbhai Bhabhor","DAHOD(ST)","patiya game katara faliya thi samshan sudhi c.c.road nu kam","17-Jul-2024","250000","12-Jan-2026"
"63","Normal/Others","WS/MP577/2025-2026/133595-Construction of roads, link roads, pathways or any other road with or without drainage system","Gujarat","Dahod(DISTRICT COLLECTOR DOHAD_IDA)","Jaswantsinh Sumanbhai Bhabhor","DAHOD(ST)","nadhelav game bara na kotar thi shala taraf jata rasta par c.c.road nu kam","17-Jul-2024","247496","04-Oct-2025"
"64","Normal/Others","WS/MP577/2025-2026/133596-Construction of roads, link roads, pathways or any other road with or without drainage system","Gujarat","Dahod(DISTRICT COLLECTOR DOHAD_IDA)","Jaswantsinh Sumanbhai Bhabhor","DAHOD(ST)","abhlod game mukhy rastaa thi  bor faliya sudhi c.c.road nu kam","17-Jul-2024","300000","12-Jan-2026"
"65","Normal/Others","WS/MP577/2024-2025/133597-Construction of roads, link roads, pathways or any other road with or without drainage system","Gujarat","Dahod(DISTRICT COLLECTOR DOHAD_IDA)","Jaswantsinh Sumanbhai Bhabhor","DAHOD(ST)","nimach game nichvas faliya ma c.c.road nu kam","17-Jul-2024","249291","27-Mar-2025"
"66","Normal/Others","WS/MP577/2024-2025/133598-Construction of roads, link roads, pathways or any other road with or without drainage system","Gujarat","Dahod(DISTRICT COLLECTOR DOHAD_IDA)","Jaswantsinh Sumanbhai Bhabhor","DAHOD(ST)","vadva game bariya faliya anganvadi ne jodto c.c.road nu kam","17-Jul-2024","249291","27-Mar-2025"
"67","Normal/Others","WS/MP577/2025-2026/133599-Construction of public irrigation facilities","Gujarat","Dahod(DISTRICT COLLECTOR DOHAD_IDA)","Jaswantsinh Sumanbhai Bhabhor","DAHOD(ST)","zarikhareli ma vaniya faliyama sarvajanik kuva nu kam","17-Jul-2024","250000","12-Jan-2026"
"68","Normal/Others","WS/MP577/2024-2025/133600-Construction of roads, link roads, pathways or any other road with or without drainage system","Gujarat","Dahod(DISTRICT COLLECTOR DOHAD_IDA)","Jaswantsinh Sumanbhai Bhabhor","DAHOD(ST)","sahada game nishal faliya thi khaped faliya ne jodto c.c.road nu kam","17-Jul-2024","249291","27-Mar-2025"
"69","Normal/Others","WS/MP577/2024-2025/133601-Construction of roads, link roads, pathways or any other road with or without drainage system","Gujarat","Dahod(DISTRICT COLLECTOR DOHAD_IDA)","Jaswantsinh Sumanbhai Bhabhor","DAHOD(ST)","nava faliya thi bamniya sudhi c.c.road nu kam","17-Jul-2024","249291","27-Mar-2025"
"70","Normal/Others","WS/MP577/2025-2026/133602-Construction of public irrigation facilities","Gujarat","Dahod(DISTRICT COLLECTOR DOHAD_IDA)","Jaswantsinh Sumanbhai Bhabhor","DAHOD(ST)","nadhelav game burva  faliyama sarvjanik kuva nu kam","17-Jul-2024","250000","12-Jan-2026"
"71","Normal/Others","WS/MP577/2025-2026/133603-Construction of roads, link roads, pathways or any other road with or without drainage system","Gujarat","Dahod(DISTRICT COLLECTOR DOHAD_IDA)","Jaswantsinh Sumanbhai Bhabhor","DAHOD(ST)","rayan game paka road thi gamtal sudhi c.c.road nu kam","17-Jul-2024","250000","12-Jan-2026"
"72","Normal/Others","WS/MP577/2025-2026/133604-Construction of public irrigation facilities","Gujarat","Dahod(DISTRICT COLLECTOR DOHAD_IDA)","Jaswantsinh Sumanbhai Bhabhor","DAHOD(ST)","PANIVED GAME KALADALA FALIYAMA SARKARI SARVE NUMBER 333 MA SAMUHIK KUVANU KAM","17-Jul-2024","250000","02-Jan-2026"
"73","Normal/Others","WS/MP577/2025-2026/133605-Construction of flood control embankments/ protection walls along riverbanks, hilltops, roadsides","Gujarat","Dahod(DISTRICT COLLECTOR DOHAD_IDA)","Jaswantsinh Sumanbhai Bhabhor","DAHOD(ST)","khalta garbadi game risol faliya ma c.c road nu kam","17-Jul-2024","250000","02-Jan-2026"
"74","Normal/Others","WS/MP577/2024-2025/133606-Construction of roads, link roads, pathways or any other road with or without drainage system","Gujarat","Dahod(DISTRICT COLLECTOR DOHAD_IDA)","Jaswantsinh Sumanbhai Bhabhor","DAHOD(ST)","dumka game main road thi mukhy nishal sudhi c.c.road nu kam","17-Jul-2024","250000","16-Mar-2025"
"75","Normal/Others","WS/MP577/2024-2025/133607-Construction of roads, link roads, pathways or any other road with or without drainage system","Gujarat","Dahod(DISTRICT COLLECTOR DOHAD_IDA)","Jaswantsinh Sumanbhai Bhabhor","DAHOD(ST)","motimalu game main road thi baheda faliya sudhi c.c.road nu kam","17-Jul-2024","250000","16-Mar-2025"
"76","Normal/Others","WS/MP577/2024-2025/133608-Construction of roads, link roads, pathways or any other road with or without drainage system","Gujarat","Dahod(DISTRICT COLLECTOR DOHAD_IDA)","Jaswantsinh Sumanbhai Bhabhor","DAHOD(ST)","dumka game anganvadi kendr number 4 par c.c.road nu kam","17-Jul-2024","250000","16-Mar-2025"
"77","Normal/Others","WS/MP577/2025-2026/133609-Construction of flood control embankments/ protection walls along riverbanks, hilltops, roadsides","Gujarat","Dahod(DISTRICT COLLECTOR DOHAD_IDA)","Jaswantsinh Sumanbhai Bhabhor","DAHOD(ST)","khalta game mohaniya faliya ma c.c road nu kam","17-Jul-2024","250000","02-Jan-2026"
"78","Normal/Others","WS/MP577/2026-2027/133610-Construction of public irrigation facilities","Gujarat","Dahod(DISTRICT COLLECTOR DOHAD_IDA)","Jaswantsinh Sumanbhai Bhabhor","DAHOD(ST)","vakota game maji sarpanch faliya ma sarvjanik kuva nu kam","17-Jul-2024","250000","30-Jun-2026"
"79","Normal/Others","WS/MP577/2025-2026/133611-Construction of roads, link roads, pathways or any other road with or without drainage system","Gujarat","Dahod(DISTRICT COLLECTOR DOHAD_IDA)","Jaswantsinh Sumanbhai Bhabhor","DAHOD(ST)","dhanarpatiya game mukhy  faliyama c.c.road nu kam","17-Jul-2024","250000","02-Jan-2026"
"80","Normal/Others","WS/MP577/2024-2025/133612-Construction of roads, link roads, pathways or any other road with or without drainage system","Gujarat","Dahod(DISTRICT COLLECTOR DOHAD_IDA)","Jaswantsinh Sumanbhai Bhabhor","DAHOD(ST)","khajuri game mali faliya ma c.c.road nu kam","17-Jul-2024","250000","16-Mar-2025"
"81","Normal/Others","WS/MP577/2025-2026/133613-Construction of public irrigation facilities","Gujarat","Dahod(DISTRICT COLLECTOR DOHAD_IDA)","Jaswantsinh Sumanbhai Bhabhor","DAHOD(ST)","zabu game bamaniya faliya ma sarvajanik kuva nu kam","17-Jul-2024","250000","02-Jan-2026"
"82","Normal/Others","WS/MP577/2025-2026/133614-Construction of roads, link roads, pathways or any other road with or without drainage system","Gujarat","Dahod(DISTRICT COLLECTOR DOHAD_IDA)","Jaswantsinh Sumanbhai Bhabhor","DAHOD(ST)","zabu game pateliya faliya ma c.c.road nu kam","17-Jul-2024","250000","02-Jan-2026"
"83","Normal/Others","WS/MP18152/2024-2025/133686-Construction of rooms and halls in school and colleges","Punjab","FARIDKOT(DEPUTY COMMISSIONER FARIDKOT_IDA)","SARABJEET SINGH KHALSA","FARIDKOT(SC)","Construction of MID DAY Meal Shed in Govt Primary school bajakhana main","22-Jul-2024","300000","02-Aug-2024"
"84","Normal/Others","WS/MP18152/2024-2025/133687-Construction of rooms and halls in school and colleges","Punjab","FARIDKOT(DEPUTY COMMISSIONER FARIDKOT_IDA)","SARABJEET SINGH KHALSA","FARIDKOT(SC)","Construction of MID DAY Meal Shed in Govt Primary school Gondara","22-Jul-2024","300000","02-Aug-2024"
"85","Normal/Others","WS/MP18152/2024-2025/133688-Construction of rooms and halls in school and colleges","Punjab","FARIDKOT(DEPUTY COMMISSIONER FARIDKOT_IDA)","SARABJEET SINGH KHALSA","FARIDKOT(SC)","Construction of MID DAY Meal Shed in Govt Primary school Sedha Singhwala","22-Jul-2024","300000","02-Aug-2024"
"86","Normal/Others","WS/MP18152/2024-2025/133689-Construction of rooms and halls in school and colleges","Punjab","FARIDKOT(DEPUTY COMMISSIONER FARIDKOT_IDA)","SARABJEET SINGH KHALSA","FARIDKOT(SC)","Construction of MID DAY Meal Shed in Govt Primary school Rauwala","22-Jul-2024","300000","02-Aug-2024"
"87","Normal/Others","WS/MP18152/2024-2025/133690-Construction of rooms and halls in school and colleges","Punjab","FARIDKOT(DEPUTY COMMISSIONER FARIDKOT_IDA)","SARABJEET SINGH KHALSA","FARIDKOT(SC)","Construction of MID DAY Meal Shed in Govt Primary school Dal Singh Wala","22-Jul-2024","300000","02-Aug-2024"
"88","Normal/Others","WS/MP18152/2024-2025/133691-Construction of rooms and halls in school and colleges","Punjab","FARIDKOT(DEPUTY COMMISSIONER FARIDKOT_IDA)","SARABJEET SINGH KHALSA","FARIDKOT(SC)","Construction of MID DAY Meal Shed in Govt Primary school Bajakhana (Bus adda)","22-Jul-2024","300000","02-Aug-2024"
"89","Normal/Others","WS/MP18152/2024-2025/133692-Construction of rooms and halls in school and colleges","Punjab","FARIDKOT(DEPUTY COMMISSIONER FARIDKOT_IDA)","SARABJEET SINGH KHALSA","FARIDKOT(SC)","Construction of MID DAY Meal Shed in Govt Primary school Okandwala","22-Jul-2024","299155","02-Sep-2024"
"90","Normal/Others","WS/MP18152/2024-2025/133693-Construction of rooms and halls in school and colleges","Punjab","FARIDKOT(DEPUTY COMMISSIONER FARIDKOT_IDA)","SARABJEET SINGH KHALSA","FARIDKOT(SC)","Construction of MID DAY Meal Shed in Govt Primary school Gumti Khurd","22-Jul-2024","300000","02-Aug-2024"
"91","Normal/Others","WS/MP18152/2024-2025/133694-Construction of rooms and halls in school and colleges","Punjab","FARIDKOT(DEPUTY COMMISSIONER FARIDKOT_IDA)","SARABJEET SINGH KHALSA","FARIDKOT(SC)","Construction of MID DAY Meal Shed in Govt Primary school Pakka No.4","22-Jul-2024","300000","02-Aug-2024"
"92","Normal/Others","WS/MP18152/2024-2025/133695-Construction of rooms and halls in school and colleges","Punjab","FARIDKOT(DEPUTY COMMISSIONER FARIDKOT_IDA)","SARABJEET SINGH KHALSA","FARIDKOT(SC)","Construction of Cycle Shed in Govt Primary school Lambwali","22-Jul-2024","197304","02-Sep-2024"
"93","Normal/Others","WS/MP18152/2024-2025/133696-Installing community drinking water plants","Punjab","FARIDKOT(DEPUTY COMMISSIONER FARIDKOT_IDA)","SARABJEET SINGH KHALSA","FARIDKOT(SC)","Installation of RO System and water cooler in Govt Primary school Pakka No.4","22-Jul-2024","84500","02-Aug-2024"
"94","Normal/Others","WS/MP18152/2024-2025/133697-Construction of rooms and halls in school and colleges","Punjab","FARIDKOT(DEPUTY COMMISSIONER FARIDKOT_IDA)","SARABJEET SINGH KHALSA","FARIDKOT(SC)","Construction of Smart Classroom & Cycle Shed in Govt Primary school Machaki Mal Singh","22-Jul-2024","298940","02-Sep-2024"
"95","Normal/Others","WS/MP18152/2024-2025/133698-Construction of rooms and halls in school and colleges","Punjab","FARIDKOT(DEPUTY COMMISSIONER FARIDKOT_IDA)","SARABJEET SINGH KHALSA","FARIDKOT(SC)","Installation of Two Interactive panel for Smart Class in Govt High school Dhimanwali","22-Jul-2024","250000","02-Sep-2024"
"96","Normal/Others","WS/MP18152/2024-2025/133699-Installing community drinking water plants","Punjab","FARIDKOT(DEPUTY COMMISSIONER FARIDKOT_IDA)","SARABJEET SINGH KHALSA","FARIDKOT(SC)","Installation of RO System and water cooler in Govt Primary school Dhilwan kalan","22-Jul-2024","84500","02-Sep-2024"
"97","Normal/Others","WS/MP18152/2024-2025/133700-Installing community drinking water plants","Punjab","SRI MUKTSAR SAHIB(DEPUTY COMMISSIONER SRI MUKTSAR SAHIB_IDA)","SARABJEET SINGH KHALSA","FARIDKOT(SC)","Installation of RO System and water cooler in Govt Primary school Gurri Sangar","22-Jul-2024","100000","01-Jan-2025"
"98","Normal/Others","WS/MP18152/2024-2025/133701-Installing community drinking water plants","Punjab","FARIDKOT(DEPUTY COMMISSIONER FARIDKOT_IDA)","SARABJEET SINGH KHALSA","FARIDKOT(SC)","Installation of RO System and water cooler in Govt Primary school Bajakhana Main","22-Jul-2024","84500","02-Aug-2024"
"99","Normal/Others","WS/MP18152/2024-2025/133702-Installing community drinking water plants","Punjab","FARIDKOT(DEPUTY COMMISSIONER FARIDKOT_IDA)","SARABJEET SINGH KHALSA","FARIDKOT(SC)","Installation of RO System and water cooler in Govt Middle school Chahal","22-Jul-2024","84500","02-Sep-2024"
"100","Normal/Others","WS/MP18152/2024-2025/133703-Installing community drinking water plants","Punjab","FARIDKOT(DEPUTY COMMISSIONER FARIDKOT_IDA)","SARABJEET SINGH KHALSA","FARIDKOT(SC)","Installation of RO System and water cooler in Govt Primary school Dhudi","22-Jul-2024","84500","02-Aug-2024"
"101","Normal/Others","WS/MP577/2024-2025/133772-Providing drains and gutters for public drainage","Gujarat","Dahod(DISTRICT COLLECTOR DOHAD_IDA)","Jaswantsinh Sumanbhai Bhabhor","DAHOD(ST)","DUNGAR GAME KHAJURIYA FALIYA MA NAALA NU KAM","20-Jul-2024","225200","08-Jan-2025"
"102","Normal/Others","WS/MP577/2024-2025/133773-Construction of flood control embankments/ protection walls along riverbanks, hilltops, roadsides","Gujarat","Dahod(DISTRICT COLLECTOR DOHAD_IDA)","Jaswantsinh Sumanbhai Bhabhor","DAHOD(ST)","DUNGAR GAME VALAY NADI PAR SANRAKSHAN DIVAL NU KAM","20-Jul-2024","328900","08-Jan-2025"
"103","Normal/Others","WS/MP577/2024-2025/133774-Construction of roads, link roads, pathways or any other road with or without drainage system","Gujarat","Dahod(DISTRICT COLLECTOR DOHAD_IDA)","Jaswantsinh Sumanbhai Bhabhor","DAHOD(ST)","DUNGAR GAME KADECHHA FALIYA MA MUKHY RASTA THI VINODBHAI VALABHAINA GHAR SUDHI R.C.C ROAD NU KAM","20-Jul-2024","288400","08-Jan-2025"
"104","Normal/Others","WS/MP577/2024-2025/133775-Construction of public irrigation facilities","Gujarat","Dahod(DISTRICT COLLECTOR DOHAD_IDA)","Jaswantsinh Sumanbhai Bhabhor","DAHOD(ST)","DUNGAR GAME KUND FALIYA MA SAMUHIK KUVA NU KAM","20-Jul-2024","292600","08-Jan-2025"
"105","Normal/Others","WS/MP577/2024-2025/133776-Construction of public irrigation facilities","Gujarat","Dahod(DISTRICT COLLECTOR DOHAD_IDA)","Jaswantsinh Sumanbhai Bhabhor","DAHOD(ST)","DUNGAR GAME NARANBHAI NA FALIYA MA SAMUHIK KUVA NU KAM","20-Jul-2024","289800","08-Jan-2025"
"106","Normal/Others","WS/MP641/2024-2025/133904-Construction of flood control embankments/ protection walls along riverbanks, hilltops, roadsides","Madhya Pradesh","Khargone (West Nimar)(DISTRICT COLLECTOR KHARGONE_IDA)","Gajendra Singh Patel","KHARGONE(ST)","Construction of flood control embankments in village Makadkheda (Narmada River)","22-Jul-2024","1000000","21-Jan-2025"
"107","Normal/Others","WS/MP641/2024-2025/133905-Construction of common work sheds/ common covered sitting area","Madhya Pradesh","Khargone (West Nimar)(DISTRICT COLLECTOR KHARGONE_IDA)","Gajendra Singh Patel","KHARGONE(ST)","Construction of common work shed in village Bhopada at Salakhedi Road","22-Jul-2024","250000","05-Jan-2025"
"108","Normal/Others","WS/MP641/2024-2025/133906-Construction of community centers and community halls","Madhya Pradesh","Khargone (West Nimar)(DISTRICT COLLECTOR KHARGONE_IDA)","Gajendra Singh Patel","KHARGONE(ST)","Construction of community hall in village Oon Bujurga at behind Bholaram farm","22-Jul-2024","500000","05-Jan-2025"
"109","Normal/Others","WS/MP641/2024-2025/133909-Construction of common work sheds/ common covered sitting area","Madhya Pradesh","BARWANI(DISTRICT COLLECTOR BADWANI_IDA)","Gajendra Singh Patel","KHARGONE(ST)","Construction of common work shed in village Ranipura (Morani Panchayat) at near old Hanuman Mandir","22-Jul-2024","250000","22-Oct-2024"
"110","Normal/Others","WS/MP641/2024-2025/133910-Construction of common work sheds/ common covered sitting area","Madhya Pradesh","BARWANI(DISTRICT COLLECTOR BADWANI_IDA)","Gajendra Singh Patel","KHARGONE(ST)","Construction of common work shed in village Chervi at near samadhi of Toranmal incident","22-Jul-2024","200000","25-Oct-2024"
"111","Normal/Others","WS/MP641/2024-2025/133911-Construction of community centers and community halls","Madhya Pradesh","BARWANI(DISTRICT COLLECTOR BADWANI_IDA)","Gajendra Singh Patel","KHARGONE(ST)","Construction of community hall in village Rosar","22-Jul-2024","500000","21-Oct-2024"
"112","Normal/Others","WS/MP641/2024-2025/133912-Construction of community centers and community halls","Madhya Pradesh","BARWANI(DISTRICT COLLECTOR BADWANI_IDA)","Gajendra Singh Patel","KHARGONE(ST)","Construction of community hall in village Bakwadi at near Damodar sahu farm","22-Jul-2024","1000000","22-Oct-2024"
"113","Normal/Others","WS/MP641/2024-2025/133913-Construction of common work sheds/ common covered sitting area","Madhya Pradesh","BARWANI(DISTRICT COLLECTOR BADWANI_IDA)","Gajendra Singh Patel","KHARGONE(ST)","Construction of common work shed in village Barda at near ShriRam Mandir","22-Jul-2024","500000","27-Mar-2025"
"114","Normal/Others","WS/MP641/2024-2025/133919-Construction of common work sheds/ common covered sitting area","Madhya Pradesh","BARWANI(DISTRICT COLLECTOR BADWANI_IDA)","Gajendra Singh Patel","KHARGONE(ST)","Construction of common work shed in Anjad at ward no 04 at near Khatu Shyam Mandir","22-Jul-2024","200000","18-Dec-2024"
"115","Normal/Others","WS/MP641/2025-2026/133920-Construction of community centers and community halls","Madhya Pradesh","BARWANI(DISTRICT COLLECTOR BADWANI_IDA)","Gajendra Singh Patel","KHARGONE(ST)","Construction of community hall in Anjad at ward no 01 Dashahara Maidan Kshtriya Rathod Dharmshala","22-Jul-2024","500000","12-May-2025"
"116","Normal/Others","WS/MP641/2025-2026/133921-Construction of community centers and community halls","Madhya Pradesh","BARWANI(DISTRICT COLLECTOR BADWANI_IDA)","Gajendra Singh Patel","KHARGONE(ST)","Construction of community hall in Palsud at ward no 04 Sai Mandir Road behind Rameshwar gole house","22-Jul-2024","500000","05-May-2025"
"117","Normal/Others","WS/MP641/2024-2025/133929-Construction of additional rooms and halls in the existing public and community building","Madhya Pradesh","BARWANI(DISTRICT COLLECTOR BADWANI_IDA)","Gajendra Singh Patel","KHARGONE(ST)","Construction of additional room in the existing public building in village Barda at Koli Mohalla","22-Jul-2024","200000","27-Mar-2025"
"118","Normal/Others","WS/MP423/2024-2025/133940-Construction of bus-sheds or bus-stops","Bihar","MADHUBANI(DISTRICT PLANNING OFFICER MADHUBANI_IDA)","Ramprit Mandal","JHANJHARPUR","khajauli hospital chowk ke pass Pre Fabricated  bus sheds ka kray and instolation work.","23-Jul-2024","1451000","21-Feb-2025"
"119","Normal/Others","WS/MP423/2024-2025/133941-Construction of bus-sheds or bus-stops","Bihar","MADHUBANI(DISTRICT PLANNING OFFICER MADHUBANI_IDA)","Ramprit Mandal","JHANJHARPUR","Basopatti babhan dey chowk ke pass  Pre Fabricated  bus sheds ka kray and instolation work.","23-Jul-2024","1451000","21-Feb-2025"
"120","Normal/Others","WS/MP423/2024-2025/133944-Construction of bus-sheds or bus-stops","Bihar","MADHUBANI(DISTRICT PLANNING OFFICER MADHUBANI_IDA)","Ramprit Mandal","JHANJHARPUR","paduma chowk ke pass Pre Fabricated  bus sheds ka kray and instolation work.","23-Jul-2024","1451000","21-Feb-2025"
"121","Normal/Others","WS/MP423/2024-2025/133945-Construction of bus-sheds or bus-stops","Bihar","MADHUBANI(DISTRICT PLANNING OFFICER MADHUBANI_IDA)","Ramprit Mandal","JHANJHARPUR","ranti chowk ke pass Pre Fabricated  bus sheds ka kray and instolation work.","23-Jul-2024","1451000","21-Feb-2025"
"122","Normal/Others","WS/MP423/2024-2025/133946-Construction of bus-sheds or bus-stops","Bihar","MADHUBANI(DISTRICT PLANNING OFFICER MADHUBANI_IDA)","Ramprit Mandal","JHANJHARPUR","andhra bazar chowk ke pass Pre Fabricated  bus sheds ka kray and instolation work.","23-Jul-2024","1451000","21-Feb-2025"
"123","Normal/Others","WS/MP423/2024-2025/133947-Street lights","Bihar","MADHUBANI(DISTRICT PLANNING OFFICER MADHUBANI_IDA)","Ramprit Mandal","JHANJHARPUR","Babunarhi prakhand ke antargat bhatchoura gram sthith sarvjanik mandir ke najdik high mask light ka adhisthapan karya","23-Jul-2024","994000","12-Mar-2025"
"124","Normal/Others","WS/MP423/2024-2025/133949-Construction of bus-sheds or bus-stops","Bihar","MADHUBANI(DISTRICT PLANNING OFFICER MADHUBANI_IDA)","Ramprit Mandal","JHANJHARPUR","madhepur thana chowk ke pass  Pre Fabricated  bus sheds ka kray and instolation work.","23-Jul-2024","1451000","21-Feb-2025"
"125","Normal/Others","WS/MP423/2024-2025/133955-Construction of bus-sheds or bus-stops","Bihar","MADHUBANI(DISTRICT PLANNING OFFICER MADHUBANI_IDA)","Ramprit Mandal","JHANJHARPUR","bhupatti ges goudam chowk  ke pass bus Pre Fabricated  bus sheds ka kray and instolation work.","23-Jul-2024","1451000","21-Feb-2025"
"126","Normal/Others","WS/MP423/2024-2025/133959-Construction of bus-sheds or bus-stops","Bihar","MADHUBANI(DISTRICT PLANNING OFFICER MADHUBANI_IDA)","Ramprit Mandal","JHANJHARPUR","paitghat chowk mandir  ke pass NH ke bagal men Pre Fabricated  bus sheds ka kray and instolation work.","23-Jul-2024","1451000","21-Feb-2025"
"127","Normal/Others","WS/MP423/2024-2025/133960-Construction of bus-sheds or bus-stops","Bihar","MADHUBANI(DISTRICT PLANNING OFFICER MADHUBANI_IDA)","Ramprit Mandal","JHANJHARPUR","arariya sangram mithila hat najdik NH ke bagal me Pre Fabricated  bus sheds ka kray and instolation work.","23-Jul-2024","1451000","21-Feb-2025"
"128","Normal/Others","WS/MP423/2024-2025/133961-Construction of rainwater harvesting structures","Bihar","MADHUBANI(DISTRICT PLANNING OFFICER MADHUBANI_IDA)","Ramprit Mandal","JHANJHARPUR","Utkarmit Uchhy VidyalayChandan Kasera block basopatti men 2 set lab upkaran ka kray evam adhisthapan karya","23-Jul-2024","1096000","20-Aug-2024"
"129","Normal/Others","WS/MP423/2024-2025/133962-Construction of rainwater harvesting structures","Bihar","MADHUBANI(DISTRICT PLANNING OFFICER MADHUBANI_IDA)","Ramprit Mandal","JHANJHARPUR","Uchh Madhymik vidyalay Narkatiya block Bassopatti  men 2 set lab upkaran ka kray evam adhisthapan karya","23-Jul-2024","1096000","20-Aug-2024"
"130","Normal/Others","WS/MP423/2024-2025/133963-Construction of rainwater harvesting structures","Bihar","MADHUBANI(DISTRICT PLANNING OFFICER MADHUBANI_IDA)","Ramprit Mandal","JHANJHARPUR","utkarmit uchya madhyamik vidyalay  Durgipatti block KHutauna men  2 set lab upkaran ka kray evam adhisthapan karya","23-Jul-2024","1096000","20-Aug-2024"
"131","Normal/Others","WS/MP423/2024-2025/133964-Construction of bus-sheds or bus-stops","Bihar","MADHUBANI(DISTRICT PLANNING OFFICER MADHUBANI_IDA)","Ramprit Mandal","JHANJHARPUR","chharapatti nahar chowk ke pass Pre Fabricated bus sheds ka kray and instolation work.","23-Jul-2024","1451000","21-Feb-2025"
"132","Normal/Others","WS/MP423/2024-2025/133965-Construction of rainwater harvesting structures","Bihar","MADHUBANI(DISTRICT PLANNING OFFICER MADHUBANI_IDA)","Ramprit Mandal","JHANJHARPUR","U.U.M. School Chhatauni block basopatti men  2 set lab upkaran ka kray evam adhisthapan karya","23-Jul-2024","1096000","20-Aug-2024"
"133","Normal/Others","WS/MP423/2024-2025/133966-Construction of rainwater harvesting structures","Bihar","MADHUBANI(DISTRICT PLANNING OFFICER MADHUBANI_IDA)","Ramprit Mandal","JHANJHARPUR","Rajkitkrit +2 Uchh vidyalay Lauthwa block basopatti  men 2 set lab upkaran ka kray evam adhisthapan karya","23-Jul-2024","1096000","20-Aug-2024"
"134","Normal/Others","WS/MP423/2024-2025/133967-Construction of rainwater harvesting structures","Bihar","MADHUBANI(DISTRICT PLANNING OFFICER MADHUBANI_IDA)","Ramprit Mandal","JHANJHARPUR","utkarmit madhyamik uchh vidyalay Kauyaha block Bassopatti men 2 set lab upkaran kakray evam adhisthapan karya","23-Jul-2024","1096000","20-Aug-2024"
"135","Normal/Others","WS/MP423/2024-2025/133968-Construction of rainwater harvesting structures","Bihar","MADHUBANI(DISTRICT PLANNING OFFICER MADHUBANI_IDA)","Ramprit Mandal","JHANJHARPUR","utkarmit uchya vidyalay Dhamiyanpatti blockJaynagar men 2 set lab upkaran ka kray evam adhisthapan karya","23-Jul-2024","1096000","20-Aug-2024"
"136","Normal/Others","WS/MP423/2024-2025/133969-Construction of rainwater harvesting structures","Bihar","MADHUBANI(DISTRICT PLANNING OFFICER MADHUBANI_IDA)","Ramprit Mandal","JHANJHARPUR","Utkarmit uchhy Madhyamik Vidyalay fentPatauna block basopatti men 2 set lab upkaran ka kray evam adhisthapan karya","23-Jul-2024","1096000","20-Aug-2024"
"137","Normal/Others","WS/MP423/2024-2025/133970-Construction of rainwater harvesting structures","Bihar","MADHUBANI(DISTRICT PLANNING OFFICER MADHUBANI_IDA)","Ramprit Mandal","JHANJHARPUR","Kabir uchya madhyamik (+2) vidyalay selra block Jaynagar men  2 set lab upkaran ka kray evam adhisthapan karya","23-Jul-2024","1096000","20-Aug-2024"
"138","Normal/Others","WS/MP423/2024-2025/133971-Installing community drinking water plants","Bihar","MADHUBANI(DISTRICT PLANNING OFFICER MADHUBANI_IDA)","Ramprit Mandal","JHANJHARPUR","khutona samudayik sawasthya kendra men Samarsebal pump ka nirman karya","23-Jul-2024","239686","30-Oct-2024"
"139","Normal/Others","WS/MP423/2024-2025/133973-Street lights","Bihar","MADHUBANI(DISTRICT PLANNING OFFICER MADHUBANI_IDA)","Ramprit Mandal","JHANJHARPUR","Ladaniya block ke antargat gajhara gram sthith durga mata mandir bhraman tol ke najdik high mask electric light ka kray evam adhisthapan karya. (Attached Takniki Vishistiyan ke Anurup)","23-Jul-2024","994000","12-Mar-2025"
"140","Normal/Others","WS/MP423/2024-2025/133975-Street lights","Bihar","MADHUBANI(DISTRICT PLANNING OFFICER MADHUBANI_IDA)","Ramprit Mandal","JHANJHARPUR","khajouli block ke antargat sukki pul ke najdik high mask electric light ka kray evam adhisthapan karya. (Attached Takniki Vishistiyan ke Anurup)","23-Jul-2024","994000","12-Mar-2025"
"141","Normal/Others","WS/MP423/2024-2025/133976-Street lights","Bihar","MADHUBANI(DISTRICT PLANNING OFFICER MADHUBANI_IDA)","Ramprit Mandal","JHANJHARPUR","Rajnagar block ke antargat pilakhwar gram sthith durga mandir evm sarkari school ke najdik high mask electric light ka kray evam  adhisthapan karya. (Attached Takniki Vishistiyan ke Anurup)","23-Jul-2024","994000","12-Mar-2025"
"142","Normal/Others","WS/MP18032/2024-2025/134022-Construction of roads, link roads, pathways or any other road with or without drainage system","Bihar","BUXAR(DISTRICT PLANNING OFFICER BUXAR_IDA)","SUDHAKAR SINGH","BUXAR","Construction of road from Sowan Kali Mandir (Chota pul) to Baburajmohan Singh House door","23-Jul-2024","1496846","23-Sep-2024"
"143","Normal/Others","WS/MP18032/2024-2025/134023-Construction of roads, link roads, pathways or any other road with or without drainage system","Bihar","BUXAR(DISTRICT PLANNING OFFICER BUXAR_IDA)","SUDHAKAR SINGH","BUXAR","Construction of road from Rajan Singh's agricultural plot to Late Pradyuman Singh's Agricultural Plot at Sowan.","23-Jul-2024","1496484","23-Sep-2024"
"144","Normal/Others","WS/MP18032/2024-2025/134024-Construction of roads, link roads, pathways or any other road with or without drainage system","Bihar","BUXAR(DISTRICT PLANNING OFFICER BUXAR_IDA)","SUDHAKAR SINGH","BUXAR","Construction of road from Raju Singh's Agricultural Plot to Nara (Barsadi Nadi).","23-Jul-2024","1497484","23-Sep-2024"
"145","Normal/Others","WS/MP18032/2024-2025/134025-Purchase of furniture and fixtures for educational purposes","Bihar","KAIMUR (BHABUA)(DISTRICT PLANNING OFFICER KAIMUR BHABUA_IDA)","SUDHAKAR SINGH","BUXAR","Purchase of new Bench, Desks nos. - 200 at Jagdev Lohia Inter college.","23-Jul-2024","899640","18-Mar-2025"
"146","Normal/Others","WS/MP18032/2024-2025/134026-Construction of roads, link roads, pathways or any other road with or without drainage system","Bihar","KAIMUR (BHABUA)(DISTRICT PLANNING OFFICER KAIMUR BHABUA_IDA)","SUDHAKAR SINGH","BUXAR","Construction of new road from house of Atal Bind to Chandan Bind's house","23-Jul-2024","495133","29-Nov-2024"
"147","Repair and Renovation","WS/MP18032/2025-2026/134031-Construction of buildings for crèches and anganwadies","Bihar","BUXAR(DISTRICT PLANNING OFFICER BUXAR_IDA)","SUDHAKAR SINGH","BUXAR","Repair of Anganwadi centre at Bhar Chakia.","23-Jul-2024","487094","22-Nov-2025"
"148","Normal/Others","WS/MP18032/2024-2025/134034-Development of public parks","Bihar","KAIMUR (BHABUA)(DISTRICT PLANNING OFFICER KAIMUR BHABUA_IDA)","SUDHAKAR SINGH","BUXAR","Development of Mahuar Stadium by adding soil and drainage system for Park.","23-Jul-2024","1491632","29-Nov-2024"
"149","Normal/Others","WS/MP18032/2024-2025/134035-Development of public parks","Bihar","KAIMUR (BHABUA)(DISTRICT PLANNING OFFICER KAIMUR BHABUA_IDA)","SUDHAKAR SINGH","BUXAR","Construction of Entry and Exit gates at Mahuwar stadium park","23-Jul-2024","966987","17-Jan-2025"
"150","Normal/Others","WS/MP18032/2024-2025/134037-Development of public parks","Bihar","KAIMUR (BHABUA)(DISTRICT PLANNING OFFICER KAIMUR BHABUA_IDA)","SUDHAKAR SINGH","BUXAR","Development of Public Park by adding soil at Bhargawan stadium","23-Jul-2024","987671","17-Oct-2024"
"151","Normal/Others","WS/MP18032/2024-2025/134038-Installing tube-wells and borewells","Bihar","KAIMUR (BHABUA)(DISTRICT PLANNING OFFICER KAIMUR BHABUA_IDA)","SUDHAKAR SINGH","BUXAR","Construction of new submersible and a room at north side of shankar ji ka talab Mahuwar village","23-Jul-2024","991583","09-Dec-2024"
"152","Normal/Others","WS/MP18032/2024-2025/134039-Construction of roads, link roads, pathways or any other road with or without drainage system","Bihar","KAIMUR (BHABUA)(DISTRICT PLANNING OFFICER KAIMUR BHABUA_IDA)","SUDHAKAR SINGH","BUXAR","Construction of new road from Kota PMGSY road to Idgah at village Kota","23-Jul-2024","498672","17-Dec-2024"
"153","Normal/Others","WS/MP18032/2024-2025/134041-Construction of roads, link roads, pathways or any other road with or without drainage system","Bihar","KAIMUR (BHABUA)(DISTRICT PLANNING OFFICER KAIMUR BHABUA_IDA)","SUDHAKAR SINGH","BUXAR","Construction of new road from Village Main road to House of Harendra Rai","23-Jul-2024","447000","09-Dec-2024"
"154","Normal/Others","WS/MP632/2024-2025/134091-Purchase of vans and buses for educational institutions","Kerala","KOTTAYAM(DISTRICT COLLECTOR KOTTAYAM_IDA)","Anto Antony","PATHANAMTHITTA","Providing one school Bus to Vavar Memorial High School Erumely in Erumely Grama Panchayat.","24-Jul-2024","1250000","11-Nov-2024"
"155","Normal/Others","WS/MP632/2024-2025/134092-Lighting of public spaces","Kerala","KOTTAYAM(DISTRICT COLLECTOR KOTTAYAM_IDA)","Anto Antony","PATHANAMTHITTA","Proving 8 Meter LED Mini Mast Light near St Michael's Church Pazhayidam in Erumely Grama Panchayat.","24-Jul-2024","216919","11-Nov-2024"
"156","Normal/Others","WS/MP632/2024-2025/134093-Construction of roads, link roads, pathways or any other road with or without drainage system","Kerala","KOTTAYAM(DISTRICT COLLECTOR KOTTAYAM_IDA)","Anto Antony","PATHANAMTHITTA","Concreting of Muslim Pally- Kannamthanam Kadavu Road in Erumely Grama Panchayat.","24-Jul-2024","294496","11-Nov-2024"
"157","Normal/Others","WS/MP632/2024-2025/134094-Lighting of public spaces","Kerala","KOTTAYAM(DISTRICT COLLECTOR KOTTAYAM_IDA)","Anto Antony","PATHANAMTHITTA","Proving 8 Meter LED Mini Mast Light at Grama Panchayat Town Hall in Kanjirappally Grama Panchayat.","24-Jul-2024","218008","12-Nov-2024"
"158","Normal/Others","WS/MP632/2024-2025/134095-Purchase of IT systems, including hardware and software for educational purposes","Kerala","KOTTAYAM(DISTRICT COLLECTOR KOTTAYAM_IDA)","Anto Antony","PATHANAMTHITTA","Providing Five Computer and Accessories to St: Joseph's High School, Kannimala in Mundakkayam Grama Panchayat.","24-Jul-2024","176535","27-Mar-2025"
"159","Normal/Others","WS/MP632/2024-2025/134096-Lighting of public spaces","Kerala","KOTTAYAM(DISTRICT COLLECTOR KOTTAYAM_IDA)","Anto Antony","PATHANAMTHITTA","Proving 8 Meter LED Minimast Light at Cheruvally Sree Devi Temple Junction in Mundakayam Grama Panchayat.","24-Jul-2024","215081","11-Nov-2024"
"160","Normal/Others","WS/MP632/2024-2025/134100-Lighting of public spaces","Kerala","KOTTAYAM(DISTRICT COLLECTOR KOTTAYAM_IDA)","Anto Antony","PATHANAMTHITTA","Proving 8 Meter LED Mini Mast Light at Koovakkavu Sree Subhanandasramam Junction in Manimala Grama Panchayat.","24-Jul-2024","218570","11-Nov-2024"
"161","Normal/Others","WS/MP632/2024-2025/134101-Lighting of public spaces","Kerala","KOTTAYAM(DISTRICT COLLECTOR KOTTAYAM_IDA)","Anto Antony","PATHANAMTHITTA","Proving 8 Meter LED Minimast Light at Check Dam Junction Manimala Grama Panchayat","24-Jul-2024","250000","11-Nov-2024"
"162","Normal/Others","WS/MP632/2024-2025/134102-Lighting of public spaces","Kerala","KOTTAYAM(DISTRICT COLLECTOR KOTTAYAM_IDA)","Anto Antony","PATHANAMTHITTA","Proving 8 Meter LED Minimast Light at Ansari Kavala in Parathodu Grama Panchayat.","24-Jul-2024","216033","11-Nov-2024"
"163","Normal/Others","WS/MP632/2024-2025/134103-Lighting of public spaces","Kerala","KOTTAYAM(DISTRICT COLLECTOR KOTTAYAM_IDA)","Anto Antony","PATHANAMTHITTA","Proving 8 Meter LED Mini Mast Light at SCB Junction in Teekoy Grama Panchayat.","24-Jul-2024","250000","28-Nov-2024"
"164","Normal/Others","WS/MP632/2024-2025/134104-Lighting of public spaces","Kerala","KOTTAYAM(DISTRICT COLLECTOR KOTTAYAM_IDA)","Anto Antony","PATHANAMTHITTA","Proving 8 Meter LED Minimast Light at Velathusseri Town in Teekoy Grama Panchayat.","24-Jul-2024","219694","28-Nov-2024"
"165","Normal/Others","WS/MP632/2024-2025/134105-Lighting of public spaces","Kerala","KOTTAYAM(DISTRICT COLLECTOR KOTTAYAM_IDA)","Anto Antony","PATHANAMTHITTA","Proving 8 Meter LED Mini Mast Light at Chemmalamattom Junction in Thidanadu Grama Panchayat.","24-Jul-2024","250000","28-Nov-2024"
"166","Normal/Others","WS/MP632/2024-2025/134106-Construction of roads, link roads, pathways or any other road with or without drainage system","Kerala","KOTTAYAM(DISTRICT COLLECTOR KOTTAYAM_IDA)","Anto Antony","PATHANAMTHITTA","Concreeting of Chakkiyanippady- Pullattupadi Road in Poonjar Thekkekara Grama Panchayat.","24-Jul-2024","286879","28-Nov-2024"
"167","Normal/Others","WS/MP632/2025-2026/134107-Providing supply pipelines for drinking water","Kerala","KOTTAYAM(DISTRICT COLLECTOR KOTTAYAM_IDA)","Anto Antony","PATHANAMTHITTA","Replacement of Existing Pipeline at Vettikulam- Arampulli Drinking Water Project in Poonjar Grama Panchayat.","24-Jul-2024","200000","23-Jun-2025"
"168","Normal/Others","WS/MP345/2024-2025/134123-Construction of rooms and halls in school and colleges","Kerala","KOLLAM(DISTRICT COLLECTOR KOLLAM_IDA)","Shri NK Premachandran","KOLLAM","Construction of building for Kadamancode Tribal LP School in Kulathupuzha Grama Panchayat in  Punalur Constituency (ST)","25-Jul-2024","4740188","19-Aug-2024"
"169","Normal/Others","WS/MP345/2024-2025/134136-Construction of roads, link roads, pathways or any other road with or without drainage system","Kerala","KOLLAM(DISTRICT COLLECTOR KOLLAM_IDA)","Shri NK Premachandran","KOLLAM","Concreting and side wall construction of Edakkunnu –Blavadi road , Kelan kavu Ward No.24 at Punalur Municipality in  Punalur Constituency (ST)","25-Jul-2024","1303959","26-Nov-2024"
"170","Normal/Others","WS/MP345/2024-2025/134137-Construction of buildings for community cultural activities","Kerala","KOLLAM(DISTRICT COLLECTOR KOLLAM_IDA)","Shri NK Premachandran","KOLLAM","Construction of Building (Second Floor) for Aduthala Tagore Memorial Library in  Chathanoor Constituency","25-Jul-2024","512291","22-Nov-2024"
"171","Normal/Others","WS/MP345/2024-2025/134140-Construction of roads, link roads, pathways or any other road with or without drainage system","Kerala","KOLLAM(DISTRICT COLLECTOR KOLLAM_IDA)","Shri NK Premachandran","KOLLAM","Concreting of road from Janathavayanasala -  Panthaplavil, ward no.6  Thrikkaruva GP, in  Kollam Constituency","25-Jul-2024","293492","29-Jul-2024"
"172","Normal/Others","WS/MP345/2024-2025/134143-Construction of buildings for community cultural activities","Kerala","KOLLAM(DISTRICT COLLECTOR KOLLAM_IDA)","Shri NK Premachandran","KOLLAM","Construction of Building for Brothers Library & Reading room, Puthenchantha at  Panmana Grama panchayath in Chavara Constituency.","25-Jul-2024","1182588","13-Aug-2024"
"173","Normal/Others","WS/MP345/2024-2025/134144-Construction of buildings for community cultural activities","Kerala","KOLLAM(DISTRICT COLLECTOR KOLLAM_IDA)","Shri NK Premachandran","KOLLAM","Construction of Head Quarter Building  for Perumon Thanal Charitable Trust in Panayam Grama Panchayat of Kollam Constituency (2nd  reach)","25-Jul-2024","338444","13-Aug-2024"
"174","Normal/Others","WS/MP345/2024-2025/134145-Construction of buildings for community cultural activities","Kerala","KOLLAM(DISTRICT COLLECTOR KOLLAM_IDA)","Shri NK Premachandran","KOLLAM","Construction of Building for Sri.Vidhyadiraja Arts and Sports Club in Panmana Grama Panchayat of Chavra constituency","25-Jul-2024","96867","26-Sep-2024"
"175","Normal/Others","WS/MP18182/2024-2025/134222-Construction of boundary walls of existing public and community buildings","Tamil Nadu","TENKASI(DISTRICT COLLECTOR TENKASI_IDA)","DR RANI SRI KUMAR","TENKASI(SC)","Construction of Flood protective wall in Periya Panayankulam weir in Nainaragaram Village of Kadayanallur Union.","29-Jul-2024","2486079","25-Sep-2024"
"176","Normal/Others","WS/MP18182/2024-2025/134223-Construction of boundary walls of existing public and community buildings","Tamil Nadu","TENKASI(DISTRICT COLLECTOR TENKASI_IDA)","DR RANI SRI KUMAR","TENKASI(SC)","Construction of surplus weir Apron of Periya Panayankulam  in Nainaragaram Village of Kadayanallur Union.","29-Jul-2024","2493302","10-Oct-2024"
"177","Normal/Others","WS/MP18182/2024-2025/134224-Construction of boundary walls of existing public and community buildings","Tamil Nadu","TENKASI(DISTRICT COLLECTOR TENKASI_IDA)","DR RANI SRI KUMAR","TENKASI(SC)","Construction of protective wall and skin wall  in Left side weir of Pattakulam in Sernthamangalam village of Melaneelithanallur Union.","29-Jul-2024","2481067","25-Sep-2024"
"178","Normal/Others","WS/MP18182/2024-2025/134225-Construction of boundary walls of existing public and community buildings","Tamil Nadu","TENKASI(DISTRICT COLLECTOR TENKASI_IDA)","DR RANI SRI KUMAR","TENKASI(SC)","Construction of protective wall in Right side weir of Pattakulam in Sernthamangalam Village of Melaneelithanallur Union.","29-Jul-2024","2482079","10-Oct-2024"
"179","Normal/Others","WS/MP18067/2025-2026/134321-Construction of water tanks","Haryana","SONIPAT(DEPUTY COMMISSIONER SONEPAT_IDA)","SATPAL BRAHAMCHARI","SONEPAT","one Tractor ambulance purchase in Gaushala Panchyati Land village kheri gujjar","15-Mar-2025","545000","17-Feb-2026"
"180","Normal/Others","WS/MP18067/2025-2026/134322-Construction of community centers and community halls","Haryana","SONIPAT(DEPUTY COMMISSIONER SONEPAT_IDA)","SATPAL BRAHAMCHARI","SONEPAT","Development works in Ravidas chaupal vill. Badota, Gohana","15-Mar-2025","499000","08-May-2025"
"181","Normal/Others","WS/MP18067/2025-2026/134323-Installation of multi-gym equipment","Haryana","SONIPAT(DEPUTY COMMISSIONER SONEPAT_IDA)","SATPAL BRAHAMCHARI","SONEPAT","Installation of Fixed Gym equipments","15-Mar-2025","300000","08-May-2025"
"182","Normal/Others","WS/MP485/2024-2025/134327-Street lights","West Bengal","South 24 Parganas(DISTRICT MAGISTRATE SOUTH TWENTY FOUR PARGANAS_IDA)","Pratima Mondal","JOYNAGAR(SC)","Installation of Low Mast light at Mostafar More under Hatpukuria G.P.","28-Jul-2024","346475","17-Sep-2024"
"183","Normal/Others","WS/MP485/2024-2025/134328-Street lights","West Bengal","South 24 Parganas(DISTRICT MAGISTRATE SOUTH TWENTY FOUR PARGANAS_IDA)","Pratima Mondal","JOYNAGAR(SC)","Installation of Low Mast light at Allahabad Bank under Nikarighata G.P.","28-Jul-2024","345679","17-Sep-2024"
"184","Normal/Others","WS/MP485/2024-2025/134329-Construction of common work sheds/ common covered sitting area","West Bengal","South 24 Parganas(DISTRICT MAGISTRATE SOUTH TWENTY FOUR PARGANAS_IDA)","Pratima Mondal","JOYNAGAR(SC)","Construction of Yatri Shed near Lakshminarayanpur High School under Bansra GP","28-Jul-2024","499673","17-Sep-2024"
"185","Normal/Others","WS/MP485/2024-2025/134330-Street lights","West Bengal","South 24 Parganas(DISTRICT MAGISTRATE SOUTH TWENTY FOUR PARGANAS_IDA)","Pratima Mondal","JOYNAGAR(SC)","Installation of Low Mast light at Dewan Para under Bansra Gram Panchayat","28-Jul-2024","346477","17-Sep-2024"
"186","Normal/Others","WS/MP485/2024-2025/134331-Construction of common work sheds/ common covered sitting area","West Bengal","South 24 Parganas(DISTRICT MAGISTRATE SOUTH TWENTY FOUR PARGANAS_IDA)","Pratima Mondal","JOYNAGAR(SC)","Construction of Pilgrim Shed at Thumkati under Matla-II Gram Panchayat","28-Jul-2024","499680","17-Sep-2024"
"187","Normal/Others","WS/MP485/2024-2025/134332-Construction of community centers and community halls","West Bengal","South 24 Parganas(DISTRICT MAGISTRATE SOUTH TWENTY FOUR PARGANAS_IDA)","Pratima Mondal","JOYNAGAR(SC)","Construction of Community Hall at Mithakhali under Matla-II GP","28-Jul-2024","1998845","17-Sep-2024"
"188","Normal/Others","WS/MP485/2024-2025/134334-Providing drains and gutters for public drainage","West Bengal","South 24 Parganas(DISTRICT MAGISTRATE SOUTH TWENTY FOUR PARGANAS_IDA)","Pratima Mondal","JOYNAGAR(SC)","Construction of CC Drain with slab from Nazrul Mondal pond to Nouka Ghata under Daria Gram Panchayat. Lenth: 150M","28-Jul-2024","449935","17-Sep-2024"
"189","Normal/Others","WS/MP485/2024-2025/134337-Installing community drinking water plants","West Bengal","South 24 Parganas(DISTRICT MAGISTRATE SOUTH TWENTY FOUR PARGANAS_IDA)","Pratima Mondal","JOYNAGAR(SC)","Sinking of deep tubewell with submercible with tank at Kumarsha F.P. School under Dighirpar Gram Panchayat","28-Jul-2024","238772","17-Sep-2024"
"190","Normal/Others","WS/MP485/2024-2025/134338-Construction of common work sheds/ common covered sitting area","West Bengal","South 24 Parganas(DISTRICT MAGISTRATE SOUTH TWENTY FOUR PARGANAS_IDA)","Pratima Mondal","JOYNAGAR(SC)","Construction of Pilgrim Shed near Nimai Chakdar house at Uttar Taldi under Taldi GP","28-Jul-2024","349500","17-Sep-2024"
"191","Normal/Others","WS/MP389/2024-2025/134429-Construction of buildings for community cultural activities","Rajasthan","PALI(DISTRICT COLLECTOR PALI_IDA)","Shri PP Chaudhary","PALI","RANG MANCH KA VISTAR & ANYA VIKAAS KARYA, LAKHOTIYA UDHYAN WARD NO.5,PALI","30-Jul-2024","2257000","09-Jan-2025"
"192","Normal/Others","WS/MP18065/2024-2025/134434-Construction of buildings for community cultural activities","Haryana","JHAJJAR(DEPUTY COMMISSIONER cum NODAL OFFICER MPLADS JHAJJAR)","DEEPENDER SINGH HOODA","ROHTAK","Const. of Chabutra Kadyan Khop and Repair of Boundry wall in Gram Panchayat Chimni","30-Jul-2024","493629","05-Nov-2024"
"193","Normal/Others","WS/MP858/2024-2025/134457-Street lights","West Bengal","BIRBHUM(DISTRICT MAGISTRATE BIRBHUM_IDA)","Asit Kumar Mal","BOLPUR(SC)","INSTALLATION OF HIGH MAST STREET LIGHT AT PANRUI BAZAR UNDER SAINTHIA PANCHYET SAMITY AND EXECUTING AGENCY WILL BE E.O. SAINTHIA PANCHYET SAMITY.","30-Jul-2024","480941","13-Nov-2024"
"194","Normal/Others","WS/MP858/2024-2025/134458-Street lights","West Bengal","BIRBHUM(DISTRICT MAGISTRATE BIRBHUM_IDA)","Asit Kumar Mal","BOLPUR(SC)","HIGH MAST LIGHT AT AHAMADPUR PURATAN HATTALA.EXECUTING AGENCY WILL BE EO SAINTHIA PANCHAYET SAMITY","30-Jul-2024","481037","13-Nov-2024"
"195","Normal/Others","WS/MP858/2024-2025/134459-Street lights","West Bengal","BIRBHUM(DISTRICT MAGISTRATE BIRBHUM_IDA)","Asit Kumar Mal","BOLPUR(SC)","HIGH MAST LIGHT INSTALLTION AT NOWAPARA. EXECUTING AGENCY WILL BE EO SAINTHIA PANCHAYET SAMITY.","30-Jul-2024","483060","13-Nov-2024"
"196","Normal/Others","WS/MP858/2024-2025/134461-Street lights","West Bengal","BIRBHUM(DISTRICT MAGISTRATE BIRBHUM_IDA)","Asit Kumar Mal","BOLPUR(SC)","Installation high mast street light at konarpur, Executing Agency will be EO sainthia panchyet samity","31-Jul-2024","483060","13-Nov-2024"
"197","Normal/Others","WS/MP858/2024-2025/134462-Street lights","West Bengal","BIRBHUM(DISTRICT MAGISTRATE BIRBHUM_IDA)","Asit Kumar Mal","BOLPUR(SC)","Installation of high mast light at somsha,Executing Agency wil be EO sainthia panchayet samity.","31-Jul-2024","482916","13-Nov-2024"
"198","Normal/Others","WS/MP858/2024-2025/134463-Street lights","West Bengal","BIRBHUM(DISTRICT MAGISTRATE BIRBHUM_IDA)","Asit Kumar Mal","BOLPUR(SC)","Installation of high mast street light at sahispur ,Executing Agency will be EO sainthia panchayet samity.","31-Jul-2024","481037","13-Nov-2024"
"199","Repair and Renovation","WS/MP18159/2024-2025/134479-Installing tube-wells and borewells","Rajasthan","ALWAR(DISTRICT COLLECTOR ALWAR_IDA)","BHUPENDER YADAV","ALWAR","Work of Deepening the government borewell located Vivekanand Nagar Sector-4 Near Meena Temple","01-Aug-2024","150000","03-Dec-2024"
"200","Normal/Others","WS/MP632/2025-2026/134588-Purchase Books for Library","Kerala","PATHANAMTHITTA(DISTRICT COLLECTOR PATHANAMTHITTA_IDA)","Anto Antony","PATHANAMTHITTA","Providing Library Books to Mahatma Public Library and Reading Room, Puthusserimala in Vadasserikkara Grama Panchayat.","20-Sep-2024","50000","25-Jun-2025"
"201","Normal/Others","WS/MP632/2024-2025/134589-Purchase of books for public libraries/ digitization of library books","Kerala","PATHANAMTHITTA(DISTRICT COLLECTOR PATHANAMTHITTA_IDA)","Anto Antony","PATHANAMTHITTA","Providing Library Books to Kalavedi Grameena Vayanasala in Enadimangalam Grama Panchayat","20-Sep-2024","50000","21-Jan-2025"
"202","Normal/Others","WS/MP632/2026-2027/134591-Purchase of furniture and fixtures for educational purposes","Kerala","PATHANAMTHITTA(DISTRICT COLLECTOR PATHANAMTHITTA_IDA)","Anto Antony","PATHANAMTHITTA","Providing Furniture to Government LP School Gavi in Seethathodu Grama Panchayat.","20-Sep-2024","96734","09-Jul-2026"
"203","Normal/Others","WS/MP18278/2024-2025/134629-Construction of roads, link roads, pathways or any other road with or without drainage system","Chhattisgarh","SAKTI(COLLECTOR SAKTI_IDA)","KAMLESH JANGDE","JANJGIR CHAMPA(SC)","CC Road - Yaadram varman Home to towards Gothhan.","05-Aug-2024","1000000","18-Sep-2024"
"204","Normal/Others","WS/MP18278/2024-2025/134630-Construction of boundary walls of existing public and community buildings","Chhattisgarh","SAKTI(COLLECTOR SAKTI_IDA)","KAMLESH JANGDE","JANJGIR CHAMPA(SC)","Construction of boundary walls","05-Aug-2024","1000000","20-Sep-2024"
"205","Normal/Others","WS/MP18278/2024-2025/134631-Construction of cycle tracks, cycle stand and segregated non-motorized vehicle (NMV) lanes","Chhattisgarh","SAKTI(COLLECTOR SAKTI_IDA)","KAMLESH JANGDE","JANJGIR CHAMPA(SC)","Construction of cycle stand.","05-Aug-2024","500000","04-Sep-2024"
"206","Normal/Others","WS/MP18278/2024-2025/134632-Construction of roads, link roads, pathways or any other road with or without drainage system","Chhattisgarh","SAKTI(COLLECTOR SAKTI_IDA)","KAMLESH JANGDE","JANJGIR CHAMPA(SC)","Construction of CC Road. Shyam Lal Chandra ahead of home, Gram Panchayat - Kashigarh","05-Aug-2024","1000000","04-Sep-2024"
"207","Normal/Others","WS/MP18278/2024-2025/134633-Construction of roads, link roads, pathways or any other road with or without drainage system","Chhattisgarh","SAKTI(COLLECTOR SAKTI_IDA)","KAMLESH JANGDE","JANJGIR CHAMPA(SC)","CC Road- Prakash ahead of home, Gram panchayat- Chorbhatthi","05-Aug-2024","1000000","04-Sep-2024"
"208","Normal/Others","WS/MP18278/2024-2025/134638-Construction of common work sheds/ common covered sitting area","Chhattisgarh","SAKTI(COLLECTOR SAKTI_IDA)","KAMLESH JANGDE","JANJGIR CHAMPA(SC)","Construction of common sitting area (Chaburta)","05-Aug-2024","300000","23-Aug-2024"
"209","Normal/Others","WS/MP18278/2024-2025/134644-Construction of roads, link roads, pathways or any other road with or without drainage system","Chhattisgarh","SAKTI(COLLECTOR SAKTI_IDA)","KAMLESH JANGDE","JANJGIR CHAMPA(SC)","CC Road- Ahead from the main road towards the canal.","05-Aug-2024","1000000","23-Aug-2024"
"210","Normal/Others","WS/MP18278/2024-2025/134646-Construction of roads, link roads, pathways or any other road with or without drainage system","Chhattisgarh","SAKTI(COLLECTOR SAKTI_IDA)","KAMLESH JANGDE","JANJGIR CHAMPA(SC)","CC Road- From the road towards the Colony","05-Aug-2024","999550","23-Aug-2024"
"211","Normal/Others","WS/MP18278/2024-2025/134649-Construction of culverts and bridges","Chhattisgarh","SAKTI(COLLECTOR SAKTI_IDA)","KAMLESH JANGDE","JANJGIR CHAMPA(SC)","Construction of culverts and bridges- Between Singhra and Chhote Kot","05-Aug-2024","998871","03-Sep-2024"
"212","Normal/Others","WS/MP18278/2024-2025/134655-Construction of roads, link roads, pathways or any other road with or without drainage system","Chhattisgarh","SAKTI(COLLECTOR SAKTI_IDA)","KAMLESH JANGDE","JANJGIR CHAMPA(SC)","Construction of drainage system- From Gobardhan Dewangan house towards Bhuwan Lal Rathore farm","05-Aug-2024","700000","20-Sep-2024"
"213","Normal/Others","WS/MP18278/2024-2025/134658-Construction of roads, link roads, pathways or any other road with or without drainage system","Chhattisgarh","SAKTI(COLLECTOR SAKTI_IDA)","KAMLESH JANGDE","JANJGIR CHAMPA(SC)","CC Road- From the main road towards Sandhya Home.","05-Aug-2024","999744","24-Sep-2024"
"214","Normal/Others","WS/MP18278/2024-2025/134660-Construction of roads, link roads, pathways or any other road with or without drainage system","Chhattisgarh","SAKTI(COLLECTOR SAKTI_IDA)","KAMLESH JANGDE","JANJGIR CHAMPA(SC)","CC Road- From Anand House towards Muktidham.","05-Aug-2024","999856","18-Sep-2024"
"215","Normal/Others","WS/MP18278/2024-2025/134661-Construction of boundary walls of existing public and community buildings","Chhattisgarh","SAKTI(COLLECTOR SAKTI_IDA)","KAMLESH JANGDE","JANJGIR CHAMPA(SC)","Gram-kanchanpur me sarvajanik samudaik bhavan (patel mohalla me)Ahata nirmaran","05-Aug-2024","500000","08-Nov-2024"
"216","Normal/Others","WS/MP18278/2024-2025/134665-Construction of roads, link roads, pathways or any other road with or without drainage system","Chhattisgarh","SAKTI(COLLECTOR SAKTI_IDA)","KAMLESH JANGDE","JANJGIR CHAMPA(SC)","CC Road- From the main road towards Muktidham.","05-Aug-2024","881196","18-Oct-2024"
"217","Normal/Others","WS/MP18278/2024-2025/134666-Construction of roads, link roads, pathways or any other road with or without drainage system","Chhattisgarh","SAKTI(COLLECTOR SAKTI_IDA)","KAMLESH JANGDE","JANJGIR CHAMPA(SC)","CC Road- from the Bar Chowk to towards School.","05-Aug-2024","999772","26-Sep-2024"
"218","Normal/Others","WS/MP18278/2024-2025/134667-Construction of roads, link roads, pathways or any other road with or without drainage system","Chhattisgarh","SAKTI(COLLECTOR SAKTI_IDA)","KAMLESH JANGDE","JANJGIR CHAMPA(SC)","CC Road- From Amit Home towards Bairaag pond.","05-Aug-2024","1200000","19-Sep-2024"
"219","Normal/Others","WS/MP18278/2024-2025/134668-Construction of roads, link roads, pathways or any other road with or without drainage system","Chhattisgarh","JANJGIR-CHAMPA(DISTRICT COLLECTOR JANJGIR CHAMPA_IDA)","KAMLESH JANGDE","JANJGIR CHAMPA(SC)","CC Road- Amit Sahu ahead of the house.","05-Aug-2024","1500000","16-Aug-2024"
"220","Normal/Others","WS/MP18278/2024-2025/134670-Construction of boundary walls of existing public and community buildings","Chhattisgarh","JANJGIR-CHAMPA(DISTRICT COLLECTOR JANJGIR CHAMPA_IDA)","KAMLESH JANGDE","JANJGIR CHAMPA(SC)","Construction of community building in the Muslim locality.","05-Aug-2024","598982","17-Sep-2024"
"221","Normal/Others","WS/MP18278/2024-2025/134671-Construction of roads, link roads, pathways or any other road with or without drainage system","Chhattisgarh","JANJGIR-CHAMPA(DISTRICT COLLECTOR JANJGIR CHAMPA_IDA)","KAMLESH JANGDE","JANJGIR CHAMPA(SC)","CC Road- From the Godhan Raju ahead of the house.","05-Aug-2024","500000","21-Aug-2024"
"222","Normal/Others","WS/MP18278/2024-2025/134672-Construction of roads, link roads, pathways or any other road with or without drainage system","Chhattisgarh","JANJGIR-CHAMPA(DISTRICT COLLECTOR JANJGIR CHAMPA_IDA)","KAMLESH JANGDE","JANJGIR CHAMPA(SC)","CC Road- From the high school towards the Fair Ground","05-Aug-2024","991511","16-Aug-2024"
"223","Normal/Others","WS/MP18278/2024-2025/134673-Construction of roads, link roads, pathways or any other road with or without drainage system","Chhattisgarh","JANJGIR-CHAMPA(DISTRICT COLLECTOR JANJGIR CHAMPA_IDA)","KAMLESH JANGDE","JANJGIR CHAMPA(SC)","CC Road- From Jogiram house to Teejram house.","05-Aug-2024","499906","29-Aug-2024"
"224","Normal/Others","WS/MP18278/2024-2025/134674-Construction of roads, link roads, pathways or any other road with or without drainage system","Chhattisgarh","JANJGIR-CHAMPA(DISTRICT COLLECTOR JANJGIR CHAMPA_IDA)","KAMLESH JANGDE","JANJGIR CHAMPA(SC)","CC Road- Community Building to Patharri pond (Taalab).","05-Aug-2024","998000","28-Aug-2024"
"225","Normal/Others","WS/MP508/2024-2025/134677-Street lights","Tamil Nadu","TIRUVANNAMALAI(DISTRICT COLLECTOR TIRUVANNAMALAI_IDA)","CN Annadurai","TIRUVANNAMALAI","Providing High mast light at Melkaripur Panchayat at Thandarampet Block","05-Aug-2024","435000","21-Dec-2024"
"226","Normal/Others","WS/MP508/2024-2025/134680-Street lights","Tamil Nadu","TIRUVANNAMALAI(DISTRICT COLLECTOR TIRUVANNAMALAI_IDA)","CN Annadurai","TIRUVANNAMALAI","Providing High mast light at Sathanoor Panchayat at Thandarampet Block","05-Aug-2024","435000","21-Dec-2024"
"227","Normal/Others","WS/MP508/2024-2025/134684-Street lights","Tamil Nadu","TIRUVANNAMALAI(DISTRICT COLLECTOR TIRUVANNAMALAI_IDA)","CN Annadurai","TIRUVANNAMALAI","Providing High mast light at Devanampattu Panchayat at Thurinjapuram Block","05-Aug-2024","435000","21-Dec-2024"
"228","Normal/Others","WS/MP508/2024-2025/134687-Street lights","Tamil Nadu","TIRUVANNAMALAI(DISTRICT COLLECTOR TIRUVANNAMALAI_IDA)","CN Annadurai","TIRUVANNAMALAI","Providing High mast light at Che. Sorpanandal Panchayat at Chengam Block","05-Aug-2024","435000","12-Feb-2025"
"229","Normal/Others","WS/MP508/2024-2025/134688-Street lights","Tamil Nadu","TIRUVANNAMALAI(DISTRICT COLLECTOR TIRUVANNAMALAI_IDA)","CN Annadurai","TIRUVANNAMALAI","Providing High mast light at Che. Nachipattu Panchayat at Chengam Block","05-Aug-2024","435000","12-Feb-2025"
"230","Normal/Others","WS/MP508/2024-2025/134689-Street lights","Tamil Nadu","TIRUVANNAMALAI(DISTRICT COLLECTOR TIRUVANNAMALAI_IDA)","CN Annadurai","TIRUVANNAMALAI","Providing High mast light at Che. Kayampattu Panchayat at Chengam Block","05-Aug-2024","435000","12-Feb-2025"
"231","Normal/Others","WS/MP552/2024-2025/134699-Construction of footpaths and pedestrian ways","Bihar","PURBI CHAMPARAN(DISTRICT PLANNING OFFICER MOTHIHARI EAST CHAMPARAN_IDA)","Radha Mohan Singh","PURVI CHAMPARAN","Right inside the entrance of Gandhi Maidan, Motihari  Laying left paver block under Motihari nagar nigam Ward No.-33","05-Aug-2024","1491420","26-Sep-2024"
"232","Normal/Others","NA-Development of public parks","Bihar","PURBI CHAMPARAN(DISTRICT PLANNING OFFICER MOTHIHARI EAST CHAMPARAN_IDA)","Radha Mohan Singh","PURVI CHAMPARAN","MOTIHARI NAGAR KE MAHATMA GANDHI MARG ME CHARKHA PARK KE AAGE CHAURAHE PAR BAPU TOWER  EWAM CHABUTARA KA NIRMAN.","05-Aug-2024","1497500","NA"
"233","Normal/Others","NA-Development of public parks","Bihar","PURBI CHAMPARAN(DISTRICT PLANNING OFFICER MOTHIHARI EAST CHAMPARAN_IDA)","Radha Mohan Singh","PURVI CHAMPARAN","MOTIHARI NAGAR KE MAHATMA GANDHI MARG ME CHARKHA PARK KE AAGE CHAURAHE KA SAUNDRAYIKARAN EWAM VIKAS KARYA KA NIRMAN.","05-Aug-2024","1495500","NA"
"234","Normal/Others","WS/MP552/2024-2025/134702-Construction of common work sheds/ common covered sitting area","Bihar","PURBI CHAMPARAN(DISTRICT PLANNING OFFICER MOTHIHARI EAST CHAMPARAN_IDA)","Radha Mohan Singh","PURVI CHAMPARAN","SANGRAMPUR BAJAR ME SHEDYUKT CHABUTARA KE AAGE SHED KA NIRMAN.","05-Aug-2024","1363504","11-Sep-2024"
"235","Normal/Others","WS/MP18006/2024-2025/134703-Construction of roads, link roads, pathways or any other road with or without drainage system","Andhra Pradesh","CHITTOOR(DISTRICT COLLECTOR CHITTOOR_IDA)","DAGGUMALLA PRASADA RAO","CHITTOOR","Upgradation of Road from Madhavaram Village to Company Indlu of Madhavaram GP","05-Aug-2024","500000","23-Aug-2024"
"236","Normal/Others","WS/MP508/2025-2026/134707-Street lights","Tamil Nadu","Tirupathur(District Collector Tirupathur_IDA)","CN Annadurai","TIRUVANNAMALAI","Providing High mast light at Chinnakandili","05-Aug-2024","435000","21-Nov-2025"
"237","Normal/Others","WS/MP508/2025-2026/134708-Street lights","Tamil Nadu","Tirupathur(District Collector Tirupathur_IDA)","CN Annadurai","TIRUVANNAMALAI","Providing High mast light at Puliyur in Nellivasalnadu panchayat","05-Aug-2024","434956","20-Jun-2025"
"238","Normal/Others","WS/MP508/2025-2026/134709-Street lights","Tamil Nadu","Tirupathur(District Collector Tirupathur_IDA)","CN Annadurai","TIRUVANNAMALAI","Providing High mast light at Perumpalli in Pungampattunadu panchayat","05-Aug-2024","434956","20-Jun-2025"
"239","Normal/Others","WS/MP508/2025-2026/134710-Street lights","Tamil Nadu","Tirupathur(District Collector Tirupathur_IDA)","CN Annadurai","TIRUVANNAMALAI","Providing High mast light at Eswaran koil street at Tiruppathur Municipality","05-Aug-2024","435000","02-Jul-2025"
"240","Normal/Others","WS/MP508/2025-2026/134711-Street lights","Tamil Nadu","Tirupathur(District Collector Tirupathur_IDA)","CN Annadurai","TIRUVANNAMALAI","Providing High mast light at Tiruppathur ITI main road at Tirupathur Municipality","05-Aug-2024","435000","02-Jul-2025"
"241","Normal/Others","WS/MP18065/2025-2026/134736-Construction of buildings for multi-gym","Haryana","JHAJJAR(DEPUTY COMMISSIONER cum NODAL OFFICER MPLADS JHAJJAR)","DEEPENDER SINGH HOODA","ROHTAK","Const. of Kabaddi Hall near Shiv Mandir","05-Aug-2024","1000000","01-Sep-2025"
"242","Normal/Others","WS/MP18065/2024-2025/134737-Setting up public non-conventional energy plants","Haryana","REWARI(District Commissioner Rewari)","DEEPENDER SINGH HOODA","ROHTAK","Installation of Solar System at Jat Dharamshala","05-Aug-2024","800000","18-Oct-2024"
"243","Normal/Others","NA-Construction of community centers and community halls","Haryana","ROHTAK(DEPUTY COMMISSIONER ROHTAK_IDA)","DEEPENDER SINGH HOODA","ROHTAK","Development of Works in Vishwakarma Panchal Dharamshala, Bhiwani Road, Rohtak","05-Aug-2024","1100000","NA"
"244","Normal/Others","WS/MP18065/2024-2025/134739-Construction of community centers and community halls","Haryana","JHAJJAR(DEPUTY COMMISSIONER cum NODAL OFFICER MPLADS JHAJJAR)","DEEPENDER SINGH HOODA","ROHTAK","Comp. of Jogi wali Choupal","05-Aug-2024","500000","09-Dec-2024"
"245","Normal/Others","WS/MP18065/2025-2026/134740-Construction of community centers and community halls","Haryana","ROHTAK(DEPUTY COMMISSIONER ROHTAK_IDA)","DEEPENDER SINGH HOODA","ROHTAK","Const. of Hall near Gorakh Nath Mandir on Panchayat land","05-Aug-2024","1100000","04-Aug-2025"
"246","Normal/Others","WS/MP18065/2024-2025/134741-Construction of boundary walls of existing public and community buildings","Haryana","JHAJJAR(DEPUTY COMMISSIONER cum NODAL OFFICER MPLADS JHAJJAR)","DEEPENDER SINGH HOODA","ROHTAK","Construction of Boundary wall of Nirwala Johar in Majra - B, Block Beri (Jjr) (9306774530)","05-Aug-2024","500000","05-Nov-2024"
"247","Normal/Others","WS/MP18065/2024-2025/134742-Construction of community centers and community halls","Haryana","JHAJJAR(DEPUTY COMMISSIONER cum NODAL OFFICER MPLADS JHAJJAR)","DEEPENDER SINGH HOODA","ROHTAK","Const. of Hall in Guru Ravi Das Dharamshala near Ambedkar Chowk","05-Aug-2024","1100000","04-Mar-2025"
"248","Normal/Others","WS/MP485/2024-2025/134780-Street lights","West Bengal","South 24 Parganas(DISTRICT MAGISTRATE SOUTH TWENTY FOUR PARGANAS_IDA)","Pratima Mondal","JOYNAGAR(SC)","Installation of Solar High Mast Light Near  Kishori Mohanpur State Plan F.P School More, Plot No - 1979, Khatiyan No - 1870, JL.NO - 51, Mouza - Kishori Mohanpur","06-Aug-2024","227446","09-Dec-2024"
"249","Normal/Others","WS/MP485/2024-2025/134781-Street lights","West Bengal","South 24 Parganas(DISTRICT MAGISTRATE SOUTH TWENTY FOUR PARGANAS_IDA)","Pratima Mondal","JOYNAGAR(SC)","Installation of Solar High Mast Light Near Nagenabad Muslim Para Jetty Ghat, Plot No - 342, Khatiyan No - 3051, JL No - 47, Mouza - Baikunthapur","06-Aug-2024","227446","09-Dec-2024"
"250","Normal/Others","WS/MP485/2024-2025/134782-Street lights","West Bengal","South 24 Parganas(DISTRICT MAGISTRATE SOUTH TWENTY FOUR PARGANAS_IDA)","Pratima Mondal","JOYNAGAR(SC)","Installation of Solar High Mast Light Near  Purba Gurguria Nuraniya Masjid,Plot No - 1126/1133, Khatiyan No - 2890,JL No - 163/43,Mouza - Purba Gurguriya","06-Aug-2024","227446","09-Dec-2024"
"251","Normal/Others","WS/MP485/2024-2025/134783-Street lights","West Bengal","South 24 Parganas(DISTRICT MAGISTRATE SOUTH TWENTY FOUR PARGANAS_IDA)","Pratima Mondal","JOYNAGAR(SC)","Installation of Solar High Mast Light Near Purba Debipur Sanir More, Plot No - 2730, Khatiyan No - 1, JL No - 163/45, Mouza - Debipur","06-Aug-2024","227446","09-Dec-2024"
"252","Normal/Others","WS/MP485/2024-2025/134784-Street lights","West Bengal","South 24 Parganas(DISTRICT MAGISTRATE SOUTH TWENTY FOUR PARGANAS_IDA)","Pratima Mondal","JOYNAGAR(SC)","Installation of Solar High Mast Light Near Deulbari Jarjer Hat Bazar, Plot No - 1153, Khatiyan No - 2, JL No - 40, Mouza - Deulbari","06-Aug-2024","227446","09-Dec-2024"
"253","Normal/Others","WS/MP485/2024-2025/134785-Street lights","West Bengal","South 24 Parganas(DISTRICT MAGISTRATE SOUTH TWENTY FOUR PARGANAS_IDA)","Pratima Mondal","JOYNAGAR(SC)","Installation of Solar High Mast Light Near Kantamari Madhabpur Sekh Para Jame Masjid, Plot No - 1482, Khatiyan No - 533, JL No - 28, Mouza - Madhabpur","06-Aug-2024","227469","09-Dec-2024"
"254","Normal/Others","WS/MP485/2024-2025/134786-Street lights","West Bengal","South 24 Parganas(DISTRICT MAGISTRATE SOUTH TWENTY FOUR PARGANAS_IDA)","Pratima Mondal","JOYNAGAR(SC)","Installation of Solar High Mast Light Near Sankijahan Coloni Bazar, Plot No - 745, Khatiyan No - 19, JL No - 156/27, Mouza - Sankijahan","06-Aug-2024","227469","09-Dec-2024"
"255","Normal/Others","WS/MP485/2024-2025/134787-Street lights","West Bengal","South 24 Parganas(DISTRICT MAGISTRATE SOUTH TWENTY FOUR PARGANAS_IDA)","Pratima Mondal","JOYNAGAR(SC)","Installation of Solar High Mast Light Near Hajir Hat More, Plot No - 1223, Khatiyan No - 120, JL NO - 153/26, Mouza - Gopalgunj","06-Aug-2024","227469","09-Dec-2024"
"256","Normal/Others","WS/MP485/2024-2025/134788-Street lights","West Bengal","South 24 Parganas(DISTRICT MAGISTRATE SOUTH TWENTY FOUR PARGANAS_IDA)","Pratima Mondal","JOYNAGAR(SC)","Installation of Solar High Mast Light Near Bamunerchak Dharmaraj Mandir, Plot No -8549,Khatiyan No -1270, JL No -136/20, Mouza - Jalaberia","06-Aug-2024","227469","09-Dec-2024"
"257","Normal/Others","WS/MP485/2024-2025/134789-Street lights","West Bengal","South 24 Parganas(DISTRICT MAGISTRATE SOUTH TWENTY FOUR PARGANAS_IDA)","Pratima Mondal","JOYNAGAR(SC)","Installation of Solar High Mast Light Near Tapan Halder House, Plot No -5190, Khatiyan No -1320, JL No -136/20, Mouza -Jalaberia","06-Aug-2024","227469","09-Dec-2024"
"258","Normal/Others","WS/MP485/2024-2025/134790-Street lights","West Bengal","South 24 Parganas(DISTRICT MAGISTRATE SOUTH TWENTY FOUR PARGANAS_IDA)","Pratima Mondal","JOYNAGAR(SC)","Installation of Solar High Mast Light Near Kaorakhali Hedayetul Islam Jame Masjid, Plot No -6761, Khatiyan No -6781, JL No -21, Mouza - Kaorakhali","06-Aug-2024","227469","09-Dec-2024"
"259","Normal/Others","WS/MP485/2024-2025/134791-Street lights","West Bengal","South 24 Parganas(DISTRICT MAGISTRATE SOUTH TWENTY FOUR PARGANAS_IDA)","Pratima Mondal","JOYNAGAR(SC)","Installation of Solar High Mast Light Near Paschim Jamtala Nimtala Mandir, Plot No - 50, Khatiyan No -2400, JL No -23, Mouza - Jamtala","06-Aug-2024","227469","09-Dec-2024"
"260","Normal/Others","WS/MP485/2024-2025/134792-Street lights","West Bengal","South 24 Parganas(DISTRICT MAGISTRATE SOUTH TWENTY FOUR PARGANAS_IDA)","Pratima Mondal","JOYNAGAR(SC)","Installation of Solar High Mast Light Near Kirtankhola Firuja Gazir More, Plot No -83, Khatiyan No -164/2, JL No- 131, Mouza - Kirtankhola","06-Aug-2024","227469","09-Dec-2024"
"261","Normal/Others","WS/MP485/2024-2025/134793-Street lights","West Bengal","South 24 Parganas(DISTRICT MAGISTRATE SOUTH TWENTY FOUR PARGANAS_IDA)","Pratima Mondal","JOYNAGAR(SC)","Installation of Solar High Mast Light Near Ambikanagar Kali Mandir, Plot No - 200, Khatiyan No -24, JL No -15, Mouza - Ambikanagar","06-Aug-2024","227469","09-Dec-2024"
"262","Normal/Others","WS/MP681/2024-2025/134797-Construction of community centers and community halls","Maharashtra","PARBHANI(DISTRICT COLLECTOR PARBHANI_IDA)","Sanjay Haribhau Jadhav","PARBHANI","Construction of Sabhamandap at Simangaon Tal. Sailu Dist. Parbhani","06-Aug-2024","997623","09-Sep-2024"
"263","Normal/Others","WS/MP681/2024-2025/134798-Construction of community centers and community halls","Maharashtra","PARBHANI(DISTRICT COLLECTOR PARBHANI_IDA)","Sanjay Haribhau Jadhav","PARBHANI","Construction of Sabhamandap at Kawaddhan Tal. Sailu Dist. Parbhani (under SC fund)","06-Aug-2024","998788","03-Oct-2024"
"264","Normal/Others","WS/MP681/2024-2025/134799-Construction of community centers and community halls","Maharashtra","PARBHANI(DISTRICT COLLECTOR PARBHANI_IDA)","Sanjay Haribhau Jadhav","PARBHANI","Construction of Sabhamandap at Mhalsapur Tal. Sailu Dist. Parbhani","06-Aug-2024","999356","27-Sep-2024"
"265","Normal/Others","WS/MP681/2024-2025/134800-Construction of community centers and community halls","Maharashtra","PARBHANI(DISTRICT COLLECTOR PARBHANI_IDA)","Sanjay Haribhau Jadhav","PARBHANI","Construction of Sabhamandap at Nirwadi Khurd Tal. Sailu Dist. Parbhani","06-Aug-2024","999753","27-Sep-2024"
"266","Normal/Others","WS/MP681/2024-2025/134801-Construction of community centers and community halls","Maharashtra","PARBHANI(DISTRICT COLLECTOR PARBHANI_IDA)","Sanjay Haribhau Jadhav","PARBHANI","Construction of Sabhamandap at at Chicholi Kale Tal.Jintur Dist. Parbhani","06-Aug-2024","999978","11-Oct-2024"
"267","Normal/Others","WS/MP681/2024-2025/134802-Construction of community centers and community halls","Maharashtra","PARBHANI(DISTRICT COLLECTOR PARBHANI_IDA)","Sanjay Haribhau Jadhav","PARBHANI","Construction of Sabhamandap at Wassa Tal. Jintur Dist. Parbhani (under SC fund)","06-Aug-2024","1493920","27-Sep-2024"
"268","Normal/Others","WS/MP681/2024-2025/134803-Construction of community centers and community halls","Maharashtra","PARBHANI(DISTRICT COLLECTOR PARBHANI_IDA)","Sanjay Haribhau Jadhav","PARBHANI","Construction of Sabhamandap at Itoli  Tal. Jintur Dist. Parbhani (under SC fund)","06-Aug-2024","999904","27-Sep-2024"
"269","Normal/Others","WS/MP681/2024-2025/134804-Construction of community centers and community halls","Maharashtra","PARBHANI(DISTRICT COLLECTOR PARBHANI_IDA)","Sanjay Haribhau Jadhav","PARBHANI","Construction of Sabhamandap at Sakhartala Tal. Jintur  Dist. Parbhani (under ST fund)","06-Aug-2024","999896","03-Oct-2024"
"270","Normal/Others","WS/MP681/2024-2025/134805-Construction of community centers and community halls","Maharashtra","PARBHANI(DISTRICT COLLECTOR PARBHANI_IDA)","Sanjay Haribhau Jadhav","PARBHANI","Construction of Sabhamandap at Ayasha Colony, Sailu  Tal. Sailu Dist. Parbhani","06-Aug-2024","999711","09-Oct-2024"
"271","Normal/Others","WS/MP485/2024-2025/134826-Installing community drinking water plants","West Bengal","South 24 Parganas(DISTRICT MAGISTRATE SOUTH TWENTY FOUR PARGANAS_IDA)","Pratima Mondal","JOYNAGAR(SC)","Construction of Water Supply System With Submersible Pump and Overhead Tank Near Rafikul Laskar House, Plot No - 77, Khatiyan No - 5467, JL No - 07, Mouza -Benimadhabpur","06-Aug-2024","312408","09-Dec-2024"
"272","Normal/Others","WS/MP485/2024-2025/134827-Installing community drinking water plants","West Bengal","South 24 Parganas(DISTRICT MAGISTRATE SOUTH TWENTY FOUR PARGANAS_IDA)","Pratima Mondal","JOYNAGAR(SC)","Construction of Water Supply System With Submersible Pump and Overhead Tank Near Gofur Sekh House, Plot No - 3270, Khatiyan No - 1, JL No - 06, Mouza - Merigunj","06-Aug-2024","310393","09-Dec-2024"
"273","Normal/Others","WS/MP485/2024-2025/134828-Street lights","West Bengal","South 24 Parganas(DISTRICT MAGISTRATE SOUTH TWENTY FOUR PARGANAS_IDA)","Pratima Mondal","JOYNAGAR(SC)","Installation of Solar High Mast Light Near 8 No Jame Masjid, Plot No -937, Khatiyan No - 1411, JL No - 20,Mouza -Purba Tentulberia","06-Aug-2024","227469","09-Dec-2024"
"274","Normal/Others","WS/MP485/2024-2025/134829-Street lights","West Bengal","South 24 Parganas(DISTRICT MAGISTRATE SOUTH TWENTY FOUR PARGANAS_IDA)","Pratima Mondal","JOYNAGAR(SC)","Installation of Solar High Mast Light Near Purba Shyamnagar More, Plot No - 412, Khatiyan No - 20, JL No - 18, Mouza - Purba Shyamnagar","06-Aug-2024","227446","09-Dec-2024"
"275","Normal/Others","WS/MP485/2024-2025/134837-Street lights","West Bengal","South 24 Parganas(DISTRICT MAGISTRATE SOUTH TWENTY FOUR PARGANAS_IDA)","Pratima Mondal","JOYNAGAR(SC)","Installation of Solar High Mast Light Near Garibari 4 No Masjid, Plot No -11, Khatiyan No -19, JL No -145, Mouza - Nalgora","06-Aug-2024","250000","19-Mar-2025"
"276","Normal/Others","WS/MP485/2024-2025/134838-Street lights","West Bengal","South 24 Parganas(DISTRICT MAGISTRATE SOUTH TWENTY FOUR PARGANAS_IDA)","Pratima Mondal","JOYNAGAR(SC)","Installation of Solar High Mast Light Near 7 No Sonatikari Narayani Club, Plot No - 42, Khatiyan No -1179, JL No -146, Mouza - Sonatikari","06-Aug-2024","250000","19-Mar-2025"
"277","Normal/Others","WS/MP492/2024-2025/134981-Construction of bus-sheds or bus-stops","Uttar Pradesh","SHAHJAHANPUR(DISTRICT MAGISTRAE SHAHJAHANAPUR_IDA)","Shri Arun Kumar Sagar","SHAHJAHANPUR(SC)","15 Yatri Tin/Bus shades List for rural and Urban Areas as per enclosed List","07-Aug-2024","9900000","28-Aug-2024"
"278","Normal/Others","WS/MP492/2024-2025/134984-Lighting of public spaces","Uttar Pradesh","SHAHJAHANPUR(DISTRICT MAGISTRAE SHAHJAHANAPUR_IDA)","Shri Arun Kumar Sagar","SHAHJAHANPUR(SC)","Installation of 156 LED Highmast Lights for Rural and Urban areas as per enclosed List","07-Aug-2024","37908000","28-Aug-2024"
"279","Normal/Others","WS/MP18271/2025-2026/135003-Lighting of public spaces","West Bengal","Cooch Behar(DISTRICT MAGISTRATE COOCHBEHAR_IDA)","JAGADISH CHANDRA BARMA BASUNIA","COOCHBEHAR(SC)","Installation for the single unit Mini High Mast Solar Lightening system with 4x200 WP SPV Module, Four nos 60W Semi Integrated Street light with 60Ah Li-ion cell at Adabari Manchhur Ali High School of Kisamat Adabari Mouza under Adabari Gram Panchayat of District Coochbehar.","17-Feb-2025","586716","11-Sep-2025"
"280","Normal/Others","WS/MP18271/2025-2026/135004-Lighting of public spaces","West Bengal","Cooch Behar(DISTRICT MAGISTRATE COOCHBEHAR_IDA)","JAGADISH CHANDRA BARMA BASUNIA","COOCHBEHAR(SC)","Installation for the single unit Mini High Mast Solar Lightening system with 4x200 WP SPV Module, Four nos 60W Semi Integrated Street light with 60Ah Li-ion cell at Balarampur High School of Balarampur Mouza under Balarampur-I Gram Panchayat of District Coochbehar.","17-Feb-2025","586716","27-Aug-2025"
"281","Normal/Others","WS/MP18271/2025-2026/135005-Lighting of public spaces","West Bengal","Cooch Behar(DISTRICT MAGISTRATE COOCHBEHAR_IDA)","JAGADISH CHANDRA BARMA BASUNIA","COOCHBEHAR(SC)","Installation for the single unit Mini High Mast Solar Lightening system with 4x200 WP SPV Module, Four nos 60W Semi Integrated Street light with 60Ah Li-ion cell at Chilakhana High School of Chilakhana Mouza under Chilakhana-I Gram Panchayat of District Coochbehar","17-Feb-2025","586716","27-Aug-2025"
"282","Normal/Others","WS/MP18271/2025-2026/135006-Lighting of public spaces","West Bengal","Cooch Behar(DISTRICT MAGISTRATE COOCHBEHAR_IDA)","JAGADISH CHANDRA BARMA BASUNIA","COOCHBEHAR(SC)","Installation for the single unit Mini High Mast Solar Lightening system with 4x200 WP SPV Module, Four nos 60W Semi Integrated Street light with 60Ah Li-ion cell at Natabari High School of Natabari Gram Panchayat of District Coochbehar.","17-Feb-2025","586716","27-Aug-2025"
"283","Normal/Others","WS/MP18271/2025-2026/135007-Lighting of public spaces","West Bengal","Cooch Behar(DISTRICT MAGISTRATE COOCHBEHAR_IDA)","JAGADISH CHANDRA BARMA BASUNIA","COOCHBEHAR(SC)","Installation for the single unit Mini High Mast Solar Lightening system with 4x200 WP SPV Module, Four nos 60W Semi Integrated Street light with 60Ah Li-ion cell at Panishala High School of Panishala Gram Panchayat of District Coochbehar.","17-Feb-2025","586716","27-Aug-2025"
"284","Normal/Others","WS/MP18271/2025-2026/135008-Lighting of public spaces","West Bengal","Cooch Behar(DISTRICT MAGISTRATE COOCHBEHAR_IDA)","JAGADISH CHANDRA BARMA BASUNIA","COOCHBEHAR(SC)","Installation for the single unit Mini High Mast Solar Lightening system with 4x200 WP SPV Module, Four nos 60W Semi Integrated Street light with 60Ah Li-ion cell at Gopalpur High School of Gopalpur Gram Panchayat of District Coochbehar.","17-Feb-2025","586716","11-Sep-2025"
"285","Normal/Others","WS/MP18271/2025-2026/135009-Lighting of public spaces","West Bengal","Cooch Behar(DISTRICT MAGISTRATE COOCHBEHAR_IDA)","JAGADISH CHANDRA BARMA BASUNIA","COOCHBEHAR(SC)","Installation for the single unit Mini High Mast Solar Lightening system with 4x200 WP SPV Module, Four nos 60W Semi Integrated Street light with 60Ah Li-ion cell at Baneswar Khabsa High School of Baneswar Gram Panchayat of District Coochbehar.","17-Feb-2025","586716","11-Sep-2025"
"286","Normal/Others","WS/MP18271/2025-2026/135010-Lighting of public spaces","West Bengal","Cooch Behar(DISTRICT MAGISTRATE COOCHBEHAR_IDA)","JAGADISH CHANDRA BARMA BASUNIA","COOCHBEHAR(SC)","Installation for the single unit Mini High Mast Solar Lightening system with 4x200 WP SPV Module, Four nos 60W Semi Integrated Street light with 60Ah Li-ion cell at Manindra Nath  High School of Khagrabari Gram Panchayat of District Coochbehar.","17-Feb-2025","586716","11-Sep-2025"
"287","Normal/Others","WS/MP18271/2025-2026/135011-Lighting of public spaces","West Bengal","Cooch Behar(DISTRICT MAGISTRATE COOCHBEHAR_IDA)","JAGADISH CHANDRA BARMA BASUNIA","COOCHBEHAR(SC)","Installation for the single unit Mini High Mast Solar Lightening system with 4x200 WP SPV Module, Four nos 60W Semi Integrated Street light with 60Ah Li-ion cell at Khapaidanga Joykanta  High School of Khapaidanga Gram Panchayat of District Coochbehar.","17-Feb-2025","586716","11-Sep-2025"
"288","Normal/Others","WS/MP18271/2025-2026/135012-Lighting of public spaces","West Bengal","Cooch Behar(DISTRICT MAGISTRATE COOCHBEHAR_IDA)","JAGADISH CHANDRA BARMA BASUNIA","COOCHBEHAR(SC)","Installation for the single unit Mini High Mast Solar Lightening system with 4x200 WP SPV Module, Four nos 60W Semi Integrated Street light with 60Ah Li-ion cell at Dewanhat High School of Dewanhat Gram Panchayat of District Coochbehar.","17-Feb-2025","586716","27-Aug-2025"
"289","Normal/Others","WS/MP345/2024-2025/135013-Construction of buildings for community cultural activities","Kerala","KOLLAM(DISTRICT COLLECTOR KOLLAM_IDA)","Shri NK Premachandran","KOLLAM","Construction of Building for Kadamancode ST Gothra Kalalaya Samskarika Granthasala, Kadamancodu ward 12 in Kulathupuzha GP in Punalur Constituency","08-Aug-2024","2500000","13-Mar-2025"
"290","Normal/Others","WS/MP345/2024-2025/135014-Construction of public libraries and reading rooms","Kerala","KOLLAM(DISTRICT COLLECTOR KOLLAM_IDA)","Shri NK Premachandran","KOLLAM","Construction of Reading room High Range Arts and Sports Club Kulathupuzha GP in Anchal BP","08-Aug-2024","1000000","13-Mar-2025"
"291","Normal/Others","WS/MP345/2024-2025/135018-Construction of community centers and community halls","Kerala","KOLLAM(DISTRICT COLLECTOR KOLLAM_IDA)","Shri NK Premachandran","KOLLAM","Construction of Auditorium for Cherukara Scheduled Tribe Settlement Colony in Kulathupuzha GP in Punalur Constituency (ST)","08-Aug-2024","3000000","13-Mar-2025"
"292","Normal/Others","WS/MP345/2024-2025/135019-Construction of buildings for crèches and anganwadies","Kerala","KOLLAM(DISTRICT COLLECTOR KOLLAM_IDA)","Shri NK Premachandran","KOLLAM","Construction of Anganwadi at Peruvazhikala ST Colony in Ward No. 6 in Kulathupuzha GP in Punalur Constituency (ST)","08-Aug-2024","2479478.34","13-Mar-2025"
"293","Normal/Others","WS/MP345/2024-2025/135021-Construction of bus-sheds or bus-stops","Kerala","KOLLAM(DISTRICT COLLECTOR KOLLAM_IDA)","Shri NK Premachandran","KOLLAM","Construction of Bus waiting shed at Kadamancode ward No. 12 in Kulathupuzha GP in Punalur Constituency (ST)","08-Aug-2024","500000","13-Mar-2025"
"294","Normal/Others","WS/MP18271/2025-2026/135160-Lighting of public spaces","West Bengal","Cooch Behar(DISTRICT MAGISTRATE COOCHBEHAR_IDA)","JAGADISH CHANDRA BARMA BASUNIA","COOCHBEHAR(SC)","Installation for the single unit Mini High Mast Solar Lightening system with 4x200 WP SPV Module, Four nos 60W Semi Integrated Street light with 60Ah Li-ion cell at Patlakhawa High School of Patlakhawa Gram Panchayat of District Coochbehar.","17-Feb-2025","586716","11-Sep-2025"
"295","Normal/Others","WS/MP18271/2025-2026/135163-Lighting of public spaces","West Bengal","Cooch Behar(DISTRICT MAGISTRATE COOCHBEHAR_IDA)","JAGADISH CHANDRA BARMA BASUNIA","COOCHBEHAR(SC)","Installation for the single unit Mini High Mast Solar Lightening system with 4x200 WP SPV Module, Four nos 60W Semi Integrated Street light with 60Ah Li-ion cell at Pran Nath High School of Chandamari Gram Panchayat of District Coochbehar.","17-Feb-2025","586716","27-Aug-2025"
"296","Normal/Others","WS/MP18271/2025-2026/135164-Lighting of public spaces","West Bengal","Cooch Behar(DISTRICT MAGISTRATE COOCHBEHAR_IDA)","JAGADISH CHANDRA BARMA BASUNIA","COOCHBEHAR(SC)","Installation for the single unit Mini High Mast Solar Lightening system with 4x200 WP SPV Module, Four nos 60W Semi Integrated Street light with 60Ah Li-ion cell at Suktabari State High Madrasah of Suktabari Gram Panchayat of District Coochbehar.","17-Feb-2025","586716","27-Aug-2025"
"297","Normal/Others","WS/MP18271/2025-2026/135165-Lighting of public spaces","West Bengal","Cooch Behar(DISTRICT MAGISTRATE COOCHBEHAR_IDA)","JAGADISH CHANDRA BARMA BASUNIA","COOCHBEHAR(SC)","Installation for the single unit Mini High Mast Solar Lightening system with 4x200 WP SPV Module, Four nos 60W Semi Integrated Street light with 60Ah Li-ion cell at Suktabari Markaz of Suktabari Gram Panchayat of District Coochbehar.","17-Feb-2025","586716","27-Aug-2025"
"298","Normal/Others","WS/MP18271/2025-2026/135166-Lighting of public spaces","West Bengal","Cooch Behar(DISTRICT MAGISTRATE COOCHBEHAR_IDA)","JAGADISH CHANDRA BARMA BASUNIA","COOCHBEHAR(SC)","Installation for the single unit Mini High Mast Solar Lightening system with 4x200 WP SPV Module, Four nos 60W Semi Integrated Street light with 60Ah Li-ion cell at Ghughumari High School of Ghughumari Gram Panchayat of District Coochbehar.","17-Feb-2025","586716","27-Aug-2025"
"299","Normal/Others","WS/MP18278/2024-2025/135168-Street lights","Chhattisgarh","JANJGIR-CHAMPA(DISTRICT COLLECTOR JANJGIR CHAMPA_IDA)","KAMLESH JANGDE","JANJGIR CHAMPA(SC)","Highmast solar Street light- Two piece","11-Aug-2024","993000","25-Sep-2024"
"300","Normal/Others","WS/MP18278/2024-2025/135169-Street lights","Chhattisgarh","JANJGIR-CHAMPA(DISTRICT COLLECTOR JANJGIR CHAMPA_IDA)","KAMLESH JANGDE","JANJGIR CHAMPA(SC)","Highmast  Solar Street light- Two Piece","11-Aug-2024","993000","25-Sep-2024"
"301","Normal/Others","WS/MP18278/2024-2025/135170-Street lights","Chhattisgarh","JANJGIR-CHAMPA(DISTRICT COLLECTOR JANJGIR CHAMPA_IDA)","KAMLESH JANGDE","JANJGIR CHAMPA(SC)","Highmast Solar Street light- Two Piece.","11-Aug-2024","993000","25-Sep-2024"
"302","Normal/Others","WS/MP18271/2025-2026/135171-Lighting of public spaces","West Bengal","Cooch Behar(DISTRICT MAGISTRATE COOCHBEHAR_IDA)","JAGADISH CHANDRA BARMA BASUNIA","COOCHBEHAR(SC)","Installation for the single unit Mini High Mast Solar Lightening system with 4x200 WP SPV Module, Four nos 60W Semi Integrated Street light with 60Ah Li-ion cell at Nayarhat  High School of Gobra Chhara Nayarhat Gram Panchayat of District Coochbehar.","17-Feb-2025","586716","27-Aug-2025"
"303","Normal/Others","WS/MP18271/2025-2026/135172-Lighting of public spaces","West Bengal","Cooch Behar(DISTRICT MAGISTRATE COOCHBEHAR_IDA)","JAGADISH CHANDRA BARMA BASUNIA","COOCHBEHAR(SC)","Installation for the single unit Mini High Mast Solar Lightening system with 4x200 WP SPV Module, Four nos 60W Semi Integrated Street light with 60Ah Li-ion cell at Sukarurkuthi High School of Sukarur kuthi Gram Panchayat of District Coochbehar.","17-Feb-2025","586716","27-Aug-2025"
"304","Normal/Others","WS/MP18271/2025-2026/135173-Lighting of public spaces","West Bengal","Cooch Behar(DISTRICT MAGISTRATE COOCHBEHAR_IDA)","JAGADISH CHANDRA BARMA BASUNIA","COOCHBEHAR(SC)","Installation for the single unit Mini High Mast Solar Lightening system with 4x200 WP SPV Module, Four nos 60W Semi Integrated Street light with 60Ah Li-ion cell at Sahebganj High School of Sahebganj Gram Panchayat of District Coochbehar.","17-Feb-2025","586716","27-Aug-2025"
"305","Normal/Others","WS/MP18271/2025-2026/135174-Lighting of public spaces","West Bengal","Cooch Behar(DISTRICT MAGISTRATE COOCHBEHAR_IDA)","JAGADISH CHANDRA BARMA BASUNIA","COOCHBEHAR(SC)","Installation for the single unit Mini High Mast Solar Lightening system with 4x200 WP SPV Module, Four nos 60W Semi Integrated Street light with 60Ah Li-ion cell at Chamta Adarsha High School of Chamta Gram Panchayatunder Sitai block of District Coochbehar.","17-Feb-2025","586716","11-Sep-2025"
"306","Normal/Others","WS/MP18271/2025-2026/135175-Lighting of public spaces","West Bengal","Cooch Behar(DISTRICT MAGISTRATE COOCHBEHAR_IDA)","JAGADISH CHANDRA BARMA BASUNIA","COOCHBEHAR(SC)","Installation for the single unit Mini High Mast Solar Lightening system with 4x200 WP SPV Module, Four nos 60W Semi Integrated Street light with 60Ah Li-ion cell at Sitai High School of -Sitai-I Gram Panchayat of District Coochbehar.","17-Feb-2025","586716","11-Sep-2025"
"307","Normal/Others","WS/MP18271/2025-2026/135176-Lighting of public spaces","West Bengal","Cooch Behar(DISTRICT MAGISTRATE COOCHBEHAR_IDA)","JAGADISH CHANDRA BARMA BASUNIA","COOCHBEHAR(SC)","Installation for the single unit Mini High Mast Solar Lightening system with 4x200 WP SPV Module, Four nos 60W Semi Integrated Street light with 60Ah Li-ion cell at  Gasanimari High School of Gosanimari Gram Panchayat of District Coochbehar.","17-Feb-2025","586716","11-Sep-2025"
"308","Normal/Others","WS/MP18271/2025-2026/135177-Lighting of public spaces","West Bengal","Cooch Behar(DISTRICT MAGISTRATE COOCHBEHAR_IDA)","JAGADISH CHANDRA BARMA BASUNIA","COOCHBEHAR(SC)","Installation for the single unit Mini High Mast Solar Lightening system with 4x200 WP SPV Module, Four nos 60W Semi Integrated Street light with 60Ah Li-ion cell at  Baromaricha Delwar Hossain High School of Lalbazar Gram Panchayat under Sitalkuchi Block of District Coochbehar.","17-Feb-2025","586716","11-Sep-2025"
"309","Normal/Others","WS/MP858/2024-2025/135178-Construction of roads, link roads, pathways or any other road with or without drainage system","West Bengal","PURBA BARDHAMAN(DISTRICT MAGISTRATE PURBA BARDHAMAN_IDA)","Asit Kumar Mal","BOLPUR(SC)","Construction of cc road from sanasai das bairagya house to Santiram ghose house at paligram gp ,Executing Agency  will be EO Mongalkote Panchyaet Samity.","08-Aug-2024","508980","22-Nov-2024"
"310","Normal/Others","WS/MP18271/2025-2026/135179-Lighting of public spaces","West Bengal","Cooch Behar(DISTRICT MAGISTRATE COOCHBEHAR_IDA)","JAGADISH CHANDRA BARMA BASUNIA","COOCHBEHAR(SC)","Installation for the single unit Mini High Mast Solar Lightening system with 4x200 WP SPV Module, Four nos 60W Semi Integrated Street light with 60Ah Li-ion cell at  Sitalkuchi High School of Sitalkuchi Gram Panchayat under Sitalkuchi Block of District Coochbehar.","17-Feb-2025","586716","11-Sep-2025"
"311","Normal/Others","WS/MP18271/2025-2026/135180-Lighting of public spaces","West Bengal","Cooch Behar(DISTRICT MAGISTRATE COOCHBEHAR_IDA)","JAGADISH CHANDRA BARMA BASUNIA","COOCHBEHAR(SC)","Installation for the single unit Mini High Mast Solar Lightening system with 4x200 WP SPV Module, Four nos 60W Semi Integrated Street light with 60Ah Li-ion cell at  Jorepatki High School of Jorepatki Gram Panchayat under Mathabhanga-I Block of District Coochbehar.","17-Feb-2025","586716","27-Aug-2025"
"312","Normal/Others","WS/MP18271/2025-2026/135181-Lighting of public spaces","West Bengal","Cooch Behar(DISTRICT MAGISTRATE COOCHBEHAR_IDA)","JAGADISH CHANDRA BARMA BASUNIA","COOCHBEHAR(SC)","Installation for the single unit Mini High Mast Solar Lightening system with 4x200 WP SPV Module, Four nos 60W Semi Integrated Street light with 60Ah Li-ion cell at  Shikarpur High School of Shikarpur Gram Panchayat under Mathabhanga-I Block of District Coochbehar","17-Feb-2025","586716","27-Aug-2025"
"313","Normal/Others","WS/MP18271/2025-2026/135182-Lighting of public spaces","West Bengal","Cooch Behar(DISTRICT MAGISTRATE COOCHBEHAR_IDA)","JAGADISH CHANDRA BARMA BASUNIA","COOCHBEHAR(SC)","Installation for the single unit Mini High Mast Solar Lightening system with 4x200 WP SPV Module, Four nos 60 W Semi Integrated Street light with 60Ah Li-ion cell at  Hazrahat Harish Chandra High School of Hazrahat-I Gram Panchayat under Mathabhanga-I Block of District Coochbehar.","17-Feb-2025","586716","27-Aug-2025"
"314","Normal/Others","WS/MP18271/2025-2026/135183-Lighting of public spaces","West Bengal","Cooch Behar(DISTRICT MAGISTRATE COOCHBEHAR_IDA)","JAGADISH CHANDRA BARMA BASUNIA","COOCHBEHAR(SC)","Installation for the single unit Mini High Mast Solar Lightening system with 4x200 WP SPV Module, Four nos 60 W Semi Integrated Street light with 60Ah Li-ion cell at  Ghoksadanga Pramanik High School of Ghokshadanga Gram Panchayat under Mathabhanga-II Block of District Coochbehar.","17-Feb-2025","586716","27-Aug-2025"
"315","Normal/Others","WS/MP18271/2025-2026/135184-Lighting of public spaces","West Bengal","Cooch Behar(DISTRICT MAGISTRATE COOCHBEHAR_IDA)","JAGADISH CHANDRA BARMA BASUNIA","COOCHBEHAR(SC)","Installation for the single unit Mini High Mast Solar Lightening system with 4x200 WP SPV Module, Four nos 60 W Semi Integrated Street light with 60Ah Li-ion cell at  Nishiganj Nishimoyee High School of Nishiganj-I Gram Panchayat under Mathabhanga-II Block of District Coochbehar.","17-Feb-2025","586716","27-Aug-2025"
"316","Normal/Others","WS/MP18271/2025-2026/135185-Lighting of public spaces","West Bengal","Cooch Behar(DISTRICT MAGISTRATE COOCHBEHAR_IDA)","JAGADISH CHANDRA BARMA BASUNIA","COOCHBEHAR(SC)","Installation for the single unit Mini High Mast Solar Lightening system with 4x200 WP SPV Module, Four nos 60 W Semi Integrated Street light with 60Ah Li-ion cell at  Fulbari High School of Fulbari Gram Panchayat under Mathabhanga-II Block of District Coochbehar.","17-Feb-2025","586716","27-Aug-2025"
"317","Normal/Others","WS/MP858/2024-2025/135206-Construction of roads, link roads, pathways or any other road with or without drainage system","West Bengal","PURBA BARDHAMAN(DISTRICT MAGISTRATE PURBA BARDHAMAN_IDA)","Asit Kumar Mal","BOLPUR(SC)","Construction of CCroad from Panja pukur to moltalar par at Mongalkote gp ,Excuting will be EO Mongalkote panchyat Samity","08-Aug-2024","389830","22-Nov-2024"
"318","Normal/Others","WS/MP858/2024-2025/135207-Construction of community centers and community halls","West Bengal","PURBA BARDHAMAN(DISTRICT MAGISTRATE PURBA BARDHAMAN_IDA)","Asit Kumar Mal","BOLPUR(SC)","Construction of Community hall at jhilu Astana para,Excuting Agency will be EO Mongalkote Panchyet Samity","08-Aug-2024","406558","22-Nov-2024"
"319","Normal/Others","WS/MP858/2024-2025/135208-Construction of roads, link roads, pathways or any other road with or without drainage system","West Bengal","PURBA BARDHAMAN(DISTRICT MAGISTRATE PURBA BARDHAMAN_IDA)","Asit Kumar Mal","BOLPUR(SC)","Construction of CC road from nowpara Hara sk house to Sahanewaj house under Jhilu GP Excuting will be E O Mongalkote Panchyaet Samity","09-Aug-2024","355898","22-Nov-2024"
"320","Normal/Others","WS/MP858/2024-2025/135209-Construction of roads, link roads, pathways or any other road with or without drainage system","West Bengal","PURBA BARDHAMAN(DISTRICT MAGISTRATE PURBA BARDHAMAN_IDA)","Asit Kumar Mal","BOLPUR(SC)","Construction of CC Road from durmut Bonkapasi to Babul farm at kaichor GP .Excuting Agency will be E O Mongalkote Panchyet Samity","09-Aug-2024","342129","22-Nov-2024"
"321","Normal/Others","WS/MP18271/2025-2026/135210-Lighting of public spaces","West Bengal","Cooch Behar(DISTRICT MAGISTRATE COOCHBEHAR_IDA)","JAGADISH CHANDRA BARMA BASUNIA","COOCHBEHAR(SC)","Installation for the single unit Mini High Mast Solar Lightening system with 4x200 WP SPV Module, Four nos 60 W Semi Integrated Street light with 60Ah Li-ion cell at  Chowdhurihat Vivekananda Vidyamandir of Chowdhurihat Gram Panchayat under Dinhata-II Block of District Coochbehar.","17-Feb-2025","586716","27-Aug-2025"
"322","Normal/Others","WS/MP18271/2025-2026/135211-Lighting of public spaces","West Bengal","Cooch Behar(DISTRICT MAGISTRATE COOCHBEHAR_IDA)","JAGADISH CHANDRA BARMA BASUNIA","COOCHBEHAR(SC)","Installation for the single unit Mini High Mast Solar Lightening system with 4x200 WP SPV Module, Four nos 60 W Semi Integrated Street light with 60Ah Li-ion cell at  Dinhata Mission Girls High School of Baro Atiyabari-II Gram Panchayat under Dinhata-I Block of District Coochbehar.","17-Feb-2025","586716","11-Sep-2025"
"323","Normal/Others","WS/MP18271/2025-2026/135212-Lighting of public spaces","West Bengal","Cooch Behar(DISTRICT MAGISTRATE COOCHBEHAR_IDA)","JAGADISH CHANDRA BARMA BASUNIA","COOCHBEHAR(SC)","Installation for the single unit Mini High Mast Solar Lightening system with 4x200 WP SPV Module, Four nos 60 W Semi Integrated Street light with 60Ah Li-ion cell at  Goshairhat High School of Goshairhat Gram Panchayat under Sitalkuchi Block of District Coochbehar.","17-Feb-2025","586716","11-Sep-2025"
"324","Normal/Others","NA-Construction of roads, link roads, pathways or any other road with or without drainage system","West Bengal","Cooch Behar(DISTRICT MAGISTRATE COOCHBEHAR_IDA)","JAGADISH CHANDRA BARMA BASUNIA","COOCHBEHAR(SC)","ESTIMATE FOR CONSTRUCTION OF PAVER BLOCK FOOTPATH AT LALBAZAR DHANHATI UNDER NAGAR LALBAZAR G.P. WITHIN SITALKUCHI P.S.","07-Mar-2025","1298112","NA"
"325","Normal/Others","NA-Purchase of immovable sports equipment","West Bengal","Cooch Behar(DISTRICT MAGISTRATE COOCHBEHAR_IDA)","JAGADISH CHANDRA BARMA BASUNIA","COOCHBEHAR(SC)","ESTIMATE FOR SUPPLYING WITH INSTALLATION OF PARKING GAME MATERIALS INSTRUMENTS TOYS FOR PANCHAYAT SAMITI PARK WITHIN SITALKUCHI DEV. BLOCK IN THE DISTRICT OF COOCH BEHAR.","07-Mar-2025","1077149","NA"
"326","Normal/Others","NA-Development of public parks","West Bengal","Cooch Behar(DISTRICT MAGISTRATE COOCHBEHAR_IDA)","JAGADISH CHANDRA BARMA BASUNIA","COOCHBEHAR(SC)","CONSTRUCTION OF BOUNDARY WALL AT PANCHAYAT SAMITI PARK WITHIN SITALKUCHI DEV. BLOCK IN THE DISTRICT OF COOCH BEHAR.","07-Mar-2025","2823486","NA"
"327","Normal/Others","WS/MP858/2024-2025/135221-Construction of roads, link roads, pathways or any other road with or without drainage system","West Bengal","PURBA BARDHAMAN(DISTRICT MAGISTRATE PURBA BARDHAMAN_IDA)","Asit Kumar Mal","BOLPUR(SC)","Construction of CC road from Klapur bhudai sk house to Alamgir house at lakuria gp ,Excuting agency will be E O MONGAL KOTE PANCHYET SAMITY.","09-Aug-2024","407181","22-Nov-2024"
"328","Normal/Others","WS/MP858/2024-2025/135222-Construction of roads, link roads, pathways or any other road with or without drainage system","West Bengal","PURBA BARDHAMAN(DISTRICT MAGISTRATE PURBA BARDHAMAN_IDA)","Asit Kumar Mal","BOLPUR(SC)","Construction of CC Road from hamid house to baby house at chanak GP ,EXECUTING AGENCY WILL BE  E O MONGALKOTE PANCHAYET SAMITY","09-Aug-2024","404328","22-Nov-2024"
"329","Normal/Others","WS/MP858/2024-2025/135223-Construction of roads, link roads, pathways or any other road with or without drainage system","West Bengal","PURBA BARDHAMAN(DISTRICT MAGISTRATE PURBA BARDHAMAN_IDA)","Asit Kumar Mal","BOLPUR(SC)","CONSTRUCTION OF C C ROAD FROM MURULA SAMONTO SAHA HOUSE TO UDAY DUTTA HOUSE AT KAICHOR GP ,EXCUTING WILL BE E O MONGALKOTE PANCHYET SAMITY.","09-Aug-2024","406884","22-Nov-2024"
"330","Normal/Others","WS/MP18065/2025-2026/135231-Construction of boundary walls of existing public and community buildings","Haryana","ROHTAK(DEPUTY COMMISSIONER ROHTAK_IDA)","DEEPENDER SINGH HOODA","ROHTAK","Construction of Boundary Wall at Rashi Wala Community Centre","09-Aug-2024","500000","16-Mar-2026"
"331","Normal/Others","WS/MP18065/2024-2025/135232-Construction of community centers and community halls","Haryana","ROHTAK(DEPUTY COMMISSIONER ROHTAK_IDA)","DEEPENDER SINGH HOODA","ROHTAK","Const. Shed in Punjabi Dharamshala","09-Aug-2024","1100000","22-Nov-2024"
"332","Normal/Others","WS/MP18153/2024-2025/135255-Installing community drinking water plants","Punjab","FEROZEPUR(DEPUTY COMMISSIONER FIROZEPUR_IDA)","SHER SINGH GHUBAYA","FIROZPUR","Installation of RO System Capacity 500 Ltrs. at Govt. Primary School Village Ale Wala","09-Aug-2024","232062","30-Aug-2024"
"333","Normal/Others","WS/MP18153/2024-2025/135256-Installing community drinking water plants","Punjab","FEROZEPUR(DEPUTY COMMISSIONER FIROZEPUR_IDA)","SHER SINGH GHUBAYA","FIROZPUR","Installation of RO System Capacity 500 Ltrs. at Govt. Middle School Village Mahalam","09-Aug-2024","232415","30-Aug-2024"
"334","Normal/Others","WS/MP18153/2024-2025/135257-Installing community drinking water plants","Punjab","FEROZEPUR(DEPUTY COMMISSIONER FIROZEPUR_IDA)","SHER SINGH GHUBAYA","FIROZPUR","Installation of RO System Capacity 500 Ltrs. at Govt. Primary School Village Sher Khan Wala","09-Aug-2024","232180","30-Aug-2024"
"335","Normal/Others","WS/MP18153/2024-2025/135258-Installing community drinking water plants","Punjab","FEROZEPUR(DEPUTY COMMISSIONER FIROZEPUR_IDA)","SHER SINGH GHUBAYA","FIROZPUR","Installation of RO System Capacity 500 Ltrs. at Govt. Sen. Sec. School Village Sher Khan Wala","09-Aug-2024","232415","30-Aug-2024"
"336","Normal/Others","WS/MP18153/2024-2025/135259-Installing community drinking water plants","Punjab","FEROZEPUR(DEPUTY COMMISSIONER FIROZEPUR_IDA)","SHER SINGH GHUBAYA","FIROZPUR","Installation of RO System Capacity 500 Ltrs. at Govt. Primary School Village Kabbar Wachha","09-Aug-2024","232650","30-Aug-2024"
"337","Normal/Others","WS/MP18153/2024-2025/135260-Installing community drinking water plants","Punjab","FEROZEPUR(DEPUTY COMMISSIONER FIROZEPUR_IDA)","SHER SINGH GHUBAYA","FIROZPUR","Installation of RO System Capacity 500 Ltrs. at Govt. Middle School Village Kabbar wachha","09-Aug-2024","232415","30-Aug-2024"
"338","Normal/Others","WS/MP18153/2024-2025/135261-Installing community drinking water plants","Punjab","FEROZEPUR(DEPUTY COMMISSIONER FIROZEPUR_IDA)","SHER SINGH GHUBAYA","FIROZPUR","Installation of RO System Capacity 500 Ltrs. at Govt. Sen. Sec. School Boys Mudki City","09-Aug-2024","232180","30-Aug-2024"
"339","Normal/Others","WS/MP18153/2024-2025/135262-Installing community drinking water plants","Punjab","FEROZEPUR(DEPUTY COMMISSIONER FIROZEPUR_IDA)","SHER SINGH GHUBAYA","FIROZPUR","Installation of RO System Capacity 500 Ltrs. at Govt. Sen. Sec. School Ghall Khurd","09-Aug-2024","232697","30-Aug-2024"
"340","Normal/Others","WS/MP18153/2024-2025/135263-Installing community drinking water plants","Punjab","FEROZEPUR(DEPUTY COMMISSIONER FIROZEPUR_IDA)","SHER SINGH GHUBAYA","FIROZPUR","Installation of RO System Capacity 500 Ltrs. at Govt. Sen. Sec. Smart School Mana Singh Wala","09-Aug-2024","232415","30-Aug-2024"
"341","Normal/Others","WS/MP18153/2024-2025/135264-Purchase of mobile water tankers","Punjab","FEROZEPUR(DEPUTY COMMISSIONER FIROZEPUR_IDA)","SHER SINGH GHUBAYA","FIROZPUR","Purchase of Mobile Water tanker Capacity 3000 Ltrs.at Village Chak Bur Wala","09-Aug-2024","241056","30-Aug-2024"
"342","Normal/Others","WS/MP18153/2024-2025/135265-Purchase of mobile water tankers","Punjab","FEROZEPUR(DEPUTY COMMISSIONER FIROZEPUR_IDA)","SHER SINGH GHUBAYA","FIROZPUR","Purchase of Mobile Water tanker Capacity 3000 Ltrs.at Village Kutti","09-Aug-2024","240833","30-Aug-2024"
"343","Normal/Others","WS/MP18153/2024-2025/135266-Installing community drinking water plants","Punjab","FEROZEPUR(DEPUTY COMMISSIONER FIROZEPUR_IDA)","SHER SINGH GHUBAYA","FIROZPUR","Installation of RO System Capacity 500 Ltrs. at Govt. Girls Sen. Sec. School Mudki City","09-Aug-2024","232415","30-Aug-2024"
"344","Normal/Others","WS/MP18250/2024-2025/135267-Installing tube-wells and borewells","West Bengal","North 24 Parganas(DISTRICT MAGISTRATE NORTH TWENTY FOUR PARGANAS_IDA)","SK NURUL ISLAM","BASIRHAT","Installation of 10 nos. (sl.no. 1 to 10) Arsenic Free electric based water tank under Falti Beloiaghata G.P and Barasat II P.S","09-Aug-2024","3500000","19-Sep-2024"
"345","Normal/Others","WS/MP18250/2024-2025/135268-Installing tube-wells and borewells","West Bengal","North 24 Parganas(DISTRICT MAGISTRATE NORTH TWENTY FOUR PARGANAS_IDA)","SK NURUL ISLAM","BASIRHAT","Installation of 10 nos. (sl. no.11 to 20) Arsenic Free water tank under Shasan G.P and Barasat II P.S","09-Aug-2024","3500000","25-Sep-2024"
"346","Normal/Others","WS/MP18250/2024-2025/135269-Installing tube-wells and borewells","West Bengal","North 24 Parganas(DISTRICT MAGISTRATE NORTH TWENTY FOUR PARGANAS_IDA)","SK NURUL ISLAM","BASIRHAT","Installation of 10 nos. (sl. no.21 to 28) Arsenic Free water tank under Ghoraas Kulingram G.P and Basirhat II P.S","09-Aug-2024","2800000","23-Sep-2024"
"347","Normal/Others","WS/MP18271/2025-2026/135271-Lighting of public spaces","West Bengal","Cooch Behar(DISTRICT MAGISTRATE COOCHBEHAR_IDA)","JAGADISH CHANDRA BARMA BASUNIA","COOCHBEHAR(SC)","Installation for the single unit Mini High Mast Solar Lightening system with 4x200 WP SPV Module, Four nos 60 W Semi Integrated Street light with 60Ah Li-ion cell at  Coochbehar Rambhola High School under Coochbehar Municipality of District Coochbehar.","17-Feb-2025","586716","11-Sep-2025"
"348","Normal/Others","WS/MP18271/2025-2026/135272-Lighting of public spaces","West Bengal","Cooch Behar(DISTRICT MAGISTRATE COOCHBEHAR_IDA)","JAGADISH CHANDRA BARMA BASUNIA","COOCHBEHAR(SC)","Installation for the single unit Mini High Mast Solar Lightening system with 4x200 WP SPV Module, Four nos 60 W Semi Integrated Street light with 60Ah Li-ion cell at  Mathabhanga High School under Mathabhanga Municipality  of District Coochbehar.","17-Feb-2025","586716","27-Aug-2025"
"349","Normal/Others","WS/MP18271/2025-2026/135273-Lighting of public spaces","West Bengal","Cooch Behar(DISTRICT MAGISTRATE COOCHBEHAR_IDA)","JAGADISH CHANDRA BARMA BASUNIA","COOCHBEHAR(SC)","Installation for the single unit Mini High Mast Solar Lightening system with 4x200 WP SPV Module, Four nos 60 W Semi Integrated Street light with 60Ah Li-ion cell at  Dinhata Soni Devi Jain High School under Dinhata Municipality  of District Coochbehar.","17-Feb-2025","586716","11-Sep-2025"
"350","Normal/Others","NA-Construction of roads, link roads, pathways or any other road with or without drainage system","West Bengal","Cooch Behar(DISTRICT MAGISTRATE COOCHBEHAR_IDA)","JAGADISH CHANDRA BARMA BASUNIA","COOCHBEHAR(SC)","PUCCA ROAD","07-Mar-2025","5925309","NA"
"351","Normal/Others","WS/MP858/2024-2025/135279-Construction of roads, link roads, pathways or any other road with or without drainage system","West Bengal","PURBA BARDHAMAN(DISTRICT MAGISTRATE PURBA BARDHAMAN_IDA)","Asit Kumar Mal","BOLPUR(SC)","CONSTRUCTION OF C C ROAD FROM PMGSY ROAD TO ANU DAS HOUSE AT BHALUGRAM GP ,EXCUTING AGENCY WILL BE MONGALKOTE PANCHYET SAMITY","09-Aug-2024","356247","22-Nov-2024"
"352","Normal/Others","WS/MP858/2024-2025/135283-Construction of roads, link roads, pathways or any other road with or without drainage system","West Bengal","PURBA BARDHAMAN(DISTRICT MAGISTRATE PURBA BARDHAMAN_IDA)","Asit Kumar Mal","BOLPUR(SC)","CONSTRUCTION OF C C ROAD FROM ATAKULA LALU THANDER HOUSE TO AJOY NADBAD AT BHALUGRAM GP, EXCUTING AGENCY WILL BE E O MONGALKOTE PANCHYET SAMITY.","09-Aug-2024","355925","22-Nov-2024"
"353","Normal/Others","NA-Construction of roads, link roads, pathways or any other road with or without drainage system","West Bengal","Cooch Behar(DISTRICT MAGISTRATE COOCHBEHAR_IDA)","JAGADISH CHANDRA BARMA BASUNIA","COOCHBEHAR(SC)","New Construction of Bituminous road","07-Mar-2025","5697372","NA"
"354","Normal/Others","WS/MP858/2024-2025/135386-Street lights","West Bengal","BIRBHUM(DISTRICT MAGISTRATE BIRBHUM_IDA)","Asit Kumar Mal","BOLPUR(SC)","installation 4 NO of high mast light at ROAD SIDE OF  S N COLLEGE , Dwarka GP OFFICE , Sawgram melatola and KURUNAHAR MARKET .Excuting Agency will be E O LABHPUR PANCHYET SAMITY","12-Aug-2024","1754225","13-Sep-2024"
"355","Normal/Others","WS/MP858/2024-2025/135387-Street lights","West Bengal","BIRBHUM(DISTRICT MAGISTRATE BIRBHUM_IDA)","Asit Kumar Mal","BOLPUR(SC)","Installation of 3 no of high mast street light at SASTINAGAR BUS STOP,THIBA GP OFFICE,CM-II GP OFFICE Excuting Agency will be E O LABHPUR PANCHYET SAMITY","12-Aug-2024","1315668","13-Sep-2024"
"356","Normal/Others","WS/MP812/2024-2025/135399-Lighting of public spaces","Uttar Pradesh","Kushinagar(DISTRICT MAGISTRATE KUSHINAGAR PADRAUNA_IDA)","Vijay Kumar Dubey","KUSHI NAGAR","GP KHAIRI ME KHALIHAN KE PAS HIGH MAST KI STHAPANA","17-Aug-2024","236234","18-Feb-2025"
"357","Normal/Others","WS/MP812/2024-2025/135400-Lighting of public spaces","Uttar Pradesh","Kushinagar(DISTRICT MAGISTRATE KUSHINAGAR PADRAUNA_IDA)","Vijay Kumar Dubey","KUSHI NAGAR","GP LAXMIPUR PADRAHAWA ME CHAURAHE PAR HIGH MAST KI STHAPANA","17-Aug-2024","236234","18-Feb-2025"
"358","Normal/Others","WS/MP812/2024-2025/135401-Lighting of public spaces","Uttar Pradesh","Kushinagar(DISTRICT MAGISTRATE KUSHINAGAR PADRAUNA_IDA)","Vijay Kumar Dubey","KUSHI NAGAR","GP RAMPUR JANGAL SHIV MANDIR KE PAS HIGH MAST KI STHAPANA","17-Aug-2024","236234","18-Feb-2025"
"359","Normal/Others","WS/MP812/2024-2025/135402-Lighting of public spaces","Uttar Pradesh","Kushinagar(DISTRICT MAGISTRATE KUSHINAGAR PADRAUNA_IDA)","Vijay Kumar Dubey","KUSHI NAGAR","GP BARWA KHAS BODRAWAR CHAURAHE SE 1KM PAHALE BADI NAHAR SE UTTAR 5KM PAR HIGH MAST KI STHAPANA","17-Aug-2024","237000","19-Mar-2025"
"360","Normal/Others","WS/MP812/2024-2025/135403-Lighting of public spaces","Uttar Pradesh","Kushinagar(DISTRICT MAGISTRATE KUSHINAGAR PADRAUNA_IDA)","Vijay Kumar Dubey","KUSHI NAGAR","GP BALDIHA KUTTI KE PAS HIGH MAST KI STHAPANA","17-Aug-2024","237000","19-Mar-2025"
"361","Normal/Others","WS/MP812/2024-2025/135404-Lighting of public spaces","Uttar Pradesh","Kushinagar(DISTRICT MAGISTRATE KUSHINAGAR PADRAUNA_IDA)","Vijay Kumar Dubey","KUSHI NAGAR","GP AMDIHA ME HIGH MAST KI STHAPANA KARRY","17-Aug-2024","236315","19-Mar-2025"
"362","Normal/Others","WS/MP812/2024-2025/135405-Lighting of public spaces","Uttar Pradesh","Kushinagar(DISTRICT MAGISTRATE KUSHINAGAR PADRAUNA_IDA)","Vijay Kumar Dubey","KUSHI NAGAR","GP SAHPUR KASAYA AIRPORT KE BAGAL ME SHIV MANDIR KE PAS HIGH MAST KI STHAPANA","17-Aug-2024","236234","18-Feb-2025"
"363","Normal/Others","WS/MP812/2024-2025/135406-Lighting of public spaces","Uttar Pradesh","Kushinagar(DISTRICT MAGISTRATE KUSHINAGAR PADRAUNA_IDA)","Vijay Kumar Dubey","KUSHI NAGAR","GP PURAINI DUBEY CHAUK VIJAYAPUR BAZAR KE PAS HIGH MAST KI STHAPANA","17-Aug-2024","236234","19-Mar-2025"
"364","Normal/Others","WS/MP812/2024-2025/135407-Lighting of public spaces","Uttar Pradesh","Kushinagar(DISTRICT MAGISTRATE KUSHINAGAR PADRAUNA_IDA)","Vijay Kumar Dubey","KUSHI NAGAR","GP VIJAYPUR ME PARAS KUSHWAHA KE GHAR KE PAS HIGH MAST KI STHAPANA","17-Aug-2024","236234","19-Mar-2025"
"365","Normal/Others","WS/MP812/2024-2025/135408-Lighting of public spaces","Uttar Pradesh","Kushinagar(DISTRICT MAGISTRATE KUSHINAGAR PADRAUNA_IDA)","Vijay Kumar Dubey","KUSHI NAGAR","GP VIJAYPUR ME DHARMENDRA KUSHAWAHA KE GHAR KE PAS HIGH MAST KI STHAPANA","17-Aug-2024","236234","19-Mar-2025"
"366","Normal/Others","WS/MP812/2024-2025/135409-Lighting of public spaces","Uttar Pradesh","Kushinagar(DISTRICT MAGISTRATE KUSHINAGAR PADRAUNA_IDA)","Vijay Kumar Dubey","KUSHI NAGAR","SHASHIPRAKAS SINGH GRAM SIKATIYA (MALIKAR CHAURAHA) RASULPUR HIGH MAST KI STHAPAN","17-Aug-2024","236234","19-Mar-2025"
"367","Normal/Others","WS/MP812/2024-2025/135410-Lighting of public spaces","Uttar Pradesh","Kushinagar(DISTRICT MAGISTRATE KUSHINAGAR PADRAUNA_IDA)","Vijay Kumar Dubey","KUSHI NAGAR","GP BHALUHI DURGA MANDIR KE PAS HIGH MAST KI STHAPANA KARRY","17-Aug-2024","236234","19-Mar-2025"
"368","Normal/Others","WS/MP812/2024-2025/135412-Lighting of public spaces","Uttar Pradesh","Kushinagar(DISTRICT MAGISTRATE KUSHINAGAR PADRAUNA_IDA)","Vijay Kumar Dubey","KUSHI NAGAR","GP MADHAWALIYA KALI MANDIR KE PAS HIGH MAST KI STHAPANA","17-Aug-2024","236234","19-Mar-2025"
"369","Normal/Others","WS/MP812/2024-2025/135413-Lighting of public spaces","Uttar Pradesh","Kushinagar(DISTRICT MAGISTRATE KUSHINAGAR PADRAUNA_IDA)","Vijay Kumar Dubey","KUSHI NAGAR","GP KHAIRATAWA KOIRI TOLA ME HIGH MAST KI STHAPANA","17-Aug-2024","236234","19-Mar-2025"
"370","Normal/Others","WS/MP812/2024-2025/135416-Lighting of public spaces","Uttar Pradesh","Kushinagar(DISTRICT MAGISTRATE KUSHINAGAR PADRAUNA_IDA)","Vijay Kumar Dubey","KUSHI NAGAR","GP PIPRA BAZAR ME SARVAJANIK STHAL PAR HIGH MAST KI STHAPANA","17-Aug-2024","236234","19-Mar-2025"
"371","Normal/Others","WS/MP812/2024-2025/135417-Lighting of public spaces","Uttar Pradesh","Kushinagar(DISTRICT MAGISTRATE KUSHINAGAR PADRAUNA_IDA)","Vijay Kumar Dubey","KUSHI NAGAR","MAGHI KOTHILAHAWA DHURUP SINGH KE TOLA PAR HIGH MAST KI STHAPANA","17-Aug-2024","236234","19-Mar-2025"
"372","Normal/Others","WS/MP812/2024-2025/135418-Lighting of public spaces","Uttar Pradesh","Kushinagar(DISTRICT MAGISTRATE KUSHINAGAR PADRAUNA_IDA)","Vijay Kumar Dubey","KUSHI NAGAR","MAGHI KOTILHAWA BALUA TOLA VIVAH BHAWAN KE PAS HIGH MAST KI STHAPANA","17-Aug-2024","236234","19-Mar-2025"
"373","Normal/Others","WS/MP812/2024-2025/135419-Lighting of public spaces","Uttar Pradesh","Kushinagar(DISTRICT MAGISTRATE KUSHINAGAR PADRAUNA_IDA)","Vijay Kumar Dubey","KUSHI NAGAR","MAGHI KOTHILAHAWA DHUM NAGAR CHAURAHE PAR HIGH MAST KI STHAPANA","17-Aug-2024","236234","19-Mar-2025"
"374","Normal/Others","WS/MP812/2024-2025/135420-Lighting of public spaces","Uttar Pradesh","Kushinagar(DISTRICT MAGISTRATE KUSHINAGAR PADRAUNA_IDA)","Vijay Kumar Dubey","KUSHI NAGAR","MAGHI KOTHILAHAWA CHAUHAN TOLE PAR HIGH MAST KI STHAPANA","17-Aug-2024","236234","19-Mar-2025"
"375","Normal/Others","WS/MP812/2024-2025/135422-Lighting of public spaces","Uttar Pradesh","Kushinagar(DISTRICT MAGISTRATE KUSHINAGAR PADRAUNA_IDA)","Vijay Kumar Dubey","KUSHI NAGAR","HIRNAHI KHALAWA TOLA CHAURAHE PAR HIGH MAST KI STHAPANA","17-Aug-2024","236234","19-Mar-2025"
"376","Normal/Others","WS/MP812/2024-2025/135423-Lighting of public spaces","Uttar Pradesh","Kushinagar(DISTRICT MAGISTRATE KUSHINAGAR PADRAUNA_IDA)","Vijay Kumar Dubey","KUSHI NAGAR","BETIYA PANCHAYAT BHAWAN KE PAS HIGH MAST KI STHAPANA KARRY","17-Aug-2024","236234","19-Mar-2025"
"377","Normal/Others","WS/MP812/2024-2025/135424-Lighting of public spaces","Uttar Pradesh","Kushinagar(DISTRICT MAGISTRATE KUSHINAGAR PADRAUNA_IDA)","Vijay Kumar Dubey","KUSHI NAGAR","BABUIYA HARPUR BADI MASAHI TOLA PAR HIGH MAST KI STHAPANA KARRY","17-Aug-2024","236234","19-Mar-2025"
"378","Normal/Others","WS/MP812/2024-2025/135425-Lighting of public spaces","Uttar Pradesh","Kushinagar(DISTRICT MAGISTRATE KUSHINAGAR PADRAUNA_IDA)","Vijay Kumar Dubey","KUSHI NAGAR","GP KINNAR PATTI ME HIGH MAST KI STHAPANA","17-Aug-2024","236234","19-Mar-2025"
"379","Normal/Others","WS/MP812/2024-2025/135428-Lighting of public spaces","Uttar Pradesh","Kushinagar(DISTRICT MAGISTRATE KUSHINAGAR PADRAUNA_IDA)","Vijay Kumar Dubey","KUSHI NAGAR","GP DUBAULI RADHA KRISHAN MANDIR KE PAS HIGH MAST KI STHAPANA KARRY","17-Aug-2024","236234","19-Mar-2025"
"380","Normal/Others","WS/MP812/2024-2025/135430-Lighting of public spaces","Uttar Pradesh","Kushinagar(DISTRICT MAGISTRATE KUSHINAGAR PADRAUNA_IDA)","Vijay Kumar Dubey","KUSHI NAGAR","GP BALKUDIA MADHOPUR CHAURAHE PAR HIGH MAST KI STHAPANA KARRY","17-Aug-2024","236234","19-Mar-2025"
"381","Normal/Others","WS/MP812/2024-2025/135431-Lighting of public spaces","Uttar Pradesh","Kushinagar(DISTRICT MAGISTRATE KUSHINAGAR PADRAUNA_IDA)","Vijay Kumar Dubey","KUSHI NAGAR","PATERA MANGALPUR MISHRAULI NAHAR SE AAGE RAMKOLA ROAD PRATHAMIK VIDYALAY KE PAS HIGH MAST KI STHAPANA","17-Aug-2024","236234","19-Mar-2025"
"382","Normal/Others","WS/MP812/2024-2025/135432-Lighting of public spaces","Uttar Pradesh","Kushinagar(DISTRICT MAGISTRATE KUSHINAGAR PADRAUNA_IDA)","Vijay Kumar Dubey","KUSHI NAGAR","GP SUKRAULI ME BUDDHA MANDIR KE PAS HIGH MAST KI STHAPANA","17-Aug-2024","236234","19-Mar-2025"
"383","Normal/Others","WS/MP812/2024-2025/135434-Lighting of public spaces","Uttar Pradesh","Kushinagar(DISTRICT MAGISTRATE KUSHINAGAR PADRAUNA_IDA)","Vijay Kumar Dubey","KUSHI NAGAR","HATA PATANI SHIV MANDIR PAR HIGH MAST KI STHAPANA KARRY","17-Aug-2024","236234","19-Mar-2025"
"384","Normal/Others","WS/MP812/2024-2025/135435-Lighting of public spaces","Uttar Pradesh","Kushinagar(DISTRICT MAGISTRATE KUSHINAGAR PADRAUNA_IDA)","Vijay Kumar Dubey","KUSHI NAGAR","RAMPUR BUZURG ME NAGA BABA KE STHAN PAR MAHILA MORCHA HIGH MAST KI STHAPANA KARY","17-Aug-2024","236234","19-Mar-2025"
"385","Normal/Others","WS/MP812/2024-2025/135436-Lighting of public spaces","Uttar Pradesh","Kushinagar(DISTRICT MAGISTRATE KUSHINAGAR PADRAUNA_IDA)","Vijay Kumar Dubey","KUSHI NAGAR","PARSAUNI ME HIGH MAST KI STHAPANA KARRY","17-Aug-2024","236234","19-Mar-2025"
"386","Normal/Others","WS/MP812/2024-2025/135437-Lighting of public spaces","Uttar Pradesh","Kushinagar(DISTRICT MAGISTRATE KUSHINAGAR PADRAUNA_IDA)","Vijay Kumar Dubey","KUSHI NAGAR","BHARWALIYA BRAHMSTHAN PAR HIGH MAST KI STHAPANA KARRY","17-Aug-2024","236234","19-Mar-2025"
"387","Normal/Others","WS/MP812/2024-2025/135440-Lighting of public spaces","Uttar Pradesh","Kushinagar(DISTRICT MAGISTRATE KUSHINAGAR PADRAUNA_IDA)","Vijay Kumar Dubey","KUSHI NAGAR","GP KUBERSTHAN BADGON HANUMAN MANDIR KE SAMANE HIGH MAST KI STHAPANA KARRY","17-Aug-2024","236234","19-Mar-2025"
"388","Normal/Others","WS/MP812/2024-2025/135442-Lighting of public spaces","Uttar Pradesh","Kushinagar(DISTRICT MAGISTRATE KUSHINAGAR PADRAUNA_IDA)","Vijay Kumar Dubey","KUSHI NAGAR","GP PIPRA HUMAIL ME AMRANATH PANDEY KE DARWAJE PAR HIGH MAST KI STHAPANA","17-Aug-2024","236234","18-Feb-2025"
"389","Normal/Others","WS/MP812/2024-2025/135443-Lighting of public spaces","Uttar Pradesh","Kushinagar(DISTRICT MAGISTRATE KUSHINAGAR PADRAUNA_IDA)","Vijay Kumar Dubey","KUSHI NAGAR","TIKAR SHIVKUMAR TIWARI KE VIDYALAY KE PAS HIGH MAST KI STHAPANA KARRY","17-Aug-2024","236234","18-Feb-2025"
"390","Normal/Others","WS/MP812/2024-2025/135444-Lighting of public spaces","Uttar Pradesh","Kushinagar(DISTRICT MAGISTRATE KUSHINAGAR PADRAUNA_IDA)","Vijay Kumar Dubey","KUSHI NAGAR","KUSMAHA KALI MANDIR KE PAS HIGH MAST KI STHAPANA KARRY","17-Aug-2024","236234","18-Feb-2025"
"391","Normal/Others","WS/MP812/2024-2025/135445-Lighting of public spaces","Uttar Pradesh","Kushinagar(DISTRICT MAGISTRATE KUSHINAGAR PADRAUNA_IDA)","Vijay Kumar Dubey","KUSHI NAGAR","KUSUMAHA RAMJANAKI MANDIR KE PAS HIGH MAST KI STHAPANA KARRY","17-Aug-2024","236234","18-Feb-2025"
"392","Normal/Others","WS/MP812/2025-2026/135446-Lighting of public spaces","Uttar Pradesh","Kushinagar(DISTRICT MAGISTRATE KUSHINAGAR PADRAUNA_IDA)","Vijay Kumar Dubey","KUSHI NAGAR","GP VIJAYPUR NAGAHA ME RAMAWADH KE GHAR PAS HIGH MAST KI STHAPANA KARRY","17-Aug-2024","236315","17-Oct-2025"
"393","Normal/Others","WS/MP812/2024-2025/135447-Lighting of public spaces","Uttar Pradesh","Kushinagar(DISTRICT MAGISTRATE KUSHINAGAR PADRAUNA_IDA)","Vijay Kumar Dubey","KUSHI NAGAR","GP HARPUR ME SARVAJANIK STHAL PAR HIGH MAST KI STHAPANA KARRY","17-Aug-2024","236234","04-Mar-2025"
"394","Normal/Others","WS/MP812/2024-2025/135449-Lighting of public spaces","Uttar Pradesh","Kushinagar(DISTRICT MAGISTRATE KUSHINAGAR PADRAUNA_IDA)","Vijay Kumar Dubey","KUSHI NAGAR","GP HARPUR KE CHAUHAN TOLA PAR HIGH MAST KI STHAPANA KARRY","17-Aug-2024","236234","04-Mar-2025"
"395","Normal/Others","WS/MP812/2024-2025/135450-Lighting of public spaces","Uttar Pradesh","Kushinagar(DISTRICT MAGISTRATE KUSHINAGAR PADRAUNA_IDA)","Vijay Kumar Dubey","KUSHI NAGAR","KHAIRATIYA MALLHI TOLA KE PAS HIGH MAST KI STHAPANA KARRY","17-Aug-2024","236234","19-Mar-2025"
"396","Normal/Others","WS/MP812/2024-2025/135451-Lighting of public spaces","Uttar Pradesh","Kushinagar(DISTRICT MAGISTRATE KUSHINAGAR PADRAUNA_IDA)","Vijay Kumar Dubey","KUSHI NAGAR","ATARADIHA ME BALAI CHAUHAN TOLA SAMUDAYIK BHAWAN KE PAS HIGH MAST KI STHAPANA KARRY","17-Aug-2024","236234","19-Mar-2025"
"397","Normal/Others","WS/MP431/2024-2025/135463-Construction of roads, link roads, pathways or any other road with or without drainage system","Haryana","REWARI(District Commissioner Rewari)","Rao Inderjit Singh","GURGAON","Completion of road no. 161","12-Aug-2024","1000000","29-Oct-2024"
"398","Normal/Others","WS/MP18336/2024-2025/135505-Construction of roads, link roads, pathways or any other road with or without drainage system","Chhattisgarh","RAIPUR(DISTRICT COLLECTOR RAIPUR_IDA)","BRIJMOHAN AGRAWAL","RAIPUR","CC road nirman, kirtu verma ke byara se main road tak, Village Sontara, Block Tilda, Dist Raipur","12-Aug-2024","1000000","20-Sep-2024"
"399","Normal/Others","WS/MP18336/2024-2025/135506-Construction of roads, link roads, pathways or any other road with or without drainage system","Chhattisgarh","RAIPUR(DISTRICT COLLECTOR RAIPUR_IDA)","BRIJMOHAN AGRAWAL","RAIPUR","CC road nirman, Rakesh ke ghar se Hemnath ke ghar tak, Gram Janjgira, Block Tilda, Dist Raipur","12-Aug-2024","1000000","20-Sep-2024"
"400","Normal/Others","WS/MP18336/2024-2025/135507-Construction of roads, link roads, pathways or any other road with or without drainage system","Chhattisgarh","RAIPUR(DISTRICT COLLECTOR RAIPUR_IDA)","BRIJMOHAN AGRAWAL","RAIPUR","CC road nirman, Radheshyam ke ghar se Kadhiya road tak, Gram Bharuwadih kala, Block Tilda, Dist Raipur","12-Aug-2024","1000000","20-Sep-2024"
"401","Normal/Others","WS/MP18336/2024-2025/135508-Construction of roads, link roads, pathways or any other road with or without drainage system","Chhattisgarh","RAIPUR(DISTRICT COLLECTOR RAIPUR_IDA)","BRIJMOHAN AGRAWAL","RAIPUR","CC road nirman, main road se shamshan ghat tak, Gram Kapsada, Block Dharsiwa, Dist Raipur","12-Aug-2024","1000000","20-Sep-2024"
"402","Normal/Others","WS/MP826/2026-2027/135516-Construction of footpaths and pedestrian ways","West Bengal","DARJEELING(DISTRICT MAGISTRATE DARJEELING_IDA)","Raju Bista","DARJEELING","Construction of Concrete Footpath from (1) Mani Kumar Rai House to Suk Bahadur Rai House, and (2) Nawla House to Dhobi Jhora  Ref: Nimesh Mangranti (6296573805), Panchayat Member, Singrimtam GP","16-Aug-2024","500000","07-Jul-2026"
"403","Normal/Others","WS/MP826/2024-2025/135520-Construction of community centers and community halls","West Bengal","DARJEELING(DISTRICT MAGISTRATE DARJEELING_IDA)","Raju Bista","DARJEELING","Construction of Community Center at Ward No 2, Gangatia Terso Line, 18 Golai, CCNS Samaj  Ref: Diki Subba (7583995164), Panchayat Member, Chongtong GP","16-Aug-2024","498069","05-Mar-2025"
"404","Repair and Renovation","WS/MP826/2024-2025/135523-Construction of community centers and community halls","West Bengal","DARJEELING(DISTRICT MAGISTRATE DARJEELING_IDA)","Raju Bista","DARJEELING","Renovation of Community Hall at Amar Gram Bhaktay Busty, Sansad III, PO-Rajbari  Ref: Premendra Sampang Rai (9563149615), Member, Darjeeling-I GP","16-Aug-2024","500000","05-Mar-2025"
"405","Normal/Others","WS/MP826/2024-2025/135524-Providing drains and gutters for public drainage","West Bengal","DARJEELING(DISTRICT MAGISTRATE DARJEELING_IDA)","Raju Bista","DARJEELING","Maintenance of public drainage (jhora) from Amar Sharma House towards Pradeep Mangar House  Ref: Som Dutt Brahmin (9851524119), Member, Darjeeling-II GP","16-Aug-2024","463899","05-Mar-2025"
"406","Normal/Others","WS/MP826/2024-2025/135525-Providing drains and gutters for public drainage","West Bengal","DARJEELING(DISTRICT MAGISTRATE DARJEELING_IDA)","Raju Bista","DARJEELING","Construction of public drainage at Pandam Darikheti, Ward No VIII, Darjeeling-II Gram Panchayat  Ref: Arpan Thapa (9883997412),  Member, Darjeeling-II GP","16-Aug-2024","457415","05-Mar-2025"
"407","Normal/Others","WS/MP826/2024-2025/135526-Construction of footpaths and pedestrian ways","West Bengal","KALIMPONG(District Magistrate Kalimpong_IDA)","Raju Bista","DARJEELING","Construction of public footpath from Durga Mandir Road to DB Lepcha House, Ward No 3  Ref: Kalindi Kharka Chhetri (9933854007), Member, Tashiding GP","16-Aug-2024","499918","15-Jan-2025"
"408","Normal/Others","WS/MP826/2024-2025/135527-Construction of footpaths and pedestrian ways","West Bengal","KALIMPONG(District Magistrate Kalimpong_IDA)","Raju Bista","DARJEELING","Construction of public footpath from Gyan Jyoti School to Rai Gaon, 13th Mile Upper Echeey  Ref: Anuradha Rai (8670235225), Member, Upper Echeey GP","16-Aug-2024","500000","15-Jan-2025"
"409","Normal/Others","WS/MP826/2024-2025/135528-Development of playground","West Bengal","KALIMPONG(District Magistrate Kalimpong_IDA)","Raju Bista","DARJEELING","Construction of gallery at Chunabhatti, Pabringtar Bakrakote  Ref: Shanti Khawas Mukhia (7501515888), Member, Pabringtar GP","16-Aug-2024","499834","15-Jan-2025"
"410","Normal/Others","WS/MP826/2024-2025/135529-Construction of footpaths and pedestrian ways","West Bengal","KALIMPONG(District Magistrate Kalimpong_IDA)","Raju Bista","DARJEELING","Construction of public footpath at Upper Dara Gaon, Samthar  Ref: Laguram Bhujel (9679480057), Member, Samthar GP","16-Aug-2024","499918","15-Jan-2025"
"411","Normal/Others","WS/MP826/2024-2025/135530-Construction of footpaths and pedestrian ways","West Bengal","KALIMPONG(District Magistrate Kalimpong_IDA)","Raju Bista","DARJEELING","Construction of Footbridge and footpath at Dripeni Jhora to Pokhari Dara.  Ref: Sunny Gurung (8116227573), Member Dalapchand GP","16-Aug-2024","450815","15-Jan-2025"
"412","Normal/Others","WS/MP826/2024-2025/135533-Construction of roads, link roads, pathways or any other road with or without drainage system","West Bengal","KALIMPONG(District Magistrate Kalimpong_IDA)","Raju Bista","DARJEELING","Construction of concrete road from Sauney Dhara to ICDS Center at Dalim GP, Sansad 6  Ref: Yuvraj Sharma (9933524893), Member, Dalim GP","16-Aug-2024","499999","17-Feb-2025"
"413","Normal/Others","WS/MP826/2024-2025/135534-Construction of community centers and community halls","West Bengal","KALIMPONG(District Magistrate Kalimpong_IDA)","Raju Bista","DARJEELING","Construction of community center at Upper/Lower Ambiok Busty, Gorubathan-II, Sansad IV  Ref: Roman Rai (9775876007), Member, Gorubathan-II GP","16-Aug-2024","499550","17-Feb-2025"
"414","Normal/Others","WS/MP826/2024-2025/135535-Construction of footpaths and pedestrian ways","West Bengal","KALIMPONG(District Magistrate Kalimpong_IDA)","Raju Bista","DARJEELING","Construction of concrete footpath at Sansad VI, Suntalay, Gorubathan - from Mani Kumar House - to Jhandi Road (140 m)  Ref: Passang Tshering Sherpa (8972308508), Member, Nim Gram Panchayat","16-Aug-2024","500000","12-Feb-2025"
"415","Normal/Others","WS/MP826/2024-2025/135539-Construction of community centers and community halls","West Bengal","KALIMPONG(District Magistrate Kalimpong_IDA)","Raju Bista","DARJEELING","Construction of Community Center at Navdeep Sangh, Dara Gaon, Rongo GP, Sansad-III  Ref: Bibitra Rai (7478972837), Member, Rongo GP","16-Aug-2024","499500","25-Mar-2025"
"416","Normal/Others","WS/MP826/2024-2025/135541-Street lights","West Bengal","KALIMPONG(District Magistrate Kalimpong_IDA)","Raju Bista","DARJEELING","Installation of Solar Street Lights at 7th Mile, Kalimpong, Sansad VI  Ref: Poonam Chhetri (6296884264), Member, Kalimpong GP","16-Aug-2024","499998","15-Jan-2025"
"417","Normal/Others","WS/MP826/2024-2025/135546-Construction of foot over bridge (FOB)","West Bengal","KALIMPONG(District Magistrate Kalimpong_IDA)","Raju Bista","DARJEELING","Construction of footbridge at Bhasmay Busty, Tashiding GP, Sansad V  Ref: Krishna Tamang (9800703110), Member, Tashiding GP","16-Aug-2024","500000","15-Jan-2025"
"418","Normal/Others","WS/MP826/2024-2025/135547-Construction of roads, link roads, pathways or any other road with or without drainage system","West Bengal","KALIMPONG(District Magistrate Kalimpong_IDA)","Raju Bista","DARJEELING","Construction of jeepable road at Lower Echhey, Dakshin Thapa Gaon, Sansad-II, Lower Echhey GP  Ref: Bikash Thapa (9635602871), Member, Lower Echhey GP, Kalimpong-I","16-Aug-2024","499964","15-Jan-2025"
"419","Normal/Others","WS/MP826/2024-2025/135549-Construction of boundary walls of existing public and community buildings","West Bengal","KALIMPONG(District Magistrate Kalimpong_IDA)","Raju Bista","DARJEELING","Construction of Protection Wall at Lungrep Village, under Pabringtar GP, Sansad-IV  Ref: Bonifost Lepcha (9679480057), Member, Pabringtar GP","16-Aug-2024","499387","15-Jan-2025"
"420","Repair and Renovation","WS/MP826/2024-2025/135553-Construction of community centers and community halls","West Bengal","KALIMPONG(District Magistrate Kalimpong_IDA)","Raju Bista","DARJEELING","Repair and renovation of COmmunity center at Upper Bidyang for Jan Kalyan Sangh  Ref: Divya Gurung (7602057196), Member, Dalapchan GP","16-Aug-2024","472866","15-Jan-2025"
"421","Normal/Others","WS/MP826/2024-2025/135555-Development of playground","West Bengal","KALIMPONG(District Magistrate Kalimpong_IDA)","Raju Bista","DARJEELING","Ground development and construction of fencing of playground at Upper Gairi Gaon-1, Sansad IV, Paiyong  Ref: Chusang Bhutia (8918838349)","16-Aug-2024","488498","15-Jan-2025"
"422","Normal/Others","WS/MP826/2024-2025/135558-Construction of community centers and community halls","West Bengal","KALIMPONG(District Magistrate Kalimpong_IDA)","Raju Bista","DARJEELING","Construction of community center at Lower Burmek, Ramdhura, Sansad IX, Sangsay GP  Ref: Arun Khaling Rai (9933803187), Member, Sangsay GP","16-Aug-2024","460275","15-Jan-2025"
"423","Normal/Others","WS/MP826/2024-2025/135559-Construction of footpaths and pedestrian ways","West Bengal","KALIMPONG(District Magistrate Kalimpong_IDA)","Raju Bista","DARJEELING","Construction of Footpath at Upper Burmek, Block-II, Dara Gaon, Sangsay GP  Ref: Bishnu Rai (9635272285), Member, Sangsay GP","16-Aug-2024","452693","15-Jan-2025"
"424","Normal/Others","WS/MP826/2024-2025/135564-Construction of community centers and community halls","West Bengal","DARJEELING(DISTRICT MAGISTRATE DARJEELING_IDA)","Raju Bista","DARJEELING","Construction of community center at Dara Gaon, Lingia Mareybong, Ward No 4  Ref: Raju Singh (9641924018), Member, Lingia-Marybong GP","16-Aug-2024","487336","23-Dec-2024"
"425","Normal/Others","WS/MP826/2024-2025/135566-Construction of roads, link roads, pathways or any other road with or without drainage system","West Bengal","DARJEELING(DISTRICT MAGISTRATE DARJEELING_IDA)","Raju Bista","DARJEELING","Construction of jeepable road from HIMUL Golai to Ranjit Rana House, Pokhriabong GP-I, Ward No-4  Ref: Deoraj Chhetri (7864922876), Member, Pokhriabong-I GP","16-Aug-2024","483200","23-Dec-2024"
"426","Normal/Others","WS/MP826/2024-2025/135568-Street lights","West Bengal","DARJEELING(DISTRICT MAGISTRATE DARJEELING_IDA)","Raju Bista","DARJEELING","Installation of solar street lights at Naya Busty, Upper Sonada, Ward No 5  Ref: Chimi Sherpa (6203894886), Member, Upper Sonada GP","16-Aug-2024","466505","23-Dec-2024"
"427","Normal/Others","WS/MP826/2024-2025/135570-Street lights","West Bengal","DARJEELING(DISTRICT MAGISTRATE DARJEELING_IDA)","Raju Bista","DARJEELING","Installation of Solar Street Lights at Gopal Dhara, Upper Kothi Gaon, Ward No 9  Ref: Amit Chhetri (7872930041), Member, Rangbhang-Gopaldhara GP","16-Aug-2024","466505","23-Dec-2024"
"428","Normal/Others","WS/MP826/2024-2025/135572-Development of playground","West Bengal","DARJEELING(DISTRICT MAGISTRATE DARJEELING_IDA)","Raju Bista","DARJEELING","Development of playground and construction of fencing wall at Pokhriabong GP, Ward No 2  Ref: Sushma Shankar (9749090141), Member, Pokhriabong-I GP","16-Aug-2024","483151","23-Dec-2024"
"429","Normal/Others","WS/MP826/2024-2025/135573-Construction of roads, link roads, pathways or any other road with or without drainage system","West Bengal","DARJEELING(DISTRICT MAGISTRATE DARJEELING_IDA)","Raju Bista","DARJEELING","Construction of jeepable road from Zero Point to Primary School, Goth Gaon (200 metres), under Pokhriabong-1 GP, Ward No. 3  Ref: Rupmani Tamang (9547002530), Member Pokhriabong-1 GP","16-Aug-2024","484439","23-Dec-2024"
"430","Normal/Others","WS/MP826/2024-2025/135574-Street lights","West Bengal","DARJEELING(DISTRICT MAGISTRATE DARJEELING_IDA)","Raju Bista","DARJEELING","Installation of solar street lights at Marionbari Garidhura Road, under St Mary's-III GP  Ref: Manoj Tamang (8617890253), Member, St Mary's-III GP","16-Aug-2024","411946","23-Dec-2024"
"431","Normal/Others","WS/MP826/2024-2025/135575-Street lights","West Bengal","DARJEELING(DISTRICT MAGISTRATE DARJEELING_IDA)","Raju Bista","DARJEELING","Installation of solar street lights at Ambotia Tea Garden, Sansad IV, Pandu GP  Ref: Pratima Subba (7047278082), Member, Pandu GP","16-Aug-2024","474465","23-Dec-2024"
"432","Normal/Others","WS/MP826/2024-2025/135576-Street lights","West Bengal","DARJEELING(DISTRICT MAGISTRATE DARJEELING_IDA)","Raju Bista","DARJEELING","Installation of Solar Street Lights at Garidhura, Sansad XI, St Mary's-III GP  Ref: Jamuna Chhetri (9635815968), Member St Mary's-III GP","16-Aug-2024","461979","23-Dec-2024"
"433","Normal/Others","WS/MP826/2024-2025/135583-Street lights","West Bengal","DARJEELING(DISTRICT MAGISTRATE DARJEELING_IDA)","Raju Bista","DARJEELING","Installation of solar street lights at Sukna Part I, Sai Nagar, Sansad VIII-11  Ref: Chandra Shekhar Bhandari (6295015809), Member, Sukna GP","16-Aug-2024","500000","23-Dec-2024"
"434","Normal/Others","WS/MP826/2024-2025/135584-Street lights","West Bengal","DARJEELING(DISTRICT MAGISTRATE DARJEELING_IDA)","Raju Bista","DARJEELING","Installation of solar street lights at Sansad VI/8, Tindharia, Ghayabari-II GP  Ref: Ajay Biswakarma (8945996507), Ghayabari-II GP","16-Aug-2024","500000","23-Dec-2024"
"435","Normal/Others","WS/MP826/2024-2025/135585-Street lights","West Bengal","DARJEELING(DISTRICT MAGISTRATE DARJEELING_IDA)","Raju Bista","DARJEELING","Installation of solar street lights at Upper Sirubari to Lower Sirubari, Giddha Pahar  Ref: Dawa Tamang (8759568334), Member Ghayabari-I GP","16-Aug-2024","500000","23-Dec-2024"
"436","Normal/Others","WS/MP826/2025-2026/135586-Street lights","West Bengal","DARJEELING(DISTRICT MAGISTRATE DARJEELING_IDA)","Raju Bista","DARJEELING","Installation of solar street lights at Panighatta Bazar and Tea Garden  Ref: Sumitra Malay (9635754399), Member, Chenga-Panighatta GP","16-Aug-2024","391043","22-Aug-2025"
"437","Normal/Others","WS/MP18065/2024-2025/135587-Construction of common work sheds/ common covered sitting area","Haryana","REWARI(District Commissioner Rewari)","DEEPENDER SINGH HOODA","ROHTAK","Const. of Shed in Jat Dharamshala Rewari","13-Aug-2024","263371","30-Oct-2024"
"438","Normal/Others","WS/MP826/2024-2025/135588-Street lights","West Bengal","DARJEELING(DISTRICT MAGISTRATE DARJEELING_IDA)","Raju Bista","DARJEELING","Installation of solar street lights at SOureni Tea Garden, Ward No 4  Ref: Bikash Sharma (7601952503), Member, Soureni-I GP","16-Aug-2024","405348","23-Dec-2024"
"439","Normal/Others","WS/MP826/2026-2027/135589-Development of playground","West Bengal","DARJEELING(DISTRICT MAGISTRATE DARJEELING_IDA)","Raju Bista","DARJEELING","Construction of Pavilion/Gallery at Lohagarh TE Playground, Ward No 1  Ref: Alisha Chhetri (9749160153), Member Chenga-Panighatta GP","16-Aug-2024","500000","18-Aug-2026"
"440","Normal/Others","WS/MP826/2026-2027/135590-Construction of additional rooms and halls in the existing public and community building","West Bengal","DARJEELING(DISTRICT MAGISTRATE DARJEELING_IDA)","Raju Bista","DARJEELING","Construction of additional rooms and shed at Lohagarh TE community hall, Ward No 1/2  Ref: Roshnita Topno (7679784705), Member Chenga-Panighatta GP","16-Aug-2024","500000","18-Aug-2026"
"441","Normal/Others","NA-Construction of roads, link roads, pathways or any other road with or without drainage system","West Bengal","DARJEELING(DISTRICT MAGISTRATE DARJEELING_IDA)","Raju Bista","DARJEELING","Construction of CC road at Nichu Line Lohagarh Tea Estate","16-Aug-2024","500000","NA"
"442","Normal/Others","WS/MP826/2024-2025/135592-Street lights","West Bengal","DARJEELING(DISTRICT MAGISTRATE DARJEELING_IDA)","Raju Bista","DARJEELING","Installation of solar street lights at Belgachhi Tea Garden  Ref: Nilima Tigga (9382475526), Member, Chenga-Panighatta GP","16-Aug-2024","405348","23-Dec-2024"
"443","Normal/Others","WS/MP18006/2024-2025/135593-Construction of roads, link roads, pathways or any other road with or without drainage system","Andhra Pradesh","CHITTOOR(DISTRICT COLLECTOR CHITTOOR_IDA)","DAGGUMALLA PRASADA RAO","CHITTOOR","Construction of CC Road from Amudala Village to AmudalaHW in Amudala Village&GP of Palasamudram MAndal of GD Nellore Constituency","13-Aug-2024","450000","23-Aug-2024"
"444","Normal/Others","WS/MP826/2024-2025/135594-Construction of roads, link roads, pathways or any other road with or without drainage system","West Bengal","DARJEELING(DISTRICT MAGISTRATE DARJEELING_IDA)","Raju Bista","DARJEELING","Construction of jeepable road from Smt. Munni Tamang House to Dambar Singh Chhetri's land  Ref: Bikram Pakhrin (8509370443), Member, Chenga-Panighatta","16-Aug-2024","499759","23-Dec-2024"
"445","Normal/Others","WS/MP18006/2024-2025/135595-Construction of roads, link roads, pathways or any other road with or without drainage system","Andhra Pradesh","CHITTOOR(DISTRICT COLLECTOR CHITTOOR_IDA)","DAGGUMALLA PRASADA RAO","CHITTOOR","Construction of CC road from Amudala Village to Amudala ST colony in Amudala Village & GP of Palasamudram Mandal of GD Nelloore Constituency","13-Aug-2024","450000","23-Aug-2024"
"446","Normal/Others","WS/MP826/2024-2025/135596-Street lights","West Bengal","DARJEELING(DISTRICT MAGISTRATE DARJEELING_IDA)","Raju Bista","DARJEELING","Installation of Solar Street Lights at Panthabari village  Ref: Rina Majhi (8927643669), Member Chenga-Panighatta GP","16-Aug-2024","396764","23-Dec-2024"
"447","Normal/Others","WS/MP826/2026-2027/135597-Street lights","West Bengal","DARJEELING(DISTRICT MAGISTRATE DARJEELING_IDA)","Raju Bista","DARJEELING","Installation of solar lights at Manedara GP, Ward No 5  Ref: Nirmal Bhujel (9609887233), Member Manedara GP","16-Aug-2024","500000","07-Jul-2026"
"448","Normal/Others","WS/MP826/2025-2026/135598-Street lights","West Bengal","DARJEELING(DISTRICT MAGISTRATE DARJEELING_IDA)","Raju Bista","DARJEELING","Installation of solar street lights from GL Dhura to Rongchong  Ref: Sharmila Subba (9933671142), Member Rongchong GP","16-Aug-2024","500000","23-Apr-2025"
"449","Normal/Others","WS/MP826/2025-2026/135599-Street lights","West Bengal","DARJEELING(DISTRICT MAGISTRATE DARJEELING_IDA)","Raju Bista","DARJEELING","Installation of solar street lights from Manedara to Dong Busty, Peshok  Ref: Sandesh Bhujel (8145406169), Member, Lamahatta GP","16-Aug-2024","500000","23-Apr-2025"
"450","Normal/Others","WS/MP826/2025-2026/135600-Construction of community centers and community halls","West Bengal","DARJEELING(DISTRICT MAGISTRATE DARJEELING_IDA)","Raju Bista","DARJEELING","Construction of community hall at Ward No IX, Lamahatta GP  Ref: Basanti Tamang (8001513099), Member Lamahatta GP","16-Aug-2024","500000","23-Apr-2025"
"451","Normal/Others","WS/MP826/2025-2026/135601-Street lights","West Bengal","DARJEELING(DISTRICT MAGISTRATE DARJEELING_IDA)","Raju Bista","DARJEELING","Installation of solar street lights at Ward No X, Lamahatta GP  Ref: Mangal Tamang (7602537297), Member Lamahatta GP","16-Aug-2024","500000","23-Apr-2025"
"452","Normal/Others","WS/MP826/2025-2026/135602-Street lights","West Bengal","DARJEELING(DISTRICT MAGISTRATE DARJEELING_IDA)","Raju Bista","DARJEELING","Installation of solar street lights at Reshep GP, Mangpoo, 24/98  Ref: Kalpana Rai (6294072744), Member Reshep GP","16-Aug-2024","500000","23-Apr-2025"
"453","Normal/Others","WS/MP826/2025-2026/135603-Construction of roads, link roads, pathways or any other road with or without drainage system","West Bengal","DARJEELING(DISTRICT MAGISTRATE DARJEELING_IDA)","Raju Bista","DARJEELING","Construction of CC Footpath with Culvert from Binod Subba's House to Daniel Subba's house at Mungpoo, Ward No 3, Reshep GP  Ref: Dimple Baraily (7679088464), Member Reshep GP","16-Aug-2024","500000","23-Apr-2025"
"454","Normal/Others","WS/MP826/2025-2026/135604-Street lights","West Bengal","DARJEELING(DISTRICT MAGISTRATE DARJEELING_IDA)","Raju Bista","DARJEELING","Installation of solar street lights at Ward No 4, Reshepdhura, Reshep GP  Ref: Shakuntala Mukhia (9775877995), Member, Reshep GP","16-Aug-2024","500000","23-Apr-2025"
"455","Normal/Others","WS/MP18006/2024-2025/135639-Providing drains and gutters for public drainage","Andhra Pradesh","CHITTOOR(DISTRICT COLLECTOR CHITTOOR_IDA)","DAGGUMALLA PRASADA RAO","CHITTOOR","Construction of Under Ground Drainage at Thalaripalli HW(Reach 1) H/O Ramakrishnapuram GP in Penumuru Mandal of GD Nelloore Constituency.","13-Aug-2024","440871","27-Aug-2024"
"456","Normal/Others","WS/MP18006/2024-2025/135640-Providing drains and gutters for public drainage","Andhra Pradesh","CHITTOOR(DISTRICT COLLECTOR CHITTOOR_IDA)","DAGGUMALLA PRASADA RAO","CHITTOOR","Construction of Under Ground Draiange at Thalaripalli HW(Reach II) H/O Ramakrishnapuram GP in Penumuru Mandal of GD Nellore Constituency.","13-Aug-2024","500000","27-Aug-2024"
"457","Normal/Others","WS/MP18006/2024-2025/135641-Providing drains and gutters for public drainage","Andhra Pradesh","CHITTOOR(DISTRICT COLLECTOR CHITTOOR_IDA)","DAGGUMALLA PRASADA RAO","CHITTOOR","Construction of Under Ground Drainage at Thalaripalli HW (Reach III) H/O Ramakrishnapuram GP in Penumuru Mandal of GD Nelloore Constituency.","13-Aug-2024","489209","27-Aug-2024"
"458","Normal/Others","WS/MP18006/2024-2025/135642-Providing drains and gutters for public drainage","Andhra Pradesh","CHITTOOR(DISTRICT COLLECTOR CHITTOOR_IDA)","DAGGUMALLA PRASADA RAO","CHITTOOR","Construction of Under Ground Drainage at Penumuru Town (Reach I)& GP, Penumuru Mandal of GD Nelloore Constituency.","13-Aug-2024","477866","27-Aug-2024"
"459","Normal/Others","WS/MP18006/2024-2025/135643-Providing drains and gutters for public drainage","Andhra Pradesh","CHITTOOR(DISTRICT COLLECTOR CHITTOOR_IDA)","DAGGUMALLA PRASADA RAO","CHITTOOR","Construction of Under Ground Drainage at Penumuru Town (Reach II)&GP, Penumuru Mandal of GD Nelloore Constituency.","13-Aug-2024","200000","27-Aug-2024"
"460","Normal/Others","WS/MP18006/2024-2025/135645-Construction of roads, link roads, pathways or any other road with or without drainage system","Andhra Pradesh","CHITTOOR(DISTRICT COLLECTOR CHITTOOR_IDA)","DAGGUMALLA PRASADA RAO","CHITTOOR","Construction of CC Road in Payanagaripalli HW Village at sathayma Temple to Venkatama House and Sumati House to Tirumalaiaha House and Venkateswara Temple to Hari House, Gundlapalli GP, Irala mandal of Puthalapattu Constituency.","13-Aug-2024","400000","23-Aug-2024"
"461","Normal/Others","WS/MP18006/2024-2025/135646-Construction of roads, link roads, pathways or any other road with or without drainage system","Andhra Pradesh","CHITTOOR(DISTRICT COLLECTOR CHITTOOR_IDA)","DAGGUMALLA PRASADA RAO","CHITTOOR","Construction of CC Road at Hand Borewell to Sri Ramathirtha Sevashramam in Gundlapalli GP, Irala Mandal of Puthalapattu Constituency.","13-Aug-2024","100000","23-Aug-2024"
"462","Normal/Others","WS/MP18006/2024-2025/135647-Construction of roads, link roads, pathways or any other road with or without drainage system","Andhra Pradesh","CHITTOOR(DISTRICT COLLECTOR CHITTOOR_IDA)","DAGGUMALLA PRASADA RAO","CHITTOOR","Construction of CC Road From Pump House room to R&B Road Link and Markondaiah House to Venkatapuram HW end in Venkatapuram HW Village in Gundlapalli GP, Irala Mandal of Puthalapattu Constituency.","13-Aug-2024","500000","23-Aug-2024"
"463","Normal/Others","WS/MP18006/2024-2025/135648-Construction of roads, link roads, pathways or any other road with or without drainage system","Andhra Pradesh","CHITTOOR(DISTRICT COLLECTOR CHITTOOR_IDA)","DAGGUMALLA PRASADA RAO","CHITTOOR","Construction of CC Road from Nellepalli Mitta to Milk Dairy Nellepalli Mitta in Nellepalli GP of GD Nelloore Mandal and Constituency.","13-Aug-2024","500000","23-Aug-2024"
"464","Normal/Others","WS/MP18006/2024-2025/135649-Construction of roads, link roads, pathways or any other road with or without drainage system","Andhra Pradesh","CHITTOOR(DISTRICT COLLECTOR CHITTOOR_IDA)","DAGGUMALLA PRASADA RAO","CHITTOOR","Construction of CC Road from G. Nirmala House to Apparao & Hari House in Kothuru Village, Nellepalli GP of GD Nelloore Mandal and Constituency.","13-Aug-2024","500000","23-Aug-2024"
"465","Normal/Others","WS/MP18006/2024-2025/135650-Construction of roads, link roads, pathways or any other road with or without drainage system","Andhra Pradesh","CHITTOOR(DISTRICT COLLECTOR CHITTOOR_IDA)","DAGGUMALLA PRASADA RAO","CHITTOOR","Construction of CC Road from Milk Dairy to Juice Factory in Nellepalli Mitta in Nellepalli GP of GD Nelloore Mandal and Constituency.","13-Aug-2024","500000","23-Aug-2024"
"466","Normal/Others","WS/MP18006/2024-2025/135651-Construction of roads, link roads, pathways or any other road with or without drainage system","Andhra Pradesh","CHITTOOR(DISTRICT COLLECTOR CHITTOOR_IDA)","DAGGUMALLA PRASADA RAO","CHITTOOR","Construction of CC Road from G. Murali Mohan House to Bhuvaneswari House in Appireddykandriga in Nellepalli GP of GD Nelloore Mandal and Constituency.","13-Aug-2024","500000","23-Aug-2024"
"467","Normal/Others","WS/MP18006/2024-2025/135652-Construction of roads, link roads, pathways or any other road with or without drainage system","Andhra Pradesh","CHITTOOR(DISTRICT COLLECTOR CHITTOOR_IDA)","DAGGUMALLA PRASADA RAO","CHITTOOR","Construction of CC Road from Juice Factory to G. Murali Mohan House in Appireddykandriga in Nellepalli GP of GD Nelloore Mandal and Constituency.","13-Aug-2024","500000","23-Aug-2024"
"468","Normal/Others","WS/MP18006/2024-2025/135653-Construction of roads, link roads, pathways or any other road with or without drainage system","Andhra Pradesh","CHITTOOR(DISTRICT COLLECTOR CHITTOOR_IDA)","DAGGUMALLA PRASADA RAO","CHITTOOR","Construction of CC Road from K. Ravindra Reddy House to Peddamittapalli Road at Chinnamittapalli Village in Nellepalli GP of GD Nelloore Mandal and Constituency.","13-Aug-2024","500000","23-Aug-2024"
"469","Normal/Others","WS/MP18006/2024-2025/135654-Construction of roads, link roads, pathways or any other road with or without drainage system","Andhra Pradesh","CHITTOOR(DISTRICT COLLECTOR CHITTOOR_IDA)","DAGGUMALLA PRASADA RAO","CHITTOOR","Construction of CC Road from Peddamittapalli Road to K. Venkata Reddy House at Chinnamittapalli Village of Nellepalli GP of GD Nelloore Mandal and Constituency.","13-Aug-2024","500000","23-Aug-2024"
"470","Normal/Others","WS/MP18006/2024-2025/135655-Construction of roads, link roads, pathways or any other road with or without drainage system","Andhra Pradesh","CHITTOOR(DISTRICT COLLECTOR CHITTOOR_IDA)","DAGGUMALLA PRASADA RAO","CHITTOOR","Construction of CC Road from Arimakulapalli Village to Aravinda(Ananda Naidu) House in Arimakulapalli Village, Dasarapalli GP in Yadamari Mandal of Puthalapattu Constituency.","13-Aug-2024","500000","03-Sep-2024"
"471","Normal/Others","WS/MP18006/2024-2025/135656-Construction of roads, link roads, pathways or any other road with or without drainage system","Andhra Pradesh","CHITTOOR(DISTRICT COLLECTOR CHITTOOR_IDA)","DAGGUMALLA PRASADA RAO","CHITTOOR","Construction of CC road from Molakamadugu Village to Kotala Main Road in Molakamadugu Village, Dasarapalli GP in Yadamar Mandal of Puthalapttu Constituency.","13-Aug-2024","500000","03-Sep-2024"
"472","Normal/Others","WS/MP18006/2024-2025/135658-Construction of roads, link roads, pathways or any other road with or without drainage system","Andhra Pradesh","CHITTOOR(DISTRICT COLLECTOR CHITTOOR_IDA)","DAGGUMALLA PRASADA RAO","CHITTOOR","BT Road from Aragonda Main Road to Kondrajukalava Village and GP in Thavanampalli Mandal of Puthalapattu Constituency.","13-Aug-2024","2000000","09-Oct-2024"
"473","Normal/Others","WS/MP485/2024-2025/135678-Construction of common work sheds/ common covered sitting area","West Bengal","South 24 Parganas(DISTRICT MAGISTRATE SOUTH TWENTY FOUR PARGANAS_IDA)","Pratima Mondal","JOYNAGAR(SC)","Construction  of yatrished near Canning S.D. Hospital ,Dighirpar Grmpanchayet","14-Aug-2024","499837","17-Sep-2024"
"474","Normal/Others","WS/MP485/2024-2025/135679-Street lights","West Bengal","South 24 Parganas(DISTRICT MAGISTRATE SOUTH TWENTY FOUR PARGANAS_IDA)","Pratima Mondal","JOYNAGAR(SC)","Installation of Street Light from Gouri Marble to Hanuman Mandir under Matla-I G.P","14-Aug-2024","349964","17-Sep-2024"
"475","Normal/Others","WS/MP485/2024-2025/135680-Street lights","West Bengal","South 24 Parganas(DISTRICT MAGISTRATE SOUTH TWENTY FOUR PARGANAS_IDA)","Pratima Mondal","JOYNAGAR(SC)","Installation of Street Light from Bimal Saha's house to Bijan Halder's shop under Matla-I","14-Aug-2024","349842","17-Sep-2024"
"476","Normal/Others","WS/MP485/2024-2025/135681-Street lights","West Bengal","South 24 Parganas(DISTRICT MAGISTRATE SOUTH TWENTY FOUR PARGANAS_IDA)","Pratima Mondal","JOYNAGAR(SC)","Installation of Street Light from Pulin Sarder's house to High School para  under Matla-II","14-Aug-2024","346522","17-Sep-2024"
"477","Normal/Others","WS/MP485/2024-2025/135682-Street lights","West Bengal","South 24 Parganas(DISTRICT MAGISTRATE SOUTH TWENTY FOUR PARGANAS_IDA)","Pratima Mondal","JOYNAGAR(SC)","Installation of Street Light from Pradip Bhandari's house to Anej Laskar's house  under Matla-II","14-Aug-2024","349952","17-Sep-2024"
"478","Repair and Renovation","WS/MP826/2025-2026/135683-Construction of community centers and community halls","West Bengal","DARJEELING(DISTRICT MAGISTRATE DARJEELING_IDA)","Raju Bista","DARJEELING","Renovation of community centre at Deepak Toll, Reshep Dhura, Mungpoo towards Nawa Deepak Ghar Sudhar Samity  Ref: Ajit Chhetri (7001748397), Member, Reshep GP","16-Aug-2024","500000","23-Apr-2025"
"479","Normal/Others","WS/MP826/2025-2026/135684-Street lights","West Bengal","DARJEELING(DISTRICT MAGISTRATE DARJEELING_IDA)","Raju Bista","DARJEELING","Installation of solar street lights at Ward No 6, Mungpoo, Reshep Gram Panchayat  Ref: Satish Rai (7001612543), Member, Reshep GP","16-Aug-2024","500000","23-Apr-2025"
"480","Repair and Renovation","WS/MP826/2025-2026/135685-Construction of community centers and community halls","West Bengal","DARJEELING(DISTRICT MAGISTRATE DARJEELING_IDA)","Raju Bista","DARJEELING","Repair and renovation of Kalyankari Samaj community hall at Ward No 3, Sansad V, Mungpoo, Reshep Gram Panchayat  Ref: Saran Kumar Rai (6296545825), Member, Reshep GP","16-Aug-2024","500000","23-Apr-2025"
"481","Normal/Others","WS/MP826/2025-2026/135686-Construction of additional rooms and halls in the existing public and community building","West Bengal","DARJEELING(DISTRICT MAGISTRATE DARJEELING_IDA)","Raju Bista","DARJEELING","Construction of additional rooms at community Samaj GHar  Ref: Sailendra Dewan (9635124527), Member Lamahatta GP","16-Aug-2024","500000","23-Apr-2025"
"482","Normal/Others","WS/MP826/2024-2025/135687-Street lights","West Bengal","DARJEELING(DISTRICT MAGISTRATE DARJEELING_IDA)","Raju Bista","DARJEELING","Installation of solar street lights at Ambotia Tea Garden, Sansad IV, Pandi Gram Panchayat  Ref: Sabita Rai (9775838273), Member, Pandu GP","16-Aug-2024","500000","23-Dec-2024"
"483","Normal/Others","WS/MP826/2024-2025/135688-Street lights","West Bengal","DARJEELING(DISTRICT MAGISTRATE DARJEELING_IDA)","Raju Bista","DARJEELING","Installation of Solar Street Lights at Sansad IX, Pandu Gram Panchayat  Ref: Raj Kumar Gurung (9851242354), Member Pandu GP","16-Aug-2024","500000","11-Feb-2025"
"484","Normal/Others","WS/MP826/2024-2025/135689-Construction of roads, link roads, pathways or any other road with or without drainage system","West Bengal","DARJEELING(DISTRICT MAGISTRATE DARJEELING_IDA)","Raju Bista","DARJEELING","COnstruction of Road with drainage systems at Sukna Part-II, near Sukna Community Hall  Ref: Hemawati Tamang (8759964663) & Surjamani Brahman (7719232082), Members Sukna GP","16-Aug-2024","1000000","12-Mar-2025"
"485","Normal/Others","WS/MP826/2024-2025/135690-Street lights","West Bengal","DARJEELING(DISTRICT MAGISTRATE DARJEELING_IDA)","Raju Bista","DARJEELING","Installation of solar street lights at Tindharia, Sansad IV/6, Ghayabari-II Gram Panchayat  Ref: Sushmita Gazmer (7903442618), Member, Ghayabari-II","16-Aug-2024","500000","23-Dec-2024"
"486","Normal/Others","WS/MP826/2024-2025/135692-Street lights","West Bengal","DARJEELING(DISTRICT MAGISTRATE DARJEELING_IDA)","Raju Bista","DARJEELING","Installation of solar street lights at Upper Chaitey Pani Deorali & Simanatar Busty  Ref: Anupa Subba (8670000685), Member Chimney Deorali GP","16-Aug-2024","500000","23-Dec-2024"
"487","Normal/Others","WS/MP826/2024-2025/135693-Street lights","West Bengal","DARJEELING(DISTRICT MAGISTRATE DARJEELING_IDA)","Raju Bista","DARJEELING","Installation of solar street lights at Tin Mile Busty, Sansad III/4, Chimney Deorali Gram Panchayat   Ref: Sharda Thapa (9851319290), Member, Chimney Deorali GP","16-Aug-2024","500000","23-Dec-2024"
"488","Normal/Others","WS/MP826/2024-2025/135694-Construction of boundary walls of existing public and community buildings","West Bengal","DARJEELING(DISTRICT MAGISTRATE DARJEELING_IDA)","Raju Bista","DARJEELING","Construction of protection wall at Tiger Hill CLub, Dara Gaon, Ward No 1, Chongtong GP  Ref: Ranjana Tamang (9733368248), Member Chongtong GP","16-Aug-2024","500000","05-Mar-2025"
"489","Repair and Renovation","WS/MP826/2025-2026/135695-Construction of public libraries and reading rooms","West Bengal","DARJEELING(DISTRICT MAGISTRATE DARJEELING_IDA)","Raju Bista","DARJEELING","Repair and renovation of public library at Sansad IV, Lamahatta Gram Panchayat  Ref: Manju Waiba (7866940040), Member Lamahatta GP","16-Aug-2024","500000","23-Apr-2025"
"490","Normal/Others","WS/MP826/2026-2027/135696-Street lights","West Bengal","DARJEELING(DISTRICT MAGISTRATE DARJEELING_IDA)","Raju Bista","DARJEELING","Installation of Solar Light at Peshok Tea Garden Ward No VIII Lamahatta GP","16-Aug-2024","500000","27-Jul-2026"
"491","Normal/Others","WS/MP826/2025-2026/135697-Construction of boundary walls of existing public and community buildings","West Bengal","DARJEELING(DISTRICT MAGISTRATE DARJEELING_IDA)","Raju Bista","DARJEELING","Construction of protection/guard wall at Karbari Jhora at Ward No II, Upper Lamahatta, 9th Mile  Ref: Lamu Sherpa (6295291010), Member Lamahatta Gram Panchayat","16-Aug-2024","500000","23-Apr-2025"
"492","Normal/Others","WS/MP826/2024-2025/135699-Street lights","West Bengal","DARJEELING(DISTRICT MAGISTRATE DARJEELING_IDA)","Raju Bista","DARJEELING","Installation of solar street lights at Upper Gairi Gaon, Ghayabari-III Gram Panchayat  Ref: Mahesh Chhetri (6294954606), Member Ghayabari-III GP","16-Aug-2024","500000","23-Dec-2024"
"493","Normal/Others","WS/MP826/2024-2025/135700-Street lights","West Bengal","DARJEELING(DISTRICT MAGISTRATE DARJEELING_IDA)","Raju Bista","DARJEELING","Installation of solar street lights at Lower Gairi Gaon, Ghayabari-III Gram Panchayat  Ref: Sunita Khati (8826297543), Member Ghayabari-III GP","16-Aug-2024","500000","23-Dec-2024"
"494","Normal/Others","WS/MP826/2025-2026/135701-Construction of additional rooms and halls in the existing public and community building","West Bengal","DARJEELING(DISTRICT MAGISTRATE DARJEELING_IDA)","Raju Bista","DARJEELING","Construction of additional rooms at community halls at Rockwood Ranikothi  Ref: Pemila Dorjee Bhutia (9800898774), Councillor, Darjeeling Municipality, Ward No 16","16-Aug-2024","1000000","08-Apr-2025"
"495","Normal/Others","WS/MP826/2024-2025/135702-Providing drains and gutters for public drainage","West Bengal","DARJEELING(DISTRICT MAGISTRATE DARJEELING_IDA)","Raju Bista","DARJEELING","Construction of public drainage from NCC House to Lebong Cartroad, Darjeeling  Ref: Priya Dixit (7797687547), Councillor Darjeeling Municipality, Ward No 30","16-Aug-2024","942409","11-Feb-2025"
"496","Normal/Others","WS/MP826/2024-2025/135703-Construction of boundary walls of existing public and community buildings","West Bengal","DARJEELING(DISTRICT MAGISTRATE DARJEELING_IDA)","Raju Bista","DARJEELING","Construction of Protection wall at Kalyan Bikash Samity, AJC Bose Road, Near Lalkothi   Ref: Sandhya Thapa Baraily (9002165685), Councillor, Darjeeling Municipality, Ward No 11","16-Aug-2024","500000","07-Mar-2025"
"497","Normal/Others","WS/MP747/2024-2025/135704-Construction of community centers and community halls","Tamil Nadu","MADURAI(DISTRICT COLLECTOR MADURAI_IDA)","Manickam Tagore B","VIRUDHUNAGAR","Construction of Community Hall in Valayapatti Village and panchayat. Thirupparankundram Panchayat Union.","13-Sep-2024","2495751","20-Nov-2024"
"498","Normal/Others","WS/MP826/2024-2025/135706-Construction of footpaths and pedestrian ways","West Bengal","DARJEELING(DISTRICT MAGISTRATE DARJEELING_IDA)","Raju Bista","DARJEELING","Construction of footpath at Middle Kak Jhora Ward No XII Darjeeling Municipality","16-Aug-2024","500000","07-Mar-2025"
"499","Normal/Others","WS/MP826/2024-2025/135707-Construction of footpaths and pedestrian ways","West Bengal","DARJEELING(DISTRICT MAGISTRATE DARJEELING_IDA)","Raju Bista","DARJEELING","Construction of footpath with protection wall at Upper Merry Villa  Ref: Aruna Rai (9564781370), Councillor, Ward No 6, Darjeeling Municipality","16-Aug-2024","461795","11-Feb-2025"
"500","Normal/Others","WS/MP826/2024-2025/135708-Construction of footpaths and pedestrian ways","West Bengal","KALIMPONG(District Magistrate Kalimpong_IDA)","Raju Bista","DARJEELING","Construction of footpath at Kalikotey Gaon, Barbot, Sindebong GP  Ref: Charitra Pakhrin (9002320942), Member Sindebong GP, Sansad IV","16-Aug-2024","499918","15-Jan-2025"
"501","Normal/Others","WS/MP826/2024-2025/135709-Construction of foot over bridge (FOB)","West Bengal","KALIMPONG(District Magistrate Kalimpong_IDA)","Raju Bista","DARJEELING","Construction of footover bridge at Shivali Jhora connecting Khimdung and Sungdung villages.   Ref: Sita Chhetri (8597906792), Member, Sansad V, Pudung GP","16-Aug-2024","499907","15-Jan-2025"
"502","Normal/Others","WS/MP826/2024-2025/135710-Development of playground","West Bengal","KALIMPONG(District Magistrate Kalimpong_IDA)","Raju Bista","DARJEELING","Development of playground and construction of gallery at Pochok Busty, Gitdabling GP  Ref: Amrita Rai (7602038981), Member Gitdabling GP, Sansad VI","16-Aug-2024","462732","15-Jan-2025"
"503","Normal/Others","WS/MP826/2024-2025/135711-Construction of community centers and community halls","West Bengal","KALIMPONG(District Magistrate Kalimpong_IDA)","Raju Bista","DARJEELING","Construction of community center at Kopish Forest Busty, Sansad IV, Kumai GP  Ref: Kabita Rai (9564957336), Member, Kumai Gram Panchayat","16-Aug-2024","499999","12-Feb-2025"
"504","Normal/Others","WS/MP826/2024-2025/135712-Street lights","West Bengal","DARJEELING(DISTRICT MAGISTRATE DARJEELING_IDA)","Raju Bista","DARJEELING","Installation of SOlar street lights at Seeyok Tea Garden, Ward No 4  Ref: Bharati Pradhan (8509683120), Member Rangbhang-Gopaldhara Gram Panchayat","16-Aug-2024","466505","23-Dec-2024"
"505","Normal/Others","WS/MP826/2024-2025/135713-Construction of roads, link roads, pathways or any other road with or without drainage system","West Bengal","DARJEELING(DISTRICT MAGISTRATE DARJEELING_IDA)","Raju Bista","DARJEELING","Construction of pony road with drainage system at Burns Gram, below Govt College, Ward No 27, Darjeeling Municipality  Ref: Pinkee Thapa (9733019741)","16-Aug-2024","500000","11-Feb-2025"
"506","Normal/Others","WS/MP826/2025-2026/135714-Construction of additional rooms and halls in the existing public and community building","West Bengal","DARJEELING(DISTRICT MAGISTRATE DARJEELING_IDA)","Raju Bista","DARJEELING","Construction of additional rooms at Darjeeling Mitra Milan Sangh community hall at JP Sharma Road  Ref: Bandana Mangar (9932207454)","16-Aug-2024","487774","25-Aug-2025"
"507","Repair and Renovation","WS/MP826/2024-2025/135715-Construction of rooms and halls in school and colleges","West Bengal","DARJEELING(DISTRICT MAGISTRATE DARJEELING_IDA)","Raju Bista","DARJEELING","Repair and renovation of Ghoom Girls Primary School  Ref: Ghoom Girls Primary School","16-Aug-2024","490768","11-Feb-2025"
"508","Normal/Others","WS/MP826/2024-2025/135716-Street lights","West Bengal","DARJEELING(DISTRICT MAGISTRATE DARJEELING_IDA)","Raju Bista","DARJEELING","Installation of solar street lights at Rajbari Tindharia, Ward No 248, 249, 250  Ref: Esneha Bardewa (8906462621), Samiti Member, Ghayabari-II GP","16-Aug-2024","500000","23-Dec-2024"
"509","Normal/Others","NA-Construction of additional rooms and halls in the existing public and community building","West Bengal","DARJEELING(DISTRICT MAGISTRATE DARJEELING_IDA)","Raju Bista","DARJEELING","Construction of additional rooms at Milan Sangha, Naguru Jote, Nimai, Patharghata Gram Panchayat  Ref: Shailesh Sing (7384197077)","16-Aug-2024","500000","NA"
"510","Normal/Others","WS/MP18144/2024-2025/135750-Purchase of hospital equipment","Odisha","KALAHANDI(DISTRICT COLLECTOR KALAHANDI_IDA)","MALVIKA DEVI","KALAHANDI","Obstetric Delivery Table, Wheel Chair folding, Revolving Stool SS top(MS Frame),Bed Side Screen(4 Panels), Medicine Trolley with 4 Drawer, Stretcher on Trolley, Foot Step( Double Step), Autoclave High Pressure, LED OT Light (Mobile light with battery backup),Suction Apparatus(1/4HP), Packing, Transportation & Installation.","16-Aug-2024","500000","19-Nov-2024"
"511","Normal/Others","WS/MP18144/2024-2025/135751-Purchase of hospital equipment","Odisha","KALAHANDI(DISTRICT COLLECTOR KALAHANDI_IDA)","MALVIKA DEVI","KALAHANDI","Obstetric Delivery Table, Wheel Chair folding, Revolving Stool SS top(MS Frame),Bed Side Screen(4 Panels), Medicine Trolley with 4 Drawer, Stretcher on Trolley, Foot Step( Double Step), Autoclave High Pressure, LED OT Light (Mobile light with battery backup),Suction Apparatus(1/4HP), Packing, Transportation & Installation.","16-Aug-2024","500000","19-Nov-2024"
"512","Normal/Others","WS/MP18144/2024-2025/135752-Purchase of hospital equipment","Odisha","KALAHANDI(DISTRICT COLLECTOR KALAHANDI_IDA)","MALVIKA DEVI","KALAHANDI","Obstetric Delivery Table, Wheel Chair folding, Revolving Stool SS top(MS Frame),Bed Side Screen(4 Panels), Medicine Trolley with 4 Drawer, Stretcher on Trolley, Foot Step( Double Step), Autoclave High Pressure, LED OT Light (Mobile light with battery backup),Suction Apparatus(1/4HP), Packing, Transportation & Installation.","16-Aug-2024","500000","19-Nov-2024"
"513","Normal/Others","WS/MP18144/2024-2025/135753-Purchase of hospital equipment","Odisha","KALAHANDI(DISTRICT COLLECTOR KALAHANDI_IDA)","MALVIKA DEVI","KALAHANDI","Obstetric Delivery Table, Wheel Chair folding, Revolving Stool SS top(MS Frame),Bed Side Screen(4 Panels), Medicine Trolley with 4 Drawer, Stretcher on Trolley, Foot Step( Double Step), Autoclave High Pressure, LED OT Light (Mobile light with battery backup),Suction Apparatus(1/4HP), Packing, Transportation & Installation.","16-Aug-2024","499500","19-Nov-2024"
"514","Normal/Others","WS/MP18144/2024-2025/135754-Purchase of hospital equipment","Odisha","KALAHANDI(DISTRICT COLLECTOR KALAHANDI_IDA)","MALVIKA DEVI","KALAHANDI","Obstetric Delivery Table, Wheel Chair folding, Revolving Stool SS top(MS Frame),Bed Side Screen(4 Panels), Medicine Trolley with 4 Drawer, Stretcher on Trolley, Foot Step( Double Step), Autoclave High Pressure, LED OT Light (Mobile light with battery backup),Suction Apparatus(1/4HP), Packing, Transportation & Installation.","16-Aug-2024","499500","19-Nov-2024"
"515","Normal/Others","WS/MP18144/2024-2025/135755-Purchase of hospital equipment","Odisha","KALAHANDI(DISTRICT COLLECTOR KALAHANDI_IDA)","MALVIKA DEVI","KALAHANDI","Obstetric Delivery Table, Wheel Chair folding, Revolving Stool SS top(MS Frame),Bed Side Screen(4 Panels), Medicine Trolley with 4 Drawer, Stretcher on Trolley, Foot Step( Double Step), Autoclave High Pressure, LED OT Light (Mobile light with battery backup),Suction Apparatus(1/4HP), Packing, Transportation & Installation.","16-Aug-2024","499500","19-Nov-2024"
"516","Normal/Others","WS/MP18144/2024-2025/135756-Purchase of hospital equipment","Odisha","KALAHANDI(DISTRICT COLLECTOR KALAHANDI_IDA)","MALVIKA DEVI","KALAHANDI","Obstetric Delivery Table, Wheel Chair folding, Revolving Stool SS top(MS Frame),Bed Side Screen(4 Panels), Medicine Trolley with 4 Drawer, Stretcher on Trolley, Foot Step( Double Step), Autoclave High Pressure, LED OT Light (Mobile light with battery backup),Suction Apparatus(1/4HP), Packing, Transportation & Installation.","16-Aug-2024","499500","19-Nov-2024"
"517","Normal/Others","WS/MP18144/2024-2025/135757-Purchase of hospital equipment","Odisha","KALAHANDI(DISTRICT COLLECTOR KALAHANDI_IDA)","MALVIKA DEVI","KALAHANDI","Obstetric Delivery Table, Wheel Chair folding, Revolving Stool SS top(MS Frame),Bed Side Screen(4 Panels), Medicine Trolley with 4 Drawer, Stretcher on Trolley, Foot Step( Double Step), Autoclave High Pressure, LED OT Light (Mobile light with battery backup),Suction Apparatus(1/4HP), Packing, Transportation & Installation.","16-Aug-2024","500000","19-Nov-2024"
"518","Normal/Others","WS/MP18144/2024-2025/135758-Purchase of hospital equipment","Odisha","KALAHANDI(DISTRICT COLLECTOR KALAHANDI_IDA)","MALVIKA DEVI","KALAHANDI","Obstetric Delivery Table, Wheel Chair folding, Revolving Stool SS top(MS Frame),Bed Side Screen(4 Panels), Medicine Trolley with 4 Drawer, Stretcher on Trolley, Foot Step( Double Step), Autoclave High Pressure, LED OT Light (Mobile light with battery backup),Suction Apparatus(1/4HP), Packing, Transportation & Installation.","16-Aug-2024","500000","19-Nov-2024"
"519","Repair and Renovation","WS/MP826/2024-2025/135759-Construction of roads, link roads, pathways or any other road with or without drainage system","West Bengal","DARJEELING(DISTRICT MAGISTRATE DARJEELING_IDA)","Raju Bista","DARJEELING","Repair of rural link road at Munshi Dhura Gaon, Kurbia Vibhag  Ref: Gram Sudhar Samity (Sonam Lama - 7432939432)","16-Aug-2024","400000","12-Mar-2025"
"520","Normal/Others","WS/MP858/2024-2025/135760-Street lights","West Bengal","BIRBHUM(DISTRICT MAGISTRATE BIRBHUM_IDA)","Asit Kumar Mal","BOLPUR(SC)","INSTALLATION OF HIGH MAST STREET LIGHT AT JAMNA MAEKET ROAD SIDE,UNDER LABHPUR BLOCK, EXCUTING AGENCY WILL BE EO LABHPUR PANCHYAT SAMITY.","14-Aug-2024","438556","13-Sep-2024"
"521","Normal/Others","WS/MP526/2024-2025/135770-Construction of roads, link roads, pathways or any other road with or without drainage system","Andhra Pradesh","Y.S.R. Kadapa(DISTRICT COLLECTOR CUDDAPAH_IDA)","Y S Avinash Reddy","KADAPA","Laying of inspection track from Km 1.500 to km 2.250 of Cherlopalli Minor of Gurijala distributory near Bidinamcherla (V) of Simhadripuram (M), YSR District","20-Aug-2024","497000","18-Nov-2024"
"522","Normal/Others","WS/MP526/2024-2025/135771-Construction of roads, link roads, pathways or any other road with or without drainage system","Andhra Pradesh","Y.S.R. Kadapa(DISTRICT COLLECTOR CUDDAPAH_IDA)","Y S Avinash Reddy","KADAPA","Laying of inspection track from Km 2.260 to km 2.900 of Cherlopalli Minor of Gurijala distributory near Bidinamcherla (V) of Simhadripuram (M), YSR District","20-Aug-2024","496000","18-Nov-2024"
"523","Normal/Others","WS/MP526/2024-2025/135772-Construction of community centers and community halls","Andhra Pradesh","Y.S.R. Kadapa(DISTRICT COLLECTOR CUDDAPAH_IDA)","Y S Avinash Reddy","KADAPA","Completion of Incomplete community Hall in 4th ward in Vempalli (V &M), YSR District.","20-Aug-2024","980399","08-Jan-2025"
"524","Normal/Others","WS/MP526/2024-2025/135773-Providing supply pipelines for drinking water","Andhra Pradesh","Y.S.R. Kadapa(DISTRICT COLLECTOR CUDDAPAH_IDA)","Y S Avinash Reddy","KADAPA","Replacement of old Pump set with accessaries and Pipe line near OHSR tank at Chinnakudala (V) of Lingal Mandal, YSR District.","20-Aug-2024","400000","18-Nov-2024"
"525","Trust and Society","WS/MP431/2024-2025/135774-Construction of buildings for community cultural activities","Haryana","GURUGRAM(DC CUM NODAL OFFICER MPLADS_5)","Rao Inderjit Singh","GURGAON","Const. of Jat Bhawan","15-Aug-2024","1500000","16-Dec-2024"
"526","Normal/Others","WS/MP18065/2024-2025/135791-Construction of community centers and community halls","Haryana","JHAJJAR(DEPUTY COMMISSIONER cum NODAL OFFICER MPLADS JHAJJAR)","DEEPENDER SINGH HOODA","ROHTAK","Deveopment works in Mulla Jat Choupal","16-Aug-2024","500000","31-Dec-2024"
"527","Normal/Others","WS/MP18065/2024-2025/135792-Construction of community centers and community halls","Haryana","JHAJJAR(DEPUTY COMMISSIONER cum NODAL OFFICER MPLADS JHAJJAR)","DEEPENDER SINGH HOODA","ROHTAK","Const. of Room near Shiv Mandir","16-Aug-2024","462258","09-Dec-2024"
"528","Normal/Others","WS/MP18065/2024-2025/135793-Construction of community centers and community halls","Haryana","JHAJJAR(DEPUTY COMMISSIONER cum NODAL OFFICER MPLADS JHAJJAR)","DEEPENDER SINGH HOODA","ROHTAK","Development Works in Dada Birwan Brahman Choupal","16-Aug-2024","500000","23-Jan-2025"
"529","Normal/Others","WS/MP18065/2024-2025/135794-Construction of community centers and community halls","Haryana","JHAJJAR(DEPUTY COMMISSIONER cum NODAL OFFICER MPLADS JHAJJAR)","DEEPENDER SINGH HOODA","ROHTAK","17 Village Prajapat Choupal Construction","16-Aug-2024","1000000","05-Nov-2024"
"530","Normal/Others","WS/MP18065/2024-2025/135795-Construction of community centers and community halls","Haryana","JHAJJAR(DEPUTY COMMISSIONER cum NODAL OFFICER MPLADS JHAJJAR)","DEEPENDER SINGH HOODA","ROHTAK","Const./Comp. of Dharamshala near Ravidas Mandir","16-Aug-2024","698917","09-Dec-2024"
"531","Normal/Others","WS/MP18065/2024-2025/135796-Construction of community centers and community halls","Haryana","JHAJJAR(DEPUTY COMMISSIONER cum NODAL OFFICER MPLADS JHAJJAR)","DEEPENDER SINGH HOODA","ROHTAK","Development Works in Balmiki Choupal","16-Aug-2024","476498","05-Nov-2024"
"532","Normal/Others","WS/MP18065/2024-2025/135797-Construction of community centers and community halls","Haryana","JHAJJAR(DEPUTY COMMISSIONER cum NODAL OFFICER MPLADS JHAJJAR)","DEEPENDER SINGH HOODA","ROHTAK","Development Works in Balmiki Choupal","16-Aug-2024","494949","09-Dec-2024"
"533","Normal/Others","WS/MP18065/2024-2025/135798-Construction of community centers and community halls","Haryana","JHAJJAR(DEPUTY COMMISSIONER cum NODAL OFFICER MPLADS JHAJJAR)","DEEPENDER SINGH HOODA","ROHTAK","Development Works in Harijan Choupal","16-Aug-2024","500000","23-Jan-2025"
"534","Normal/Others","WS/MP18065/2024-2025/135799-Construction of community centers and community halls","Haryana","JHAJJAR(DEPUTY COMMISSIONER cum NODAL OFFICER MPLADS JHAJJAR)","DEEPENDER SINGH HOODA","ROHTAK","Development works in Harijan Choupal","16-Aug-2024","498149","23-Jan-2025"
"535","Normal/Others","WS/MP18065/2024-2025/135800-Construction of community centers and community halls","Haryana","JHAJJAR(DEPUTY COMMISSIONER cum NODAL OFFICER MPLADS JHAJJAR)","DEEPENDER SINGH HOODA","ROHTAK","Development works in Ambedkar Bhawan","16-Aug-2024","500000","31-Dec-2024"
"536","Normal/Others","WS/MP18065/2024-2025/135806-Construction of community centers and community halls","Haryana","JHAJJAR(DEPUTY COMMISSIONER cum NODAL OFFICER MPLADS JHAJJAR)","DEEPENDER SINGH HOODA","ROHTAK","Const. of Hall in Dada Buda Comittee","16-Aug-2024","550000","09-Dec-2024"
"537","Normal/Others","WS/MP18065/2024-2025/135807-Construction of community centers and community halls","Haryana","JHAJJAR(DEPUTY COMMISSIONER cum NODAL OFFICER MPLADS JHAJJAR)","DEEPENDER SINGH HOODA","ROHTAK","Const./Comp. of Kusti Hall","16-Aug-2024","1100000","09-Dec-2024"
"538","Normal/Others","WS/MP18065/2025-2026/135808-Construction of buildings for sports facilities","Haryana","ROHTAK(DEPUTY COMMISSIONER ROHTAK_IDA)","DEEPENDER SINGH HOODA","ROHTAK","Development works in Sakshi Malik Gym Hall","16-Aug-2024","500000","04-Aug-2025"
"539","Normal/Others","WS/MP826/2025-2026/135810-Purchase of non-conventional energy system and devices for community use","West Bengal","DARJEELING(DISTRICT MAGISTRATE DARJEELING_IDA)","Raju Bista","DARJEELING","Installation of Solar Water Heating system at Jawahar Navodaya Vidyalaya, Chhabbisay  Ref: Principal JNV (9430513978)","16-Aug-2024","300000","18-Jun-2025"
"540","Normal/Others","WS/MP826/2024-2025/135811-Development of playground","West Bengal","DARJEELING(DISTRICT MAGISTRATE DARJEELING_IDA)","Raju Bista","DARJEELING","Development of Maneybanjhyang Playground at Ward No 7, Sukhiapokhari GP  Ref: Chipa Bhutia (7602837768)","16-Aug-2024","484200","23-Dec-2024"
"541","Normal/Others","WS/MP826/2024-2025/135812-Construction of roads, link roads, pathways or any other road with or without drainage system","West Bengal","DARJEELING(DISTRICT MAGISTRATE DARJEELING_IDA)","Raju Bista","DARJEELING","Construction of road at Mineral Spring Godown Dhura  Ref: Balsingh Sudhar Samaj (9064618023)","16-Aug-2024","497528","05-Mar-2025"
"542","Normal/Others","WS/MP812/2024-2025/135813-Lighting of public spaces","Uttar Pradesh","Kushinagar(DISTRICT MAGISTRATE KUSHINAGAR PADRAUNA_IDA)","Vijay Kumar Dubey","KUSHI NAGAR","DEODAR PIPRA SOHSA CHAURAHE SE 4KM PAR HIGH MAST KI STAPANA","17-Aug-2024","236234","19-Mar-2025"
"543","Normal/Others","WS/MP812/2024-2025/135814-Lighting of public spaces","Uttar Pradesh","Kushinagar(DISTRICT MAGISTRATE KUSHINAGAR PADRAUNA_IDA)","Vijay Kumar Dubey","KUSHI NAGAR","BHUDA DIH MOTICHAK NAHAR KE PAS HIGH MAST KI STHAPANA","17-Aug-2024","236234","19-Mar-2025"
"544","Normal/Others","WS/MP812/2025-2026/135815-Lighting of public spaces","Uttar Pradesh","Kushinagar(DISTRICT MAGISTRATE KUSHINAGAR PADRAUNA_IDA)","Vijay Kumar Dubey","KUSHI NAGAR","SOHSA CHAURAHE PAR HIGH MAST KI STHAPANA","17-Aug-2024","236234","24-Jul-2025"
"545","Normal/Others","WS/MP812/2024-2025/135816-Lighting of public spaces","Uttar Pradesh","Kushinagar(DISTRICT MAGISTRATE KUSHINAGAR PADRAUNA_IDA)","Vijay Kumar Dubey","KUSHI NAGAR","SEKHAWANIYA KHURD MUSAHAR TOLI ME HIGH MAST KI STHAPANA","17-Aug-2024","236234","19-Mar-2025"
"546","Normal/Others","WS/MP812/2024-2025/135817-Lighting of public spaces","Uttar Pradesh","Kushinagar(DISTRICT MAGISTRATE KUSHINAGAR PADRAUNA_IDA)","Vijay Kumar Dubey","KUSHI NAGAR","GP TEKUATAR BAZAR SE PURAB PRIVATE SCHOOL KE PAS TIRAHE PAR AMARNATH MADDHESHIYA KE GHAR KE PAS HIGH MAST KI STHAPANA","17-Aug-2024","236234","27-Feb-2025"
"547","Normal/Others","WS/MP812/2024-2025/135818-Lighting of public spaces","Uttar Pradesh","Kushinagar(DISTRICT MAGISTRATE KUSHINAGAR PADRAUNA_IDA)","Vijay Kumar Dubey","KUSHI NAGAR","BARWA BABU PIPRAICH SE 2 KM SE PAHALE HIGH MAST KI STHAPANA","17-Aug-2024","237000","19-Mar-2025"
"548","Normal/Others","WS/MP812/2024-2025/135819-Lighting of public spaces","Uttar Pradesh","Kushinagar(DISTRICT MAGISTRATE KUSHINAGAR PADRAUNA_IDA)","Vijay Kumar Dubey","KUSHI NAGAR","LAXMIGANJ BAZAR SRASWATI SHISHU MANDIR KE PAS HIGH MAST KI STHAPANA","17-Aug-2024","236234","27-Feb-2025"
"549","Normal/Others","WS/MP812/2024-2025/135824-Lighting of public spaces","Uttar Pradesh","Kushinagar(DISTRICT MAGISTRATE KUSHINAGAR PADRAUNA_IDA)","Vijay Kumar Dubey","KUSHI NAGAR","LALA CHHAPRA ME SHIV MANDIR KE PAS HIGH MAST KI STHAPANA","17-Aug-2024","236234","27-Feb-2025"
"550","Normal/Others","WS/MP812/2024-2025/135827-Lighting of public spaces","Uttar Pradesh","Kushinagar(DISTRICT MAGISTRATE KUSHINAGAR PADRAUNA_IDA)","Vijay Kumar Dubey","KUSHI NAGAR","LALA CHHAPRA ME SARVAJNIK STHAL PAR HIGH MAST KI STHAPANA","17-Aug-2024","236234","27-Feb-2025"
"551","Normal/Others","WS/MP812/2024-2025/135830-Lighting of public spaces","Uttar Pradesh","Kushinagar(DISTRICT MAGISTRATE KUSHINAGAR PADRAUNA_IDA)","Vijay Kumar Dubey","KUSHI NAGAR","BHATHAHI KHURD AMAWA CHAURAHE SE 2 KM PAHALE HIGH MAST KI STHAPANA","17-Aug-2024","236234","27-Feb-2025"
"552","Normal/Others","WS/MP812/2024-2025/135836-Lighting of public spaces","Uttar Pradesh","Kushinagar(DISTRICT MAGISTRATE KUSHINAGAR PADRAUNA_IDA)","Vijay Kumar Dubey","KUSHI NAGAR","MADAR BINDWALIYA DUSADHI PATTI ME HIGH MAST KI STHAPANA","17-Aug-2024","236234","19-Mar-2025"
"553","Normal/Others","WS/MP812/2024-2025/135840-Lighting of public spaces","Uttar Pradesh","Kushinagar(DISTRICT MAGISTRATE KUSHINAGAR PADRAUNA_IDA)","Vijay Kumar Dubey","KUSHI NAGAR","MADAR BINDWALIYA KUTTI TOLA PAR HIGH MAST KI STHAPANA","17-Aug-2024","236234","19-Mar-2025"
"554","Normal/Others","WS/MP826/2024-2025/135852-Construction of additional rooms and halls in the existing public and community building","West Bengal","DARJEELING(DISTRICT MAGISTRATE DARJEELING_IDA)","Raju Bista","DARJEELING","Construction of additional rooms at community center at Naya Busty, PO Lebong  Ref: Lebong Gram Sewa Samaj (9547997874)","16-Aug-2024","473134","07-Mar-2025"
"555","Normal/Others","WS/MP812/2024-2025/135858-Lighting of public spaces","Uttar Pradesh","Kushinagar(DISTRICT MAGISTRATE KUSHINAGAR PADRAUNA_IDA)","Vijay Kumar Dubey","KUSHI NAGAR","SOHRA KHURD DOGRAHA KALI MANDIR KE PAS HIGH MAST KI STHAPANA","17-Aug-2024","236234","19-Mar-2025"
"556","Normal/Others","WS/MP812/2024-2025/135859-Lighting of public spaces","Uttar Pradesh","Kushinagar(DISTRICT MAGISTRATE KUSHINAGAR PADRAUNA_IDA)","Vijay Kumar Dubey","KUSHI NAGAR","WARD NO 10 ME DACHHIN TOLA JAIRAM SINGH KE GHAR KE KUWE KE PAS HIGH MAST KI STHAPANA","17-Aug-2024","236234","18-Feb-2025"
"557","Normal/Others","WS/MP812/2024-2025/135861-Lighting of public spaces","Uttar Pradesh","Kushinagar(DISTRICT MAGISTRATE KUSHINAGAR PADRAUNA_IDA)","Vijay Kumar Dubey","KUSHI NAGAR","WARD NO 10 MUNDERA RATANPATTI SHIV MANDIR KE PAS HIGH MAST KI STHAPANA","17-Aug-2024","236234","18-Feb-2025"
"558","Normal/Others","WS/MP352/2025-2026/135862-Construction of buildings for crèches and anganwadies","Kerala","ERNAKULAM(DISTRICT COLLECTOR ERNAKULAM_IDA)","Shri Hibi Eden","ERNAKULAM","Construction of Smart Anganwadi at Ward 21, Chellanam Grama Panchayath","16-Aug-2024","2362903","23-Sep-2025"
"559","Repair and Renovation","NA-Construction of roads, link roads, pathways or any other road with or without drainage system","Kerala","ERNAKULAM(DISTRICT COLLECTOR ERNAKULAM_IDA)","Shri Hibi Eden","ERNAKULAM","Renovation of Kottakunnu Road at Ward 21, Eloor Muncipality","16-Aug-2024","1500000","NA"
"560","Normal/Others","WS/MP777/2024-2025/135874-Construction of roads, link roads, pathways or any other road with or without drainage system","Uttar Pradesh","GAUTAM BUDDHA NAGAR(DISTRICT MAGISTRATE GAUTAMBUDHNAGAR)","Mahesh Sharma","GAUTAM BUDDHA NAGAR","Noida ke Shribalaji Enclave Unnati Vihar Sector 123 men Jagdeep Sing Bisht ke ghar se lekar Rajesh Rai ke ghar ki ore interloking & naali kary, 86 meter","16-Aug-2024","997045","07-Sep-2024"
"561","Normal/Others","WS/MP777/2024-2025/135876-Construction of roads, link roads, pathways or any other road with or without drainage system","Uttar Pradesh","GAUTAM BUDDHA NAGAR(DISTRICT MAGISTRATE GAUTAMBUDHNAGAR)","Mahesh Sharma","GAUTAM BUDDHA NAGAR","Noida ke Salarpur men Sheela devi ki meethai ki dukan se lekar ravindra ke makan ki ore interloking & naali kary, 90 meter","16-Aug-2024","997302","07-Sep-2024"
"562","Normal/Others","WS/MP777/2024-2025/135877-Construction of roads, link roads, pathways or any other road with or without drainage system","Uttar Pradesh","GAUTAM BUDDHA NAGAR(DISTRICT MAGISTRATE GAUTAMBUDHNAGAR)","Mahesh Sharma","GAUTAM BUDDHA NAGAR","Gram Tigri me rakesh ke office se lekar suman agarwal ke makaan ki ore interlocking & naali kary, 75 meter","16-Aug-2024","998035","07-Sep-2024"
"563","Normal/Others","WS/MP777/2024-2025/135878-Construction of roads, link roads, pathways or any other road with or without drainage system","Uttar Pradesh","GAUTAM BUDDHA NAGAR(DISTRICT MAGISTRATE GAUTAMBUDHNAGAR)","Mahesh Sharma","GAUTAM BUDDHA NAGAR","Kakrala men Kinnu Prajapati ki dukan kea age se bahav ki gali ki ore interlocking & naali nirman kary , 76 meter","16-Aug-2024","995562","07-Sep-2024"
"564","Normal/Others","WS/MP777/2024-2025/135879-Construction of roads, link roads, pathways or any other road with or without drainage system","Uttar Pradesh","GAUTAM BUDDHA NAGAR(DISTRICT MAGISTRATE GAUTAMBUDHNAGAR)","Mahesh Sharma","GAUTAM BUDDHA NAGAR","Bahlolpur Jitendra Colony near Gas Agency gali no 5 jitednra ke ghar se lekar santosh ki dukan ki ore interlocking & naali nirman kary, 95 meter","16-Aug-2024","997045","07-Sep-2024"
"565","Normal/Others","WS/MP777/2024-2025/135880-Construction of roads, link roads, pathways or any other road with or without drainage system","Uttar Pradesh","GAUTAM BUDDHA NAGAR(DISTRICT MAGISTRATE GAUTAMBUDHNAGAR)","Mahesh Sharma","GAUTAM BUDDHA NAGAR","Kanawani men Deepak Nagar ke makaan se lekar mohit Sharma ke makaan ki or interlocking & naali kary, 92 meter","16-Aug-2024","998269","07-Sep-2024"
"566","Normal/Others","WS/MP777/2024-2025/135881-Construction of roads, link roads, pathways or any other road with or without drainage system","Uttar Pradesh","GAUTAM BUDDHA NAGAR(DISTRICT MAGISTRATE GAUTAMBUDHNAGAR)","Mahesh Sharma","GAUTAM BUDDHA NAGAR","Kakrala colony men Suresh Gupta ke makan ke samne se rajvir ke farm house hote huye pawan singh ke makan tak interlocking & naali nirman kary, 90 meter","16-Aug-2024","998231","07-Sep-2024"
"567","Normal/Others","WS/MP777/2024-2025/135882-Construction of roads, link roads, pathways or any other road with or without drainage system","Uttar Pradesh","GAUTAM BUDDHA NAGAR(DISTRICT MAGISTRATE GAUTAMBUDHNAGAR)","Mahesh Sharma","GAUTAM BUDDHA NAGAR","Noida ke Sarswati Kunj chipiyana urf Tigri men Manoj Dixit ke makaan se lekar nor mohammad ke makaan ki or interlocking & naali nirman kary, 100 meter","16-Aug-2024","997224","07-Sep-2024"
"568","Repair and Renovation","WS/MP352/2025-2026/135898-Construction of roads, link roads, pathways or any other road with or without drainage system","Kerala","ERNAKULAM(DISTRICT COLLECTOR ERNAKULAM_IDA)","Shri Hibi Eden","ERNAKULAM","Renovation of EMS Road at Ward 22, Maradu Muncipality","16-Aug-2024","2500000","13-Nov-2025"
"569","Normal/Others","WS/MP18199/2024-2025/135899-Construction of roads, link roads, pathways or any other road with or without drainage system","Uttar Pradesh","AYODHYA(DISTRICT MAGISTRAE FAIZABAD_IDA)","LALJI VERMA","AMBEDKAR NAGAR","SHIVTAR GUMAN KA PURA PAKKI SADAK SE PAAL BASTI TAK INTERLOCKING KARYA DURI 130M","16-Aug-2024","565743","30-Sep-2024"
"570","Normal/Others","WS/MP18199/2024-2025/135901-Construction of roads, link roads, pathways or any other road with or without drainage system","Uttar Pradesh","AYODHYA(DISTRICT MAGISTRAE FAIZABAD_IDA)","LALJI VERMA","AMBEDKAR NAGAR","PAKKIN SADAK SHIVKALI INTER COLLEGE SE NANDNAWA GAON TAK KHADANJA KARYA DURI 330M","16-Aug-2024","764954","30-Sep-2024"
"571","Normal/Others","WS/MP18199/2024-2025/135902-Construction of roads, link roads, pathways or any other road with or without drainage system","Uttar Pradesh","AYODHYA(DISTRICT MAGISTRAE FAIZABAD_IDA)","LALJI VERMA","AMBEDKAR NAGAR","GRAM PANCHAYAT JARAHI ME KALI CHAURA SE PRATHMIK VIDDYALAYA TA INTERLOCKING KARYA DURU 170M","16-Aug-2024","987580","30-Sep-2024"
"572","Normal/Others","WS/MP18199/2024-2025/135903-Construction of roads, link roads, pathways or any other road with or without drainage system","Uttar Pradesh","AYODHYA(DISTRICT MAGISTRAE FAIZABAD_IDA)","LALJI VERMA","AMBEDKAR NAGAR","GANESHPUR PAKKI SADAK SE KHDANJA SE KEVTAHIYA TAK KHADANJA KARYA DURU 450M","16-Aug-2024","895943","30-Sep-2024"
"573","Normal/Others","WS/MP18199/2024-2025/135904-Construction of roads, link roads, pathways or any other road with or without drainage system","Uttar Pradesh","AYODHYA(DISTRICT MAGISTRAE FAIZABAD_IDA)","LALJI VERMA","AMBEDKAR NAGAR","BAREHATA KHALWAIYA KHADANJA SE RIWARA TAK KHADANJA KARYA DURU 370M","16-Aug-2024","861327","30-Sep-2024"
"574","Normal/Others","WS/MP18199/2024-2025/135905-Construction of roads, link roads, pathways or any other road with or without drainage system","Uttar Pradesh","AYODHYA(DISTRICT MAGISTRAE FAIZABAD_IDA)","LALJI VERMA","AMBEDKAR NAGAR","GRAM PANCHAYAT HARDI KOTWA SADAK SE NATRATALIYA ROAD TAK KHADANJA KARYA DURI 120M","16-Aug-2024","268834","30-Sep-2024"
"575","Normal/Others","WS/MP18199/2024-2025/135907-Construction of roads, link roads, pathways or any other road with or without drainage system","Uttar Pradesh","AYODHYA(DISTRICT MAGISTRAE FAIZABAD_IDA)","LALJI VERMA","AMBEDKAR NAGAR","DAFFARPUR PAKKI SADAK SE TRANSFARMAR TAK NAHAR PATARI PAR KHADANJA KARYA DURI 400M","16-Aug-2024","856066","30-Sep-2024"
"576","Normal/Others","WS/MP643/2024-2025/135908-Purchase Books for Library","Madhya Pradesh","BURHANPUR(District Collector Burhanpur_IDA)","Gyaneshwar Patil","KHANDWA","Purchase of books for students intellectual development at various schools of Burhanpur district","16-Aug-2024","100000","16-Dec-2024"
"577","Normal/Others","WS/MP643/2024-2025/135909-Purchase Books for Library","Madhya Pradesh","BURHANPUR(District Collector Burhanpur_IDA)","Gyaneshwar Patil","KHANDWA","Purchase of books for students intellectual development at various schools of Burhanpur district","16-Aug-2024","100000","16-Dec-2024"
"578","Normal/Others","WS/MP643/2024-2025/135911-Purchase Books for Library","Madhya Pradesh","BURHANPUR(District Collector Burhanpur_IDA)","Gyaneshwar Patil","KHANDWA","Purchase of books for students intellectual development at various schools of Burhanpur district","16-Aug-2024","100000","16-Dec-2024"
"579","Normal/Others","WS/MP643/2024-2025/135912-Purchase Books for Library","Madhya Pradesh","BURHANPUR(District Collector Burhanpur_IDA)","Gyaneshwar Patil","KHANDWA","Purchase of books for students intellectual development at various schools of Burhanpur district","16-Aug-2024","100000","16-Dec-2024"
"580","Normal/Others","WS/MP643/2024-2025/135914-Purchase Books for Library","Madhya Pradesh","BURHANPUR(District Collector Burhanpur_IDA)","Gyaneshwar Patil","KHANDWA","Purchase of books for students intellectual development at various schools of Burhanpur district","16-Aug-2024","100000","16-Dec-2024"
"581","Normal/Others","WS/MP643/2024-2025/135915-Purchase Books for Library","Madhya Pradesh","BURHANPUR(District Collector Burhanpur_IDA)","Gyaneshwar Patil","KHANDWA","Purchase of books for students intellectual development at various schools of Burhanpur district","16-Aug-2024","100000","16-Dec-2024"
"582","Normal/Others","WS/MP643/2024-2025/135916-Purchase Books for Library","Madhya Pradesh","BURHANPUR(District Collector Burhanpur_IDA)","Gyaneshwar Patil","KHANDWA","Purchase of books for students intellectual development at various schools of Burhanpur district","16-Aug-2024","100000","16-Dec-2024"
"583","Normal/Others","WS/MP643/2024-2025/135917-Purchase Books for Library","Madhya Pradesh","BURHANPUR(District Collector Burhanpur_IDA)","Gyaneshwar Patil","KHANDWA","Purchase of books for students intellectual development at various schools of Burhanpur district","16-Aug-2024","100000","16-Dec-2024"
"584","Normal/Others","WS/MP18199/2024-2025/135918-Construction of roads, link roads, pathways or any other road with or without drainage system","Uttar Pradesh","AYODHYA(DISTRICT MAGISTRAE FAIZABAD_IDA)","LALJI VERMA","AMBEDKAR NAGAR","HAIDAR GANJ FULAUNA MARG PAR PACHGAWAN PATEL NAGAR SE BANDHAN PURWA TAK KHADAJA KARYA DURI 420M","16-Aug-2024","768457","30-Sep-2024"
"585","Normal/Others","WS/MP18199/2024-2025/135919-Construction of roads, link roads, pathways or any other road with or without drainage system","Uttar Pradesh","AYODHYA(DISTRICT MAGISTRAE FAIZABAD_IDA)","LALJI VERMA","AMBEDKAR NAGAR","GRAM SABHA KAKOLI DIHWA ME PAKKI SADAK MEWALAL VERMA KHET SE RANJEET VERMA KE GHAR TAK CC KARYA DURI 170M","16-Aug-2024","990946","30-Sep-2024"
"586","Normal/Others","WS/MP18199/2024-2025/135921-Construction of roads, link roads, pathways or any other road with or without drainage system","Uttar Pradesh","AYODHYA(DISTRICT MAGISTRAE FAIZABAD_IDA)","LALJI VERMA","AMBEDKAR NAGAR","TARAPUR KHADANJA SE VEDA PUR BORDAR TAK KHADANJA KARYA DURI 180M","16-Aug-2024","395772","30-Sep-2024"
"587","Normal/Others","WS/MP18199/2024-2025/135923-Construction of roads, link roads, pathways or any other road with or without drainage system","Uttar Pradesh","AMBEDKAR NAGAR(DISTRICT MAGISTRATE AMBEDKAR NAGAR_IDA)","LALJI VERMA","AMBEDKAR NAGAR","HILALPUR VISHNU KE GHA SE HAR DAYAL KE GHAR TAK CC KARYA DURI 140M","16-Aug-2024","997443","28-Sep-2024"
"588","Normal/Others","WS/MP18199/2024-2025/135924-Providing drains and gutters for public drainage","Uttar Pradesh","AMBEDKAR NAGAR(DISTRICT MAGISTRATE AMBEDKAR NAGAR_IDA)","LALJI VERMA","AMBEDKAR NAGAR","GRAM PANCHAYAT MUKUNDPUR ME KOLHUWA MAJARE SHRI VINOD VERMA KE GHAR SE GUDAIYA TALAB TAK NALI NIRMAN KARYA DURI 225M","16-Aug-2024","1046028","28-Sep-2024"
"589","Normal/Others","WS/MP18065/2024-2025/135925-Construction of community centers and community halls","Haryana","JHAJJAR(DEPUTY COMMISSIONER cum NODAL OFFICER MPLADS JHAJJAR)","DEEPENDER SINGH HOODA","ROHTAK","Const./Comp. of Ambedkar Bhawan","16-Aug-2024","1097821","31-Dec-2024"
"590","Normal/Others","WS/MP18199/2024-2025/135927-Construction of roads, link roads, pathways or any other road with or without drainage system","Uttar Pradesh","AMBEDKAR NAGAR(DISTRICT MAGISTRATE AMBEDKAR NAGAR_IDA)","LALJI VERMA","AMBEDKAR NAGAR","BAHORIKPUR SABANA PICH MARG SE RAM CHANDAR YADAV ENT BHATTA TAK KHADANJA KARYA DURI 400M","16-Aug-2024","817011","28-Sep-2024"
"591","Normal/Others","WS/MP18199/2024-2025/135928-Construction of roads, link roads, pathways or any other road with or without drainage system","Uttar Pradesh","AMBEDKAR NAGAR(DISTRICT MAGISTRATE AMBEDKAR NAGAR_IDA)","LALJI VERMA","AMBEDKAR NAGAR","PRATAVIPUR-SRAVAN CHHETRA PICH MARG SE BAHORIKPUR SARHAD TAK MITTI AND KHADANJA KARYA DURI 600M","16-Aug-2024","1344467","28-Sep-2024"
"592","Normal/Others","WS/MP18199/2024-2025/135929-Construction of roads, link roads, pathways or any other road with or without drainage system","Uttar Pradesh","AMBEDKAR NAGAR(DISTRICT MAGISTRATE AMBEDKAR NAGAR_IDA)","LALJI VERMA","AMBEDKAR NAGAR","RAM NAGAR JAMDARA HAMID KE GHAR SE AAS MOHAMMAD KE KHET TAK CC KARYA DURI 150M","16-Aug-2024","982828","28-Sep-2024"
"593","Normal/Others","WS/MP18199/2024-2025/135932-Construction of roads, link roads, pathways or any other road with or without drainage system","Uttar Pradesh","AMBEDKAR NAGAR(DISTRICT MAGISTRATE AMBEDKAR NAGAR_IDA)","LALJI VERMA","AMBEDKAR NAGAR","GRAM SARANGPUR BALINWA RAJAITRAM SHARMA KE GHAR SE SHIVRAM VERMA KE GHAR TAK INTERLOCKING KARYA 70M","16-Aug-2024","334853","28-Sep-2024"
"594","Normal/Others","WS/MP552/2024-2025/135975-Fitting of Sitting RCC Benches in Public Places","Bihar","PURBI CHAMPARAN(DISTRICT PLANNING OFFICER MOTHIHARI EAST CHAMPARAN_IDA)","Radha Mohan Singh","PURVI CHAMPARAN","MOTIHARI NAGAR NIGAM KSHETRA KE BENGALI BHAIYON KE COLONY ME PUBLIC PLACE PAR RCC BENCHO KA NIRMAN EWAM ADHISHTHAPAN KARYA.","17-Aug-2024","1250000","26-Sep-2024"
"595","Normal/Others","WS/MP552/2024-2025/135976-Fitting of Sitting RCC Benches in Public Places","Bihar","PURBI CHAMPARAN(DISTRICT PLANNING OFFICER MOTHIHARI EAST CHAMPARAN_IDA)","Radha Mohan Singh","PURVI CHAMPARAN","MOTIHARI NAGAR NIGAM KSHETRA KE VIBHIN  PUBLIC PLACE PAR RCC BENCHO KA NIRMAN EWAM ADHISHTHAPAN KARYA.","17-Aug-2024","1483462","26-Sep-2024"
"596","Normal/Others","WS/MP552/2024-2025/135978-Development of public parks","Bihar","PURBI CHAMPARAN(DISTRICT PLANNING OFFICER MOTHIHARI EAST CHAMPARAN_IDA)","Radha Mohan Singh","PURVI CHAMPARAN","MOTIHARI NAGAR KE LUMBINI BHAWAN KE PICCHE BUDDH VIHAR PARISAR KA NIRMAN.","17-Aug-2024","1493970","11-Sep-2024"
"597","Normal/Others","WS/MP552/2024-2025/135979-Development of public parks","Bihar","PURBI CHAMPARAN(DISTRICT PLANNING OFFICER MOTHIHARI EAST CHAMPARAN_IDA)","Radha Mohan Singh","PURVI CHAMPARAN","MOTIHARI NAGAR KE LUMBINI BHAWAN KE PICCHE BUDDH VIHAR PARISAR ME CHABUTARA KA NIRMAN KARYA.","17-Aug-2024","1495894","11-Sep-2024"
"598","Normal/Others","WS/MP552/2024-2025/135980-Fitting of Sitting RCC Benches in Public Places","Bihar","PURBI CHAMPARAN(DISTRICT PLANNING OFFICER MOTHIHARI EAST CHAMPARAN_IDA)","Radha Mohan Singh","PURVI CHAMPARAN","MOTIHARI BLOCK KE  KE BENGALI BHAIYON KE GAANWON  ME PUBLIC PLACE PAR RCC BENCHO KA NIRMAN EWAM ADHISHTHAPAN KARYA.","17-Aug-2024","1483462","26-Sep-2024"
"599","Normal/Others","WS/MP643/2024-2025/135993-Lighting of public spaces","Madhya Pradesh","Khargone (West Nimar)(DISTRICT COLLECTOR KHARGONE_IDA)","Gyaneshwar Patil","KHANDWA","HIGH MASK SOLAR LIGHTS","17-Aug-2024","445200","11-Sep-2024"
"600","Normal/Others","WS/MP643/2024-2025/135994-Lighting of public spaces","Madhya Pradesh","Khargone (West Nimar)(DISTRICT COLLECTOR KHARGONE_IDA)","Gyaneshwar Patil","KHANDWA","HIGH MASK SOLAR LIGHTS","17-Aug-2024","445200","11-Sep-2024"
"601","Normal/Others","WS/MP643/2024-2025/135995-Lighting of public spaces","Madhya Pradesh","Khargone (West Nimar)(DISTRICT COLLECTOR KHARGONE_IDA)","Gyaneshwar Patil","KHANDWA","HIGH MASK SOLAR LIGHTS","17-Aug-2024","445200","11-Sep-2024"
"602","Normal/Others","WS/MP643/2024-2025/135996-Lighting of public spaces","Madhya Pradesh","Khargone (West Nimar)(DISTRICT COLLECTOR KHARGONE_IDA)","Gyaneshwar Patil","KHANDWA","HIGH MASK SOLAR LIGHTS","17-Aug-2024","445200","11-Sep-2024"
"603","Normal/Others","WS/MP643/2024-2025/135997-Lighting of public spaces","Madhya Pradesh","Khargone (West Nimar)(DISTRICT COLLECTOR KHARGONE_IDA)","Gyaneshwar Patil","KHANDWA","HIGH MASK SOLAR LIGHTS","17-Aug-2024","445200","11-Sep-2024"
"604","Normal/Others","WS/MP643/2024-2025/135998-Lighting of public spaces","Madhya Pradesh","Khargone (West Nimar)(DISTRICT COLLECTOR KHARGONE_IDA)","Gyaneshwar Patil","KHANDWA","HIGH MASK SOLAR LIGHTS","17-Aug-2024","445200","11-Sep-2024"
"605","Normal/Others","WS/MP643/2024-2025/135999-Lighting of public spaces","Madhya Pradesh","Khargone (West Nimar)(DISTRICT COLLECTOR KHARGONE_IDA)","Gyaneshwar Patil","KHANDWA","HIGH MASK SOLAR LIGHTS","17-Aug-2024","445200","11-Sep-2024"
"606","Normal/Others","WS/MP643/2024-2025/136000-Lighting of public spaces","Madhya Pradesh","Khargone (West Nimar)(DISTRICT COLLECTOR KHARGONE_IDA)","Gyaneshwar Patil","KHANDWA","HIGH MASK SOLAR LIGHTS","17-Aug-2024","445200","11-Sep-2024"
"607","Normal/Others","WS/MP643/2024-2025/136001-Lighting of public spaces","Madhya Pradesh","Khargone (West Nimar)(DISTRICT COLLECTOR KHARGONE_IDA)","Gyaneshwar Patil","KHANDWA","HIGH MASK SOLAR LIGHTS","17-Aug-2024","445200","11-Sep-2024"
"608","Normal/Others","WS/MP643/2024-2025/136002-Lighting of public spaces","Madhya Pradesh","Khargone (West Nimar)(DISTRICT COLLECTOR KHARGONE_IDA)","Gyaneshwar Patil","KHANDWA","HIGH MASK SOLAR LIGHTS","17-Aug-2024","445200","11-Sep-2024"
"609","Normal/Others","WS/MP643/2024-2025/136003-Lighting of public spaces","Madhya Pradesh","Khargone (West Nimar)(DISTRICT COLLECTOR KHARGONE_IDA)","Gyaneshwar Patil","KHANDWA","HIGH MASK SOLAR LIGHTS","17-Aug-2024","445200","11-Sep-2024"
"610","Normal/Others","WS/MP643/2024-2025/136004-Lighting of public spaces","Madhya Pradesh","Khargone (West Nimar)(DISTRICT COLLECTOR KHARGONE_IDA)","Gyaneshwar Patil","KHANDWA","HIGH MASK SOLAR LIGHTS","17-Aug-2024","445200","11-Sep-2024"
"611","Normal/Others","WS/MP643/2024-2025/136005-Lighting of public spaces","Madhya Pradesh","Khargone (West Nimar)(DISTRICT COLLECTOR KHARGONE_IDA)","Gyaneshwar Patil","KHANDWA","HIGH MASK SOLAR LIGHTS","17-Aug-2024","445200","11-Sep-2024"
"612","Normal/Others","WS/MP643/2024-2025/136006-Lighting of public spaces","Madhya Pradesh","Khargone (West Nimar)(DISTRICT COLLECTOR KHARGONE_IDA)","Gyaneshwar Patil","KHANDWA","HIGH MASK SOLAR LIGHTS","17-Aug-2024","445200","11-Sep-2024"
"613","Normal/Others","WS/MP643/2024-2025/136007-Lighting of public spaces","Madhya Pradesh","Khargone (West Nimar)(DISTRICT COLLECTOR KHARGONE_IDA)","Gyaneshwar Patil","KHANDWA","HIGH MASK SOLAR LIGHTS","17-Aug-2024","445200","11-Sep-2024"
"614","Normal/Others","WS/MP643/2024-2025/136008-Lighting of public spaces","Madhya Pradesh","Khargone (West Nimar)(DISTRICT COLLECTOR KHARGONE_IDA)","Gyaneshwar Patil","KHANDWA","HIGH MASK SOLAR LIGHTS","17-Aug-2024","445200","11-Sep-2024"
"615","Normal/Others","WS/MP643/2024-2025/136009-Lighting of public spaces","Madhya Pradesh","Khargone (West Nimar)(DISTRICT COLLECTOR KHARGONE_IDA)","Gyaneshwar Patil","KHANDWA","HIGH MASK SOLAR LIGHTS","17-Aug-2024","445200","11-Sep-2024"
"616","Normal/Others","WS/MP643/2024-2025/136010-Lighting of public spaces","Madhya Pradesh","Khargone (West Nimar)(DISTRICT COLLECTOR KHARGONE_IDA)","Gyaneshwar Patil","KHANDWA","HIGH MASK SOLAR LIGHTS","17-Aug-2024","445200","11-Sep-2024"
"617","Normal/Others","WS/MP643/2024-2025/136011-Lighting of public spaces","Madhya Pradesh","Khargone (West Nimar)(DISTRICT COLLECTOR KHARGONE_IDA)","Gyaneshwar Patil","KHANDWA","HIG MASK SOLAR LIGHTS","17-Aug-2024","445200","11-Sep-2024"
"618","Normal/Others","WS/MP643/2024-2025/136017-Purchase of mobile water tankers","Madhya Pradesh","Khargone (West Nimar)(DISTRICT COLLECTOR KHARGONE_IDA)","Gyaneshwar Patil","KHANDWA","GI WATER TENKER WITH FIRE FIGHTER 900*16 TYRE INCLUDE","17-Aug-2024","190546","11-Sep-2024"
"619","Normal/Others","WS/MP643/2024-2025/136018-Purchase of mobile water tankers","Madhya Pradesh","Khargone (West Nimar)(DISTRICT COLLECTOR KHARGONE_IDA)","Gyaneshwar Patil","KHANDWA","GI WATER TENKER WITH FIRE FIGHTER 900*16 TYRE INCLUDE","17-Aug-2024","190546","11-Sep-2024"
"620","Normal/Others","WS/MP643/2024-2025/136019-Purchase of mobile water tankers","Madhya Pradesh","Khargone (West Nimar)(DISTRICT COLLECTOR KHARGONE_IDA)","Gyaneshwar Patil","KHANDWA","GI WATER TENKER WITH FIRE FIGHTER 900*16 TYRE INCLUDE","17-Aug-2024","190546","11-Sep-2024"
"621","Normal/Others","WS/MP643/2024-2025/136020-Purchase of mobile water tankers","Madhya Pradesh","Khargone (West Nimar)(DISTRICT COLLECTOR KHARGONE_IDA)","Gyaneshwar Patil","KHANDWA","GI WATER TENKER WITH FIRE FIGHTER 900*16 TYRE INCLUDE","17-Aug-2024","190546","11-Sep-2024"
"622","Normal/Others","WS/MP643/2024-2025/136021-Purchase of mobile water tankers","Madhya Pradesh","Khargone (West Nimar)(DISTRICT COLLECTOR KHARGONE_IDA)","Gyaneshwar Patil","KHANDWA","GI WATER TENKER WITH FIRE FIGHTER 900*16 TYRE INCLUDE","17-Aug-2024","190546","11-Sep-2024"
"623","Normal/Others","WS/MP643/2024-2025/136022-Purchase of mobile water tankers","Madhya Pradesh","Khargone (West Nimar)(DISTRICT COLLECTOR KHARGONE_IDA)","Gyaneshwar Patil","KHANDWA","GI WATER TENKER WITH FIRE FIGHTER 900*16 TYRE INCLUDE","17-Aug-2024","190546","11-Sep-2024"
"624","Normal/Others","WS/MP643/2024-2025/136023-Purchase of mobile water tankers","Madhya Pradesh","Khargone (West Nimar)(DISTRICT COLLECTOR KHARGONE_IDA)","Gyaneshwar Patil","KHANDWA","GI WATER TENKER WITH FIRE FIGHTER 900*16 TYRE INCLUDE","17-Aug-2024","190546","11-Sep-2024"
"625","Normal/Others","WS/MP643/2024-2025/136024-Purchase of mobile water tankers","Madhya Pradesh","Khargone (West Nimar)(DISTRICT COLLECTOR KHARGONE_IDA)","Gyaneshwar Patil","KHANDWA","GI WATER TENKER WITH FIRE FIGHTER 900*16 TYRE INCLUDE","17-Aug-2024","190546","11-Sep-2024"
"626","Normal/Others","WS/MP643/2024-2025/136025-Purchase of mobile water tankers","Madhya Pradesh","Khargone (West Nimar)(DISTRICT COLLECTOR KHARGONE_IDA)","Gyaneshwar Patil","KHANDWA","GI WATER TENKER WITH FIRE FIGHTER 900*16 TYRE INCLUDE","17-Aug-2024","190546","11-Sep-2024"
"627","Normal/Others","WS/MP643/2024-2025/136026-Purchase of mobile water tankers","Madhya Pradesh","Khargone (West Nimar)(DISTRICT COLLECTOR KHARGONE_IDA)","Gyaneshwar Patil","KHANDWA","GI WATER TENKER WITH FIRE FIGHTER 900*16 TYRE INCLUDE","17-Aug-2024","190546","11-Sep-2024"
"628","Normal/Others","WS/MP643/2024-2025/136027-Purchase of mobile water tankers","Madhya Pradesh","Khargone (West Nimar)(DISTRICT COLLECTOR KHARGONE_IDA)","Gyaneshwar Patil","KHANDWA","GI WATER TENKER WITH FIRE FIGHTER 900*16 TYRE INCLUDE","17-Aug-2024","190546","11-Sep-2024"
"629","Normal/Others","WS/MP643/2024-2025/136028-Purchase of mobile water tankers","Madhya Pradesh","Khargone (West Nimar)(DISTRICT COLLECTOR KHARGONE_IDA)","Gyaneshwar Patil","KHANDWA","GI WATER TENKER WITH FIRE FIGHTER 900*16 TYRE INCLUDE","17-Aug-2024","190546","11-Sep-2024"
"630","Normal/Others","WS/MP643/2024-2025/136029-Purchase of mobile water tankers","Madhya Pradesh","Khargone (West Nimar)(DISTRICT COLLECTOR KHARGONE_IDA)","Gyaneshwar Patil","KHANDWA","GI WATER TENKER WITH FIRE FIGHTER 900*16 TYRE INCLUDE","17-Aug-2024","190546","11-Sep-2024"
"631","Normal/Others","WS/MP643/2024-2025/136030-Purchase of mobile water tankers","Madhya Pradesh","Khargone (West Nimar)(DISTRICT COLLECTOR KHARGONE_IDA)","Gyaneshwar Patil","KHANDWA","GI WATER TENKER WITH FIRE FIGHTER 900*16 TYRE INCLUDE","17-Aug-2024","190546","11-Sep-2024"
"632","Normal/Others","WS/MP643/2024-2025/136031-Purchase of mobile water tankers","Madhya Pradesh","Khargone (West Nimar)(DISTRICT COLLECTOR KHARGONE_IDA)","Gyaneshwar Patil","KHANDWA","GI WATER TENKER WITH FIRE FIGHTER 900*16 TYRE INCLUDE","17-Aug-2024","190546","11-Sep-2024"
"633","Normal/Others","WS/MP643/2024-2025/136032-Purchase of mobile water tankers","Madhya Pradesh","Khargone (West Nimar)(DISTRICT COLLECTOR KHARGONE_IDA)","Gyaneshwar Patil","KHANDWA","GI WATER TENKER WITH FIRE FIGHTER 900*16 TYRE INCLUDE","17-Aug-2024","190546","11-Sep-2024"
"634","Normal/Others","WS/MP394/2024-2025/136033-Construction of buildings for crèches and anganwadies","Tamil Nadu","KANNIYAKUMARI(DISTRICT COLLECTOR KANNIYAKUMARI_IDA)","Shri vijayakumar Vasanth","KANNIYAKUMARI","chennanvilai","17-Aug-2024","1300000","24-Sep-2024"
"635","Normal/Others","WS/MP394/2024-2025/136035-Construction of culverts and bridges","Tamil Nadu","KANNIYAKUMARI(DISTRICT COLLECTOR KANNIYAKUMARI_IDA)","Shri vijayakumar Vasanth","KANNIYAKUMARI","keelakaravilai","17-Aug-2024","400000","24-Sep-2024"
"636","Normal/Others","WS/MP394/2024-2025/136036-Construction of bus-sheds or bus-stops","Tamil Nadu","KANNIYAKUMARI(DISTRICT COLLECTOR KANNIYAKUMARI_IDA)","Shri vijayakumar Vasanth","KANNIYAKUMARI","kurusadi","17-Aug-2024","400000","24-Sep-2024"
"637","Normal/Others","WS/MP394/2024-2025/136037-Construction of culverts and bridges","Tamil Nadu","KANNIYAKUMARI(DISTRICT COLLECTOR KANNIYAKUMARI_IDA)","Shri vijayakumar Vasanth","KANNIYAKUMARI","konam aatru paalam","17-Aug-2024","1000000","24-Sep-2024"
"638","Normal/Others","WS/MP394/2025-2026/136038-Construction of community centers and community halls","Tamil Nadu","KANNIYAKUMARI(DISTRICT COLLECTOR KANNIYAKUMARI_IDA)","Shri vijayakumar Vasanth","KANNIYAKUMARI","ooratchi vilagam pal nokku kattidam","17-Aug-2024","1000000","03-Mar-2026"
"639","Normal/Others","WS/MP394/2025-2026/136039-Construction of community centers and community halls","Tamil Nadu","KANNIYAKUMARI(DISTRICT COLLECTOR KANNIYAKUMARI_IDA)","Shri vijayakumar Vasanth","KANNIYAKUMARI","ilanjirai pds shop","17-Aug-2024","1000000","03-Sep-2025"
"640","Normal/Others","WS/MP394/2025-2026/136041-Construction of rooms and halls in school and colleges","Tamil Nadu","KANNIYAKUMARI(DISTRICT COLLECTOR KANNIYAKUMARI_IDA)","Shri vijayakumar Vasanth","KANNIYAKUMARI","chenavilai arasu aramba palliyil 2 vagupparai","17-Aug-2024","2500000","06-Sep-2025"
"641","Normal/Others","WS/MP394/2025-2026/136042-Construction of buildings for crèches and anganwadies","Tamil Nadu","KANNIYAKUMARI(DISTRICT COLLECTOR KANNIYAKUMARI_IDA)","Shri vijayakumar Vasanth","KANNIYAKUMARI","gnanadeepam shool arugil","17-Aug-2024","1450000","10-Nov-2025"
"642","Normal/Others","WS/MP394/2025-2026/136043-Construction of community centers and community halls","Tamil Nadu","KANNIYAKUMARI(DISTRICT COLLECTOR KANNIYAKUMARI_IDA)","Shri vijayakumar Vasanth","KANNIYAKUMARI","kottaram peruratchi vilagathil samudhaya nala koodam","17-Aug-2024","2000000","13-Jan-2026"
"643","Normal/Others","WS/MP394/2024-2025/136044-Installing tube-wells and borewells","Tamil Nadu","KANNIYAKUMARI(DISTRICT COLLECTOR KANNIYAKUMARI_IDA)","Shri vijayakumar Vasanth","KANNIYAKUMARI","aal thulai kinaru amaithal","17-Aug-2024","300000","24-Sep-2024"
"644","Normal/Others","WS/MP394/2024-2025/136045-Construction of community centers and community halls","Tamil Nadu","KANNIYAKUMARI(DISTRICT COLLECTOR KANNIYAKUMARI_IDA)","Shri vijayakumar Vasanth","KANNIYAKUMARI","peruvilai padipagam arugil samuga nalakoodam amithal","17-Aug-2024","1500000","24-Sep-2024"
"645","Normal/Others","WS/MP18272/2024-2025/136068-Construction of rooms and halls in school and colleges","West Bengal","Jhargram(DISTRICT MAGISTRATE JHARGRAM_IDA)","KALIPADA SAREN","JHARGRAM(ST)","Construction of 45 Beded New Hostel Building of Belpahari S.C. High School (H.S.).","02-Sep-2024","4947386","31-Dec-2024"
"646","Normal/Others","WS/MP18217/2024-2025/136140-Construction of roads, link roads, pathways or any other road with or without drainage system","Uttar Pradesh","FIROZABAD(DISTRICT MAGISTRATE FIROZABAD_IDA)","AKSHAYA YADAV","FIROZABAD","from anwara majra nagla chhainkur hanuman tample to railway underpass interlocking road and drainage system  developement lenght 400 meters by 7 meter","17-Aug-2024","9511630","17-Oct-2024"
"647","Normal/Others","WS/MP18217/2024-2025/136141-Construction of roads, link roads, pathways or any other road with or without drainage system","Uttar Pradesh","FIROZABAD(DISTRICT MAGISTRATE FIROZABAD_IDA)","AKSHAYA YADAV","FIROZABAD","construction of road from mata temple to house of mr motilal around 300 meters by 4 meter and drainage system of 600 meters","17-Aug-2024","4762760","17-Oct-2024"
"648","Normal/Others","WS/MP18217/2024-2025/136142-Construction of roads, link roads, pathways or any other road with or without drainage system","Uttar Pradesh","FIROZABAD(DISTRICT MAGISTRATE FIROZABAD_IDA)","AKSHAYA YADAV","FIROZABAD","constuction of cc road  in nagla vishnu from balakram house to maharaj singh house around 250 meters and drainage system of 300 meters","17-Aug-2024","2748610","17-Oct-2024"
"649","Normal/Others","WS/MP18217/2024-2025/136143-Construction of roads, link roads, pathways or any other road with or without drainage system","Uttar Pradesh","FIROZABAD(DISTRICT MAGISTRATE FIROZABAD_IDA)","AKSHAYA YADAV","FIROZABAD","develovement of cc road in nagla chheeta  from house of ajab singh to maan singh 215 meters","17-Aug-2024","1723797","17-Oct-2024"
"650","Normal/Others","WS/MP18217/2024-2025/136144-Construction of roads, link roads, pathways or any other road with or without drainage system","Uttar Pradesh","FIROZABAD(DISTRICT MAGISTRATE FIROZABAD_IDA)","AKSHAYA YADAV","FIROZABAD","developement of 100 meter interloking road from sampark marg to ttsp plot of udaiveer and developement of drainage system from sampark marg bridge to primary school around 250 meters .","17-Aug-2024","1698459","17-Oct-2024"
"651","Normal/Others","WS/MP18217/2024-2025/136145-Construction of roads, link roads, pathways or any other road with or without drainage system","Uttar Pradesh","FIROZABAD(DISTRICT MAGISTRATE FIROZABAD_IDA)","AKSHAYA YADAV","FIROZABAD","developement of inerlocking road from dabur road to village side 500 meters by 3.5 meters","17-Aug-2024","4296367","17-Oct-2024"
"652","Normal/Others","WS/MP18217/2024-2025/136146-Construction of roads, link roads, pathways or any other road with or without drainage system","Uttar Pradesh","FIROZABAD(DISTRICT MAGISTRATE FIROZABAD_IDA)","AKSHAYA YADAV","FIROZABAD","developement work of interlocking road and drainage  in nagla gange from balvir yadav house 80 meter road and 100 meter drainage","17-Aug-2024","1188741","17-Oct-2024"
"653","Normal/Others","WS/MP18217/2024-2025/136147-Construction of roads, link roads, pathways or any other road with or without drainage system","Uttar Pradesh","FIROZABAD(DISTRICT MAGISTRATE FIROZABAD_IDA)","AKSHAYA YADAV","FIROZABAD","developement of interlocking road from bholebaba tample to rajender prasdhad house 110 meters  by 4 meters","17-Aug-2024","1309000","17-Oct-2024"
"654","Normal/Others","WS/MP18217/2024-2025/136148-Construction of roads, link roads, pathways or any other road with or without drainage system","Uttar Pradesh","FIROZABAD(DISTRICT MAGISTRATE FIROZABAD_IDA)","AKSHAYA YADAV","FIROZABAD","developement work of interlocking road from parikrama marg to shrikumarpal house around 70 meters by 4 meters","17-Aug-2024","783782","17-Oct-2024"
"655","Repair and Renovation","WS/MP485/2024-2025/136156-Construction of rooms and halls in school and colleges","West Bengal","South 24 Parganas(DISTRICT MAGISTRATE SOUTH TWENTY FOUR PARGANAS_IDA)","Pratima Mondal","JOYNAGAR(SC)","Renovation of Jibantala Rokeya Mahavidyalay, G.P-Sarengabad","18-Aug-2024","997963","01-Oct-2024"
"656","Normal/Others","WS/MP485/2024-2025/136159-Street lights","West Bengal","South 24 Parganas(DISTRICT MAGISTRATE SOUTH TWENTY FOUR PARGANAS_IDA)","Pratima Mondal","JOYNAGAR(SC)","Installetion of Street Light at north Side of Behulabari bazar,G.P-Sarengabad","18-Aug-2024","350000","20-Sep-2024"
"657","Normal/Others","WS/MP485/2024-2025/136161-Street lights","West Bengal","South 24 Parganas(DISTRICT MAGISTRATE SOUTH TWENTY FOUR PARGANAS_IDA)","Pratima Mondal","JOYNAGAR(SC)","Installetion of Street Light at south Side of Behulabari bazar, G.P-Sarengabad","18-Aug-2024","350000","20-Sep-2024"
"658","Normal/Others","WS/MP485/2024-2025/136162-Street lights","West Bengal","South 24 Parganas(DISTRICT MAGISTRATE SOUTH TWENTY FOUR PARGANAS_IDA)","Pratima Mondal","JOYNAGAR(SC)","Installetion of Street Light at east Side of Behulabari bazar, G.P-Sarengabad","18-Aug-2024","350000","20-Sep-2024"
"659","Normal/Others","WS/MP485/2024-2025/136163-Street lights","West Bengal","South 24 Parganas(DISTRICT MAGISTRATE SOUTH TWENTY FOUR PARGANAS_IDA)","Pratima Mondal","JOYNAGAR(SC)","Installetion of Street Light at North Side of Mahisahara Hat , G.P- Tambuldah-I","18-Aug-2024","350000","20-Sep-2024"
"660","Normal/Others","WS/MP485/2024-2025/136164-Street lights","West Bengal","South 24 Parganas(DISTRICT MAGISTRATE SOUTH TWENTY FOUR PARGANAS_IDA)","Pratima Mondal","JOYNAGAR(SC)","Installetion of Street Light at South Side of Mahisahara Hat , G.P- Tambuldah-I","18-Aug-2024","350000","20-Sep-2024"
"661","Normal/Others","WS/MP485/2024-2025/136165-Street lights","West Bengal","South 24 Parganas(DISTRICT MAGISTRATE SOUTH TWENTY FOUR PARGANAS_IDA)","Pratima Mondal","JOYNAGAR(SC)","Installetion of Street Light at East Side of Mahisahara Hat , G.P- Tambuldah-I","18-Aug-2024","350000","20-Sep-2024"
"662","Normal/Others","WS/MP485/2024-2025/136166-Street lights","West Bengal","South 24 Parganas(DISTRICT MAGISTRATE SOUTH TWENTY FOUR PARGANAS_IDA)","Pratima Mondal","JOYNAGAR(SC)","Installetion of Street Light at West Side of Mahisahara Hat , G.P- Tambuldah-I","18-Aug-2024","350000","20-Sep-2024"
"663","Normal/Others","WS/MP18006/2024-2025/136185-Construction of roads, link roads, pathways or any other road with or without drainage system","Andhra Pradesh","CHITTOOR(DISTRICT COLLECTOR CHITTOOR_IDA)","DAGGUMALLA PRASADA RAO","CHITTOOR","Construction of CC road from Mangunta HW Continuaition Road to Diguvamangunta Village in Mangunta GP of SR Puram Mandal of GD Nelloore Constituency.","18-Aug-2024","500000","06-Sep-2024"
"664","Normal/Others","WS/MP18006/2024-2025/136186-Construction of roads, link roads, pathways or any other road with or without drainage system","Andhra Pradesh","CHITTOOR(DISTRICT COLLECTOR CHITTOOR_IDA)","DAGGUMALLA PRASADA RAO","CHITTOOR","Construction of CC Road Mangunta Anganwadi School to Mangunta New Colony via Nehru House in Mangunta Village and GP of SR Puram Mandal of GD Nelloore Constituency.","18-Aug-2024","500000","06-Sep-2024"
"665","Normal/Others","WS/MP18006/2024-2025/136187-Construction of roads, link roads, pathways or any other road with or without drainage system","Andhra Pradesh","CHITTOOR(DISTRICT COLLECTOR CHITTOOR_IDA)","DAGGUMALLA PRASADA RAO","CHITTOOR","Construction of CC Road from DBR Bailu continuation Road to Mangunta Village Road in Mangunta GP of SR Puram Mandal in GD Nelloore Constituency.","18-Aug-2024","500000","06-Sep-2024"
"666","Normal/Others","WS/MP18006/2024-2025/136188-Construction of boundary walls of existing public and community buildings","Andhra Pradesh","CHITTOOR(DISTRICT COLLECTOR CHITTOOR_IDA)","DAGGUMALLA PRASADA RAO","CHITTOOR","Construction of Anganwadi compound wall Mangunta Village & GP of SR Puram Mandal of GD Nelloore Constituency.","18-Aug-2024","500000","06-Sep-2024"
"667","Normal/Others","WS/MP18006/2024-2025/136189-Construction of roads, link roads, pathways or any other road with or without drainage system","Andhra Pradesh","CHITTOOR(DISTRICT COLLECTOR CHITTOOR_IDA)","DAGGUMALLA PRASADA RAO","CHITTOOR","Construction of CC road from R&B Road to Ramesh Reddy House Mangunta Village and GP of SR Puram Mandal of GD Nelloore Constituency.","18-Aug-2024","500000","06-Sep-2024"
"668","Normal/Others","WS/MP18006/2024-2025/136190-Construction of roads, link roads, pathways or any other road with or without drainage system","Andhra Pradesh","CHITTOOR(DISTRICT COLLECTOR CHITTOOR_IDA)","DAGGUMALLA PRASADA RAO","CHITTOOR","Construction of CC Road from Piligundlapalli Main Road to Subramanyam House connecting Road DBR Bailu Village in Mangunta GP of SR Puram Mandal in GD Nelloore Constituency.","18-Aug-2024","300000","06-Sep-2024"
"669","Normal/Others","WS/MP18006/2024-2025/136191-Construction of roads, link roads, pathways or any other road with or without drainage system","Andhra Pradesh","CHITTOOR(DISTRICT COLLECTOR CHITTOOR_IDA)","DAGGUMALLA PRASADA RAO","CHITTOOR","Construction of CC Road from Venkateswara Reddy House to Ramakka House in 52 Kannikapuram Village of Pillarikuppam GP of SR Puram Mandal of GD Nelloore Constituency.","18-Aug-2024","500000","06-Sep-2024"
"670","Normal/Others","WS/MP18006/2024-2025/136192-Construction of roads, link roads, pathways or any other road with or without drainage system","Andhra Pradesh","CHITTOOR(DISTRICT COLLECTOR CHITTOOR_IDA)","DAGGUMALLA PRASADA RAO","CHITTOOR","Construction of CC Road from Ramakka House to Doraswami Reddy House in 52Kannikapuram Village , Pillarikuppam GP of SR Puram Mandal of GD Nelloore Constituency.","18-Aug-2024","500000","06-Sep-2024"
"671","Normal/Others","WS/MP18006/2024-2025/136193-Construction of roads, link roads, pathways or any other road with or without drainage system","Andhra Pradesh","CHITTOOR(DISTRICT COLLECTOR CHITTOOR_IDA)","DAGGUMALLA PRASADA RAO","CHITTOOR","Construction of CC Road from BT Road to Anjaneyula Naidu Houses in AM Puram Village & GP of SR Puram Mandal of GD Nelloore Constituency.","18-Aug-2024","400000","06-Sep-2024"
"672","Normal/Others","WS/MP18006/2024-2025/136194-Construction of roads, link roads, pathways or any other road with or without drainage system","Andhra Pradesh","CHITTOOR(DISTRICT COLLECTOR CHITTOOR_IDA)","DAGGUMALLA PRASADA RAO","CHITTOOR","Construction of CC Road and Protection wall From GMR Puram to VPR Puram, GMR Puram GP of SR Puram Mandal of GD Nelloore Constituency.","18-Aug-2024","500000","06-Sep-2024"
"673","Normal/Others","WS/MP18006/2024-2025/136195-Construction of roads, link roads, pathways or any other road with or without drainage system","Andhra Pradesh","CHITTOOR(DISTRICT COLLECTOR CHITTOOR_IDA)","DAGGUMALLA PRASADA RAO","CHITTOOR","Construction of CC Road and Kalvert from CP Road to LLa Convent School via Babu Reddy House in Shiva Nagar in Shiva nagar in SR Puram GP and Mandal of GD Nelloore Constituency.","18-Aug-2024","400000","06-Sep-2024"
"674","Normal/Others","WS/MP18006/2024-2025/136196-Construction of roads, link roads, pathways or any other road with or without drainage system","Andhra Pradesh","CHITTOOR(DISTRICT COLLECTOR CHITTOOR_IDA)","DAGGUMALLA PRASADA RAO","CHITTOOR","Construction of CC Road from Madhava Naidu house to Yaganti Easwar Naidu House in Padhmapuram Village and GP of SR Puram Mandal of GD Nellore Constituency.","18-Aug-2024","200000","06-Sep-2024"
"675","Normal/Others","WS/MP18006/2024-2025/136197-Crematoriums/energy efficient crematoriums or structures on burial/cremation ground","Andhra Pradesh","CHITTOOR(DISTRICT COLLECTOR CHITTOOR_IDA)","DAGGUMALLA PRASADA RAO","CHITTOOR","Construction of Burrial Ground Compound Wall in Ksheerasamudram Villahe and GP in SR Puram Mandal of GD Nelloore Constituency.","18-Aug-2024","500000","06-Sep-2024"
"676","Normal/Others","WS/MP18006/2024-2025/136198-Construction of roads, link roads, pathways or any other road with or without drainage system","Andhra Pradesh","CHITTOOR(DISTRICT COLLECTOR CHITTOOR_IDA)","DAGGUMALLA PRASADA RAO","CHITTOOR","Construction of CC Road From Satyamma Temple to Subramanyam House in Thellagundlapalli Village in Bommaiahapalli GP of Vedurukuppam Mandal of GD Nelloore Constituency.","18-Aug-2024","400000","07-Oct-2024"
"677","Normal/Others","WS/MP18006/2024-2025/136202-Renovation of ponds and lakes","Andhra Pradesh","CHITTOOR(DISTRICT COLLECTOR CHITTOOR_IDA)","DAGGUMALLA PRASADA RAO","CHITTOOR","Upgradation of Existing CC Road from Penumuru-Nendragunta Road to Challampalem Road at Thalaripallie HW of Ramakrishnapuram GP in Penumuru Mandal of GD Nelloore Constituency.","28-Aug-2024","500000","06-Sep-2024"
"678","Normal/Others","WS/MP18006/2024-2025/136203-Renovation of ponds and lakes","Andhra Pradesh","CHITTOOR(DISTRICT COLLECTOR CHITTOOR_IDA)","DAGGUMALLA PRASADA RAO","CHITTOOR","Upgradation of Existing CC road from Challampalem Road to Thalaripalli HW of Ramakrishnapuram GP in Penumuru Mandal of GD Nelloore  Constituency.","28-Aug-2024","500000","06-Sep-2024"
"679","Normal/Others","WS/MP18006/2024-2025/136204-Renovation of ponds and lakes","Andhra Pradesh","CHITTOOR(DISTRICT COLLECTOR CHITTOOR_IDA)","DAGGUMALLA PRASADA RAO","CHITTOOR","Upgradation of Existing CC Road from Naidu House to Subramanyam House in Kamma Street in Penumuru Village and Mandal of GD Nelloore Constituency.","28-Aug-2024","490000","06-Sep-2024"
"680","Normal/Others","WS/MP18006/2024-2025/136205-Renovation of ponds and lakes","Andhra Pradesh","CHITTOOR(DISTRICT COLLECTOR CHITTOOR_IDA)","DAGGUMALLA PRASADA RAO","CHITTOOR","Upgradation of Existing CC Road from Shivalayam to Library in Kamma Street in Penumuru Village and Mandal of GD Nelloore Constituency.","28-Aug-2024","470000","06-Sep-2024"
"681","Normal/Others","WS/MP485/2024-2025/136217-Street lights","West Bengal","South 24 Parganas(DISTRICT MAGISTRATE SOUTH TWENTY FOUR PARGANAS_IDA)","Pratima Mondal","JOYNAGAR(SC)","Installetion of Street Light at North Side of Deuli Bazar , G.P- Deuli-II","18-Aug-2024","350000","20-Sep-2024"
"682","Normal/Others","WS/MP485/2024-2025/136218-Street lights","West Bengal","South 24 Parganas(DISTRICT MAGISTRATE SOUTH TWENTY FOUR PARGANAS_IDA)","Pratima Mondal","JOYNAGAR(SC)","Installetion of Street Light at the midle portion of Deuli Bazar , G.P- Deuli-II","18-Aug-2024","350000","20-Sep-2024"
"683","Normal/Others","WS/MP485/2024-2025/136219-Street lights","West Bengal","South 24 Parganas(DISTRICT MAGISTRATE SOUTH TWENTY FOUR PARGANAS_IDA)","Pratima Mondal","JOYNAGAR(SC)","Installetion of Street Light at South Side of Deuli Bazar , G.P- Deuli-II","18-Aug-2024","350000","20-Sep-2024"
"684","Normal/Others","WS/MP485/2024-2025/136220-Street lights","West Bengal","South 24 Parganas(DISTRICT MAGISTRATE SOUTH TWENTY FOUR PARGANAS_IDA)","Pratima Mondal","JOYNAGAR(SC)","Installetion of Street Light at South Side of Tardah Bazar , G.P-Tardah","18-Aug-2024","347598","24-Jan-2025"
"685","Normal/Others","WS/MP485/2024-2025/136221-Street lights","West Bengal","South 24 Parganas(DISTRICT MAGISTRATE SOUTH TWENTY FOUR PARGANAS_IDA)","Pratima Mondal","JOYNAGAR(SC)","Installetion of Street Light at North Side of Tardah Bazar , G.P-Tardah","18-Aug-2024","347389","24-Jan-2025"
"686","Normal/Others","WS/MP485/2024-2025/136222-Street lights","West Bengal","South 24 Parganas(DISTRICT MAGISTRATE SOUTH TWENTY FOUR PARGANAS_IDA)","Pratima Mondal","JOYNAGAR(SC)","Installetion of Street Light at the midle portion of Tardah Bazar , G.P- Tardah","18-Aug-2024","347598","24-Jan-2025"
"687","Normal/Others","WS/MP485/2024-2025/136223-Street lights","West Bengal","South 24 Parganas(DISTRICT MAGISTRATE SOUTH TWENTY FOUR PARGANAS_IDA)","Pratima Mondal","JOYNAGAR(SC)","Installetion of Street Light at Madhabpur  Bazar , G.P-Chandaneswar-II","18-Aug-2024","349494","24-Jan-2025"
"688","Normal/Others","WS/MP485/2024-2025/136224-Street lights","West Bengal","South 24 Parganas(DISTRICT MAGISTRATE SOUTH TWENTY FOUR PARGANAS_IDA)","Pratima Mondal","JOYNAGAR(SC)","Installetion of Street Light at West Side of Sundia Bazar, G.P- Chandaneswar-I","18-Aug-2024","349643","24-Jan-2025"
"689","Normal/Others","WS/MP485/2024-2025/136225-Street lights","West Bengal","South 24 Parganas(DISTRICT MAGISTRATE SOUTH TWENTY FOUR PARGANAS_IDA)","Pratima Mondal","JOYNAGAR(SC)","Installetion of Street Light at East Side of Sundia Bazar, G.P- Chandaneswar-I","18-Aug-2024","349553","24-Jan-2025"
"690","Normal/Others","WS/MP485/2024-2025/136226-Street lights","West Bengal","South 24 Parganas(DISTRICT MAGISTRATE SOUTH TWENTY FOUR PARGANAS_IDA)","Pratima Mondal","JOYNAGAR(SC)","Installetion of Street Light from  Shankasahar Bazar to Mazar Sarif , G.P- Shanksahar","18-Aug-2024","349801","24-Jan-2025"
"691","Normal/Others","WS/MP485/2025-2026/136227-Street lights","West Bengal","South 24 Parganas(DISTRICT MAGISTRATE SOUTH TWENTY FOUR PARGANAS_IDA)","Pratima Mondal","JOYNAGAR(SC)","Installetion of Street Light Shankasahr Melar Math to Belerpar, G.P- Shanksahar","18-Aug-2024","349801","21-May-2025"
"692","Normal/Others","WS/MP18161/2024-2025/136228-Construction of roads, link roads, pathways or any other road with or without drainage system","Rajasthan","ALWAR(DISTRICT COLLECTOR ALWAR_IDA)","SANJNA JATAV","BHARATPUR(SC)","cc/interlocking sadak with nali nirman karya jaggi ke makan se shamshan ghat ki taraf gram garoo","18-Aug-2024","494264","03-Dec-2024"
"693","Normal/Others","WS/MP18161/2024-2025/136229-Construction of roads, link roads, pathways or any other road with or without drainage system","Rajasthan","ALWAR(DISTRICT COLLECTOR ALWAR_IDA)","SANJNA JATAV","BHARATPUR(SC)","cc/interlocking sadak with nali nirman karya kuaa se ramkhiladi  ki taraf gram garoo","18-Aug-2024","755904","28-Nov-2024"
"694","Normal/Others","WS/MP18161/2024-2025/136230-Lighting of public spaces","Rajasthan","ALWAR(DISTRICT COLLECTOR ALWAR_IDA)","SANJNA JATAV","BHARATPUR(SC)","sarwjanik high maast light lagane ka karya gram garoo","18-Aug-2024","489289","03-Dec-2024"
"695","Normal/Others","WS/MP485/2024-2025/136231-Street lights","West Bengal","South 24 Parganas(DISTRICT MAGISTRATE SOUTH TWENTY FOUR PARGANAS_IDA)","Pratima Mondal","JOYNAGAR(SC)","Installetion of high mast light at Sonakhali old bus stand, G.P- Ramchandrakhali","18-Aug-2024","800000","19-Mar-2025"
"696","Normal/Others","WS/MP18161/2024-2025/136232-Construction of roads, link roads, pathways or any other road with or without drainage system","Rajasthan","ALWAR(DISTRICT COLLECTOR ALWAR_IDA)","SANJNA JATAV","BHARATPUR(SC)","cc/interlocking sadak with nali nirman karya rajesh ramprasad ke ghar se moharsingh jatav v makkhan ke ghar ki taraf gram gahlawata","18-Aug-2024","594786","03-Dec-2024"
"697","Normal/Others","WS/MP18161/2024-2025/136233-Construction of roads, link roads, pathways or any other road with or without drainage system","Rajasthan","ALWAR(DISTRICT COLLECTOR ALWAR_IDA)","SANJNA JATAV","BHARATPUR(SC)","cc/interlocking sadak nirman karya gurjar bas se mandir ki taraf gram nagla matuwa","18-Aug-2024","596067","28-Nov-2024"
"698","Normal/Others","WS/MP18126/2025-2026/136436-Construction of bus-sheds or bus-stops","Maharashtra","NANDURBAR(DISTRICT COLLECTOR NANDURBAR_IDA)","ADV GOWAAL KAGADA PADAVI","NANDURBAR(ST)","Construction of Ranala Bus stop shed","19-Aug-2024","1199000","21-Aug-2025"
"699","Normal/Others","WS/MP529/2024-2025/136493-Providing supply pipelines for drinking water","Andhra Pradesh","Tirupati(DISTRICT COLLECTOR TIRUPATI_IDA)","Maddila Gurumoorthy","TIRUPATI(SC)","Augmentation of the PW Scheme in SC Colony of Bramhanathangal Village, Narayanavanam Mandal.","20-Aug-2024","487054","17-Sep-2024"
"700","Normal/Others","WS/MP529/2024-2025/136494-Providing supply pipelines for drinking water","Andhra Pradesh","Tirupati(DISTRICT COLLECTOR TIRUPATI_IDA)","Maddila Gurumoorthy","TIRUPATI(SC)","Providing RO Plant to BC Welfare Hostel at Renigunta in Renigunta Mandal.","20-Aug-2024","223834","17-Sep-2024"
"701","Normal/Others","WS/MP529/2024-2025/136495-Providing supply pipelines for drinking water","Andhra Pradesh","Tirupati(DISTRICT COLLECTOR TIRUPATI_IDA)","Maddila Gurumoorthy","TIRUPATI(SC)","Providing RO Plant Machinery at Dr. B.R.Ambedkar Grukulam at Naidupeta in Naidupeta Mandal.","20-Aug-2024","300000","04-Sep-2024"
"702","Normal/Others","WS/MP18112/2024-2025/136520-Construction of community centers and community halls","Maharashtra","AMRAVATI(DISTRICT COLLECTOR AMRAVATI_IDA)","BALWANT BASWANT WANKHADE","AMRAVATI(SC)","CONSTRUCTION OF COMMUNITY HALL , AT GAGLANI NAGAR , PRABHAG NO 9 AMRAVATI CITY","20-Aug-2024","2000000","21-Jan-2025"
"703","Normal/Others","WS/MP568/2024-2025/136521-Construction of common work sheds/ common covered sitting area","Chhattisgarh","DURG(DISTRICT COLLECTOR DURG_IDA)","Vijay Baghel","DURG","Shed Nirman ewam atirikt kaksh nirman","20-Aug-2024","1000000","23-Aug-2024"
"704","Normal/Others","WS/MP18112/2024-2025/136522-Construction of community centers and community halls","Maharashtra","AMRAVATI(DISTRICT COLLECTOR AMRAVATI_IDA)","BALWANT BASWANT WANKHADE","AMRAVATI(SC)","CONSTRUCTION OF COMMUNITY HALL , AT RAMABAI AMBEDKAR NAGAR , DARYAPUR DIST AMRAVATI","20-Aug-2024","1500000","18-Feb-2025"
"705","Normal/Others","WS/MP18112/2024-2025/136532-Construction of community centers and community halls","Maharashtra","AMRAVATI(DISTRICT COLLECTOR AMRAVATI_IDA)","BALWANT BASWANT WANKHADE","AMRAVATI(SC)","CONSTRUCTION COMMUNITY HALL AT  WARD NO 9 WALMIKI NAGAR , DARYAPUR , DIST AMRAVATI","20-Aug-2024","1500000","13-Dec-2024"
"706","Normal/Others","WS/MP334/2024-2025/136558-Lighting of public spaces","Jharkhand","GIRIDIH(Deputy Commissioner Giridh_IDA)","Shri Chandra Prakash Choudhary","GIRIDIH","construction of mask light in isri bazaar bus stand","21-Aug-2024","150000","08-Jan-2025"
"707","Normal/Others","WS/MP584/2024-2025/136561-Construction of common work sheds/ common covered sitting area","Gujarat","KACHCHH(DISTRICT COLLECTOR KUTCH_IDA)","Vinod Chavda","KACHCHH(SC)","Bhuj talukana bhuj shaerana lalan college open air theaterni dabi bajuma comman work shed","21-Aug-2024","481921","12-Feb-2025"
"708","Normal/Others","WS/MP584/2024-2025/136562-Construction of common work sheds/ common covered sitting area","Gujarat","KACHCHH(DISTRICT COLLECTOR KUTCH_IDA)","Vinod Chavda","KACHCHH(SC)","Bhuj talukana bhuj shaerana lalan college open air theaterni jamani bajuma comman work shed","21-Aug-2024","479928","12-Feb-2025"
"709","Normal/Others","WS/MP584/2024-2025/136563-Construction of common work sheds/ common covered sitting area","Gujarat","KACHCHH(DISTRICT COLLECTOR KUTCH_IDA)","Vinod Chavda","KACHCHH(SC)","Nakhtrana talukana vibhapar patidara samaj viastar karigar koman work shed","21-Aug-2024","500000","27-Mar-2025"
"710","Normal/Others","WS/MP584/2024-2025/136564-Construction of common work sheds/ common covered sitting area","Gujarat","KACHCHH(DISTRICT COLLECTOR KUTCH_IDA)","Vinod Chavda","KACHCHH(SC)","Nakhtrana talukana jiyapar gaame shiv mandir pase karigar commen work shed","21-Aug-2024","500000","27-Mar-2025"
"711","Normal/Others","WS/MP584/2024-2025/136565-Construction of common work sheds/ common covered sitting area","Gujarat","KACHCHH(DISTRICT COLLECTOR KUTCH_IDA)","Vinod Chavda","KACHCHH(SC)","Anjar talukana jaroo gaame  Ahir vistar samaj karigar commen work shed","21-Aug-2024","500000","05-Feb-2025"
"712","Normal/Others","WS/MP334/2024-2025/136568-Lighting of public spaces","Jharkhand","GIRIDIH(Deputy Commissioner Giridh_IDA)","Shri Chandra Prakash Choudhary","GIRIDIH","construction of mask light in teliyabahiyar chowk of jaridih panchayat.","21-Aug-2024","150000","08-Jan-2025"
"713","Normal/Others","WS/MP334/2024-2025/136569-Lighting of public spaces","Jharkhand","GIRIDIH(Deputy Commissioner Giridh_IDA)","Shri Chandra Prakash Choudhary","GIRIDIH","construction of mask light in manjhladih chowk of manjhladih village on badki bergi panchayat.","21-Aug-2024","150000","08-Jan-2025"
"714","Normal/Others","WS/MP334/2024-2025/136570-Lighting of public spaces","Jharkhand","GIRIDIH(Deputy Commissioner Giridh_IDA)","Shri Chandra Prakash Choudhary","GIRIDIH","construction of mask light in tiranga chowk of sasarkho village of sasarkho panchayat.","21-Aug-2024","150000","08-Jan-2025"
"715","Normal/Others","WS/MP334/2024-2025/136571-Lighting of public spaces","Jharkhand","GIRIDIH(Deputy Commissioner Giridh_IDA)","Shri Chandra Prakash Choudhary","GIRIDIH","construction of mask light in bhandaro chowk of nagabad village of nagabad panchayat.","21-Aug-2024","150000","08-Jan-2025"
"716","Normal/Others","WS/MP334/2024-2025/136572-Lighting of public spaces","Jharkhand","GIRIDIH(Deputy Commissioner Giridh_IDA)","Shri Chandra Prakash Choudhary","GIRIDIH","construction of mask light in chalmo chowk of berha suiyadih village of berha suiyadih panchayat.","21-Aug-2024","150000","08-Jan-2025"
"717","Normal/Others","WS/MP334/2024-2025/136573-Lighting of public spaces","Jharkhand","GIRIDIH(Deputy Commissioner Giridh_IDA)","Shri Chandra Prakash Choudhary","GIRIDIH","construction of mask light in kharko mod of khudisar village of khudisar panchayat.","21-Aug-2024","150000","08-Jan-2025"
"718","Normal/Others","WS/MP334/2024-2025/136574-Lighting of public spaces","Jharkhand","GIRIDIH(Deputy Commissioner Giridh_IDA)","Shri Chandra Prakash Choudhary","GIRIDIH","construction of mask light in bazaar chowk of isri bazaar south panchayat.","21-Aug-2024","150000","08-Jan-2025"
"719","Normal/Others","WS/MP334/2024-2025/136581-Lighting of public spaces","Jharkhand","GIRIDIH(Deputy Commissioner Giridh_IDA)","Shri Chandra Prakash Choudhary","GIRIDIH","construction of mask light in dumri chowk of dumri panchayat.","21-Aug-2024","150000","08-Jan-2025"
"720","Normal/Others","WS/MP334/2024-2025/136582-Lighting of public spaces","Jharkhand","GIRIDIH(Deputy Commissioner Giridh_IDA)","Shri Chandra Prakash Choudhary","GIRIDIH","construction of mask light near chegro panchayat bhavan of chegro village of chegro panchayat.","21-Aug-2024","150000","08-Jan-2025"
"721","Normal/Others","WS/MP334/2024-2025/136583-Lighting of public spaces","Jharkhand","GIRIDIH(Deputy Commissioner Giridh_IDA)","Shri Chandra Prakash Choudhary","GIRIDIH","construction of mask light near dhawatand chowk of dhawatand village of chachando panchayat.","21-Aug-2024","150000","08-Jan-2025"
"722","Normal/Others","WS/MP334/2024-2025/136584-Lighting of public spaces","Jharkhand","GIRIDIH(Deputy Commissioner Giridh_IDA)","Shri Chandra Prakash Choudhary","GIRIDIH","construction of mask light in telkhara mod of telkhara village of kalhabar panchayat.","21-Aug-2024","150000","08-Jan-2025"
"723","Normal/Others","WS/MP334/2024-2025/136585-Lighting of public spaces","Jharkhand","GIRIDIH(Deputy Commissioner Giridh_IDA)","Shri Chandra Prakash Choudhary","GIRIDIH","construction of mask light near chainpur bank of chainpur village of chainpur panchayat.","21-Aug-2024","150000","08-Jan-2025"
"724","Normal/Others","WS/MP334/2024-2025/136586-Lighting of public spaces","Jharkhand","GIRIDIH(Deputy Commissioner Giridh_IDA)","Shri Chandra Prakash Choudhary","GIRIDIH","construction of mask light near bajrangbali mandir of samda village of cheeno panchayat.","21-Aug-2024","150000","08-Jan-2025"
"725","Normal/Others","WS/MP334/2024-2025/136587-Lighting of public spaces","Jharkhand","GIRIDIH(Deputy Commissioner Giridh_IDA)","Shri Chandra Prakash Choudhary","GIRIDIH","construction of mask light near bajrang bali mandir of atki village of atki panchayat.","21-Aug-2024","150000","08-Jan-2025"
"726","Normal/Others","WS/MP334/2024-2025/136588-Lighting of public spaces","Jharkhand","GIRIDIH(Deputy Commissioner Giridh_IDA)","Shri Chandra Prakash Choudhary","GIRIDIH","construction of mask light near dhawatand bazaar tand durga mandir of dhawatand village of chachando panchayat.","21-Aug-2024","150000","08-Jan-2025"
"727","Normal/Others","WS/MP334/2024-2025/136589-Lighting of public spaces","Jharkhand","GIRIDIH(Deputy Commissioner Giridh_IDA)","Shri Chandra Prakash Choudhary","GIRIDIH","construction of mask light near chainpur bazaartand of chainpur village of chainpur panchayat.","21-Aug-2024","150000","08-Jan-2025"
"728","Normal/Others","WS/MP334/2024-2025/136590-Lighting of public spaces","Jharkhand","GIRIDIH(Deputy Commissioner Giridh_IDA)","Shri Chandra Prakash Choudhary","GIRIDIH","construction of mask light near telkhara bazaar tand durga mandir of telkhara village of kalhabar panchayat.","21-Aug-2024","150000","08-Jan-2025"
"729","Normal/Others","WS/MP334/2024-2025/136591-Lighting of public spaces","Jharkhand","GIRIDIH(Deputy Commissioner Giridh_IDA)","Shri Chandra Prakash Choudhary","GIRIDIH","construction of mask light near chegro shiv mandir of chegro village of chegro panchayat.","21-Aug-2024","150000","08-Jan-2025"
"730","Normal/Others","WS/MP334/2024-2025/136598-Lighting of public spaces","Jharkhand","GIRIDIH(Deputy Commissioner Giridh_IDA)","Shri Chandra Prakash Choudhary","GIRIDIH","construction of mask light near fatehpur bajrangbali mandir of fatehpur village of parsabeda panchayat.","21-Aug-2024","150000","08-Jan-2025"
"731","Normal/Others","WS/MP334/2024-2025/136599-Lighting of public spaces","Jharkhand","GIRIDIH(Deputy Commissioner Giridh_IDA)","Shri Chandra Prakash Choudhary","GIRIDIH","construction of mask light near shiv mandir of amra village of amra panchayat.","21-Aug-2024","150000","08-Jan-2025"
"732","Normal/Others","WS/MP334/2024-2025/136600-Lighting of public spaces","Jharkhand","GIRIDIH(Deputy Commissioner Giridh_IDA)","Shri Chandra Prakash Choudhary","GIRIDIH","construction of mask light near shiv mandir simradih of dumri panchayat.","21-Aug-2024","150000","08-Jan-2025"
"733","Normal/Others","WS/MP334/2024-2025/136601-Lighting of public spaces","Jharkhand","GIRIDIH(Deputy Commissioner Giridh_IDA)","Shri Chandra Prakash Choudhary","GIRIDIH","construction of mask light near shiv mandir of jaridih village of jaridih panchayat.","21-Aug-2024","150000","08-Jan-2025"
"734","Normal/Others","WS/MP334/2024-2025/136602-Lighting of public spaces","Jharkhand","GIRIDIH(Deputy Commissioner Giridh_IDA)","Shri Chandra Prakash Choudhary","GIRIDIH","construction of mask light near neemtola of jitkundi village of jitkundi panchayat.","21-Aug-2024","150000","08-Jan-2025"
"735","Normal/Others","WS/MP334/2024-2025/136611-Lighting of public spaces","Jharkhand","GIRIDIH(Deputy Commissioner Giridh_IDA)","Shri Chandra Prakash Choudhary","GIRIDIH","construction of mask light near mansa mandir of dudhpaniya village of madhyagopali panchayat.","21-Aug-2024","150000","08-Jan-2025"
"736","Normal/Others","WS/MP334/2024-2025/136612-Lighting of public spaces","Jharkhand","GIRIDIH(Deputy Commissioner Giridh_IDA)","Shri Chandra Prakash Choudhary","GIRIDIH","construction of mask light near pordag mod of asurbandh village of asurbandh panchayat.","21-Aug-2024","150000","08-Jan-2025"
"737","Normal/Others","WS/MP334/2024-2025/136613-Lighting of public spaces","Jharkhand","GIRIDIH(Deputy Commissioner Giridh_IDA)","Shri Chandra Prakash Choudhary","GIRIDIH","construction of mask light near bajrang bali mandir of khankikala village of dumarchutiyo panchayat.","21-Aug-2024","150000","08-Jan-2025"
"738","Normal/Others","WS/MP334/2024-2025/136614-Lighting of public spaces","Jharkhand","GIRIDIH(Deputy Commissioner Giridh_IDA)","Shri Chandra Prakash Choudhary","GIRIDIH","construction of mask light near durga mandir of kulgo north village of kulgo north panchayat.","21-Aug-2024","150000","08-Jan-2025"
"739","Normal/Others","WS/MP334/2024-2025/136615-Lighting of public spaces","Jharkhand","GIRIDIH(Deputy Commissioner Giridh_IDA)","Shri Chandra Prakash Choudhary","GIRIDIH","construction of mask light near chappartand mod of kulgo dakshini village of kulgo dakshini panchayat.","21-Aug-2024","150000","10-Feb-2025"
"740","Normal/Others","WS/MP334/2024-2025/136616-Lighting of public spaces","Jharkhand","GIRIDIH(Deputy Commissioner Giridh_IDA)","Shri Chandra Prakash Choudhary","GIRIDIH","construction of mask light near shiv mandir of jaruwadih village of bharkhar panchayat.","21-Aug-2024","150000","10-Feb-2025"
"741","Normal/Others","WS/MP334/2024-2025/136617-Lighting of public spaces","Jharkhand","GIRIDIH(Deputy Commissioner Giridh_IDA)","Shri Chandra Prakash Choudhary","GIRIDIH","construction of mask light near durga mandir of roshnatunda village of roshnatunda panchayat.","21-Aug-2024","150000","08-Jan-2025"
"742","Normal/Others","WS/MP334/2024-2025/136618-Lighting of public spaces","Jharkhand","GIRIDIH(Deputy Commissioner Giridh_IDA)","Shri Chandra Prakash Choudhary","GIRIDIH","construction of mask light near shiv mandir of laxmantunda village of laxmantunda panchayat.","21-Aug-2024","150000","10-Feb-2025"
"743","Normal/Others","WS/MP334/2024-2025/136619-Lighting of public spaces","Jharkhand","GIRIDIH(Deputy Commissioner Giridh_IDA)","Shri Chandra Prakash Choudhary","GIRIDIH","construction of mask light near shiv mandir of balutunda village of balutunda panchayat.","21-Aug-2024","150000","10-Feb-2025"
"744","Normal/Others","WS/MP334/2024-2025/136620-Lighting of public spaces","Jharkhand","GIRIDIH(Deputy Commissioner Giridh_IDA)","Shri Chandra Prakash Choudhary","GIRIDIH","construction of mask light near bikhnidih mandir of pipradih village of poraiya panchayat.","21-Aug-2024","150000","10-Feb-2025"
"745","Normal/Others","WS/MP334/2024-2025/136622-Lighting of public spaces","Jharkhand","GIRIDIH(Deputy Commissioner Giridh_IDA)","Shri Chandra Prakash Choudhary","GIRIDIH","construction of mask light near club bhawan of balthariya village of balthariya panchayat.","21-Aug-2024","150000","10-Feb-2025"
"746","Normal/Others","WS/MP18311/2024-2025/136624-Providing drains and gutters for public drainage","Punjab","RUPNAGAR(DEPUTY COMMISSIONER ROOPNAGAR_IDA)","MALVINDER SINGH KANG","ANANDPUR SAHIB","Construction of drain water","21-Aug-2024","2000000","17-Sep-2024"
"747","Normal/Others","WS/MP334/2024-2025/136625-Lighting of public spaces","Jharkhand","GIRIDIH(Deputy Commissioner Giridh_IDA)","Shri Chandra Prakash Choudhary","GIRIDIH","construction of mask light near madhwadih mandir of madhwadih village of thakurchak panchayat.","21-Aug-2024","150000","10-Feb-2025"
"748","Normal/Others","WS/MP334/2024-2025/136626-Lighting of public spaces","Jharkhand","GIRIDIH(Deputy Commissioner Giridh_IDA)","Shri Chandra Prakash Choudhary","GIRIDIH","construction of mask light near shiv mandir of matiyobeda village of khairatunda panchayat.","21-Aug-2024","150000","10-Feb-2025"
"749","Normal/Others","WS/MP334/2024-2025/136627-Lighting of public spaces","Jharkhand","GIRIDIH(Deputy Commissioner Giridh_IDA)","Shri Chandra Prakash Choudhary","GIRIDIH","construction of mask light near bishu mandir of jamtara village of jamtara panchayat.","21-Aug-2024","149710","10-Feb-2025"
"750","Normal/Others","WS/MP334/2024-2025/136628-Lighting of public spaces","Jharkhand","GIRIDIH(Deputy Commissioner Giridh_IDA)","Shri Chandra Prakash Choudhary","GIRIDIH","construction of mask light near durga mandir of shankardih village of shankardih panchayat.","21-Aug-2024","150000","10-Feb-2025"
"751","Normal/Others","WS/MP334/2024-2025/136629-Lighting of public spaces","Jharkhand","GIRIDIH(Deputy Commissioner Giridh_IDA)","Shri Chandra Prakash Choudhary","GIRIDIH","construction of mask light near durga mandir of nagri village of nagri panchayat.","21-Aug-2024","149710","10-Feb-2025"
"752","Normal/Others","WS/MP334/2024-2025/136630-Lighting of public spaces","Jharkhand","GIRIDIH(Deputy Commissioner Giridh_IDA)","Shri Chandra Prakash Choudhary","GIRIDIH","construction of mask light near hatiyatand of isri north panchayat.","21-Aug-2024","149710","10-Feb-2025"
"753","Normal/Others","WS/MP334/2024-2025/136631-Lighting of public spaces","Jharkhand","GIRIDIH(Deputy Commissioner Giridh_IDA)","Shri Chandra Prakash Choudhary","GIRIDIH","construction of mask light near durga mandir of lohedih village of lohedih panchayat.","21-Aug-2024","150000","10-Feb-2025"
"754","Normal/Others","WS/MP334/2024-2025/136632-Lighting of public spaces","Jharkhand","GIRIDIH(Deputy Commissioner Giridh_IDA)","Shri Chandra Prakash Choudhary","GIRIDIH","construction of mask light near club bhawan of karmatungri village of lohedih panchayat.","21-Aug-2024","150000","10-Feb-2025"
"755","Normal/Others","WS/MP334/2024-2025/136633-Lighting of public spaces","Jharkhand","GIRIDIH(Deputy Commissioner Giridh_IDA)","Shri Chandra Prakash Choudhary","GIRIDIH","construction of mask light near teklal mahto house of shankardih village of shankardih panchayat.","21-Aug-2024","150000","10-Feb-2025"
"756","Normal/Others","WS/MP334/2024-2025/136639-Lighting of public spaces","Jharkhand","GIRIDIH(Deputy Commissioner Giridh_IDA)","Shri Chandra Prakash Choudhary","GIRIDIH","construction of mask light near hari mandir of teliyatunda village of khairatunda panchayat.","21-Aug-2024","149710","10-Feb-2025"
"757","Normal/Others","WS/MP334/2024-2025/136640-Lighting of public spaces","Jharkhand","GIRIDIH(Deputy Commissioner Giridh_IDA)","Shri Chandra Prakash Choudhary","GIRIDIH","construction of mask light near hanuman mandir of laxmantunda village of laxmantunda panchayat.","21-Aug-2024","150000","10-Feb-2025"
"758","Normal/Others","WS/MP334/2024-2025/136641-Lighting of public spaces","Jharkhand","GIRIDIH(Deputy Commissioner Giridh_IDA)","Shri Chandra Prakash Choudhary","GIRIDIH","construction of mask light near sitaram mandir of laxmantunda village of laxmantunda panchayat.","21-Aug-2024","149710","10-Feb-2025"
"759","Normal/Others","WS/MP334/2024-2025/136642-Lighting of public spaces","Jharkhand","GIRIDIH(Deputy Commissioner Giridh_IDA)","Shri Chandra Prakash Choudhary","GIRIDIH","construction of mask light near radhekrishna thakurbadi mandir of isri north panchayat.","21-Aug-2024","150000","10-Feb-2025"
"760","Normal/Others","WS/MP747/2024-2025/136647-Construction of community centers and community halls","Tamil Nadu","MADURAI(DISTRICT COLLECTOR MADURAI_IDA)","Manickam Tagore B","VIRUDHUNAGAR","Construction of Community center in Koothiyarkundu village at Nilaiyur Bit 1 panchayat","13-Sep-2024","2370415","19-Nov-2024"
"761","Normal/Others","WS/MP747/2024-2025/136648-Construction of community centers and community halls","Tamil Nadu","MADURAI(DISTRICT COLLECTOR MADURAI_IDA)","Manickam Tagore B","VIRUDHUNAGAR","Construction of Community center in Ward no.89 at Madurai Corporation","13-Sep-2024","2494342","18-Feb-2025"
"762","Normal/Others","WS/MP777/2024-2025/136649-Construction of roads, link roads, pathways or any other road with or without drainage system","Uttar Pradesh","GAUTAM BUDDHA NAGAR(DISTRICT MAGISTRATE GAUTAMBUDHNAGAR)","Mahesh Sharma","GAUTAM BUDDHA NAGAR","Gram Kheda Dharampur mein madan ke ghar se lekar R G International school ki ore interlocking nali nirmaan karya, 90 meter","21-Aug-2024","786302","07-Sep-2024"
"763","Normal/Others","WS/MP777/2024-2025/136650-Construction of roads, link roads, pathways or any other road with or without drainage system","Uttar Pradesh","GAUTAM BUDDHA NAGAR(DISTRICT MAGISTRATE GAUTAMBUDHNAGAR)","Mahesh Sharma","GAUTAM BUDDHA NAGAR","Main Girdharpur sampark marg chakki wali gali ki aur interlocking & naali nirmaan karya, 78 meter.","21-Aug-2024","998160","07-Sep-2024"
"764","Normal/Others","WS/MP777/2024-2025/136651-Construction of roads, link roads, pathways or any other road with or without drainage system","Uttar Pradesh","GAUTAM BUDDHA NAGAR(DISTRICT MAGISTRATE GAUTAMBUDHNAGAR)","Mahesh Sharma","GAUTAM BUDDHA NAGAR","Sai Enclave Colony, Chipiyana Buzurg main Himanshu Upadhyay ke Makaan se lekar Harender Kumar ke Makaan ki ore interlocking & Nalli Nirman karya, 67 meter","21-Aug-2024","797062","07-Sep-2024"
"765","Normal/Others","WS/MP777/2024-2025/136652-Construction of roads, link roads, pathways or any other road with or without drainage system","Uttar Pradesh","GAUTAM BUDDHA NAGAR(DISTRICT MAGISTRATE GAUTAMBUDHNAGAR)","Mahesh Sharma","GAUTAM BUDDHA NAGAR","Gram Dadupur katana me Mukhya Marg School primary school se lekar Naharpul ki ore se CC Road, Nirman karya, 65 meter","21-Aug-2024","998078","07-Sep-2024"
"766","Normal/Others","WS/MP777/2024-2025/136653-Crematoriums/energy efficient crematoriums or structures on burial/cremation ground","Uttar Pradesh","GAUTAM BUDDHA NAGAR(DISTRICT MAGISTRATE GAUTAMBUDHNAGAR)","Mahesh Sharma","GAUTAM BUDDHA NAGAR","Gram Veerpura Main jungle K pass Shamshan Ghat ka pakka Karana","21-Aug-2024","999449.17","07-Sep-2024"
"767","Normal/Others","WS/MP777/2024-2025/136654-Construction of roads, link roads, pathways or any other road with or without drainage system","Uttar Pradesh","GAUTAM BUDDHA NAGAR(DISTRICT MAGISTRATE GAUTAMBUDHNAGAR)","Mahesh Sharma","GAUTAM BUDDHA NAGAR","Kulesara ke Shiv enclave, greater Noida mein Shivkumar Se Aanchal Ke Makaan tak interlocking & Nalli nirman, 90 meter","21-Aug-2024","998123","07-Sep-2024"
"768","Normal/Others","WS/MP777/2024-2025/136655-Construction of roads, link roads, pathways or any other road with or without drainage system","Uttar Pradesh","GAUTAM BUDDHA NAGAR(DISTRICT MAGISTRATE GAUTAMBUDHNAGAR)","Mahesh Sharma","GAUTAM BUDDHA NAGAR","Sai enclave colony Chipiyana Buzurg Ke Gali number 8, B- block main Nirmal dairy Se Rinku Sharma Ke ghar ki aur interlocking va Naali nirman Karya, 70 meter","21-Aug-2024","995219","07-Sep-2024"
"769","Normal/Others","WS/MP777/2024-2025/136656-Construction of roads, link roads, pathways or any other road with or without drainage system","Uttar Pradesh","GAUTAM BUDDHA NAGAR(DISTRICT MAGISTRATE GAUTAMBUDHNAGAR)","Mahesh Sharma","GAUTAM BUDDHA NAGAR","Gram Bhogpur main Mahkesh Ke Makaan Se lekar Gyano Devi Ke ghar ki ore interlocking va nali nirman karya, 80 meter","21-Aug-2024","995046","07-Sep-2024"
"770","Normal/Others","WS/MP777/2024-2025/136657-Construction of roads, link roads, pathways or any other road with or without drainage system","Uttar Pradesh","GAUTAM BUDDHA NAGAR(DISTRICT MAGISTRATE GAUTAMBUDHNAGAR)","Mahesh Sharma","GAUTAM BUDDHA NAGAR","Sidipur main Tatarpur NTPC Road se lekar Jitender Sharma Ke Makaan ki ore CC Road & nali nirman, 80 meter","21-Aug-2024","998346","07-Sep-2024"
"771","Normal/Others","WS/MP777/2024-2025/136658-Construction of roads, link roads, pathways or any other road with or without drainage system","Uttar Pradesh","GAUTAM BUDDHA NAGAR(DISTRICT MAGISTRATE GAUTAMBUDHNAGAR)","Mahesh Sharma","GAUTAM BUDDHA NAGAR","Salarpur Kalan Dadri Mai Main Road Se lekar Moolchand Pradhan Ke Makaan ki aur interlocking Naali Nirman Karya, 100 meter","21-Aug-2024","996693","07-Sep-2024"
"772","Normal/Others","WS/MP18161/2024-2025/136668-Construction of roads, link roads, pathways or any other road with or without drainage system","Rajasthan","ALWAR(DISTRICT COLLECTOR ALWAR_IDA)","SANJNA JATAV","BHARATPUR(SC)","cc / interlocking sadak with nali nirman karya ambedkar bhavan se ramjilal jatav ke ghar ki taraf gram -Gahalawata work agency- GP Kuttin sahabdas","21-Aug-2024","998242","02-Dec-2024"
"773","Normal/Others","WS/MP18161/2024-2025/136669-Crematoriums/energy efficient crematoriums or structures on burial/cremation ground","Rajasthan","ALWAR(DISTRICT COLLECTOR ALWAR_IDA)","SANJNA JATAV","BHARATPUR(SC)","shamshan ghat ki chardiwari with gate v anya vikas karya gram -Gahalawata work agency- GP Kuttin sahabdas","21-Aug-2024","493994","03-Dec-2024"
"774","Normal/Others","WS/MP18161/2024-2025/136670-Construction of roads, link roads, pathways or any other road with or without drainage system","Rajasthan","ALWAR(DISTRICT COLLECTOR ALWAR_IDA)","SANJNA JATAV","BHARATPUR(SC)","cc / interlocking sadak nirman karya pooran jatav ke ghar se jhamman ke ghar ki taraf gram -Nagla Dhansingh work agency- GP Indra Colony","21-Aug-2024","397603","03-Dec-2024"
"775","Normal/Others","WS/MP18161/2024-2025/136671-Construction of roads, link roads, pathways or any other road with or without drainage system","Rajasthan","ALWAR(DISTRICT COLLECTOR ALWAR_IDA)","SANJNA JATAV","BHARATPUR(SC)","cc / interlocking sadak nirman karya shamshan ghat se beej godam ki taraf jatav mohalla gram -Rampura work agency- GP Bahrampur","21-Aug-2024","598129","02-Dec-2024"
"776","Normal/Others","WS/MP18161/2024-2025/136672-Construction of roads, link roads, pathways or any other road with or without drainage system","Rajasthan","ALWAR(DISTRICT COLLECTOR ALWAR_IDA)","SANJNA JATAV","BHARATPUR(SC)","cc / interlocking sadak nirman karya prakash meena ke ghar se pwd sadak ki taraf gram -Govind Pura work agency- gp Bahrampur","21-Aug-2024","394314","28-Nov-2024"
"777","Normal/Others","WS/MP18161/2024-2025/136673-Construction of roads, link roads, pathways or any other road with or without drainage system","Rajasthan","ALWAR(DISTRICT COLLECTOR ALWAR_IDA)","SANJNA JATAV","BHARATPUR(SC)","cc / interlocking sadak nirman karya moti ka nagla chauraha se bhagchand ke ghar ki taraf gram Doroli work agency- g p Doroli","21-Aug-2024","494356","28-Nov-2024"
"778","Normal/Others","WS/MP18161/2024-2025/136674-Construction of roads, link roads, pathways or any other road with or without drainage system","Rajasthan","ALWAR(DISTRICT COLLECTOR ALWAR_IDA)","SANJNA JATAV","BHARATPUR(SC)","cc / interlocking sadak nirman karya kaare khan ke ghar se sandoli road ki taraf gram patwari ka nagla Chainpura work agency- g p Doroli","21-Aug-2024","494706.1","28-Nov-2024"
"779","Normal/Others","WS/MP18161/2024-2025/136675-Construction of roads, link roads, pathways or any other road with or without drainage system","Rajasthan","ALWAR(DISTRICT COLLECTOR ALWAR_IDA)","SANJNA JATAV","BHARATPUR(SC)","graval sadak nirman karya pwd sadak se ramhet meena ki dhani ki taraf gram salwadi work agency- gp salwadi","21-Aug-2024","493041","03-Dec-2024"
"780","Normal/Others","WS/MP18161/2024-2025/136676-Construction of roads, link roads, pathways or any other road with or without drainage system","Rajasthan","ALWAR(DISTRICT COLLECTOR ALWAR_IDA)","SANJNA JATAV","BHARATPUR(SC)","cc / interlocking sadak nirman karya ramesh sharma ke khet se saiyad baba ki taraf gram - ramnagar work agency-g p Tigariya","21-Aug-2024","982521","03-Dec-2024"
"781","Normal/Others","WS/MP747/2024-2025/136681-Construction of community centers and community halls","Tamil Nadu","VIRUDHUNAGAR(DISTRICT COLLECTOR VIRUDHUNAGAR_IDA)","Manickam Tagore B","VIRUDHUNAGAR","Construction of Community Centre in ward no.20, Kannaki colony at Sivakasi Corporation","13-Sep-2024","2500000","25-Mar-2025"
"782","Normal/Others","WS/MP777/2024-2025/136687-Construction of roads, link roads, pathways or any other road with or without drainage system","Uttar Pradesh","GAUTAM BUDDHA NAGAR(DISTRICT MAGISTRATE GAUTAMBUDHNAGAR)","Mahesh Sharma","GAUTAM BUDDHA NAGAR","Village-Jhuppa men ravindra ke makaan se lekar mahipal Sharma ke makaan ki ore CC road & naali nirman, 73 meter","21-Aug-2024","998358","07-Sep-2024"
"783","Normal/Others","WS/MP777/2024-2025/136688-Construction of roads, link roads, pathways or any other road with or without drainage system","Uttar Pradesh","GAUTAM BUDDHA NAGAR(DISTRICT MAGISTRATE GAUTAMBUDHNAGAR)","Mahesh Sharma","GAUTAM BUDDHA NAGAR","Bhavokra men devicharan singh ke makaan se lekar kaluwa ke makaan ki ore interlocking & naali nirman, 41 meter","21-Aug-2024","998102.11","07-Sep-2024"
"784","Normal/Others","WS/MP777/2024-2025/136689-Construction of roads, link roads, pathways or any other road with or without drainage system","Uttar Pradesh","GAUTAM BUDDHA NAGAR(DISTRICT MAGISTRATE GAUTAMBUDHNAGAR)","Mahesh Sharma","GAUTAM BUDDHA NAGAR","Mangrouli jewar me prabhat ke ghar se lekar satyaveer ke ghar ki ore CC road & naali nirman, 100 meter","21-Aug-2024","996582","07-Sep-2024"
"785","Normal/Others","WS/MP777/2024-2025/136690-Construction of roads, link roads, pathways or any other road with or without drainage system","Uttar Pradesh","GAUTAM BUDDHA NAGAR(DISTRICT MAGISTRATE GAUTAMBUDHNAGAR)","Mahesh Sharma","GAUTAM BUDDHA NAGAR","Laudana men Gaura Balmiki ke plant se lekar giri Sharma ke makaan ki ore interlocking & naali nirman, 116 meter","21-Aug-2024","998016","07-Sep-2024"
"786","Normal/Others","WS/MP777/2024-2025/136691-Construction of roads, link roads, pathways or any other road with or without drainage system","Uttar Pradesh","GAUTAM BUDDHA NAGAR(DISTRICT MAGISTRATE GAUTAMBUDHNAGAR)","Mahesh Sharma","GAUTAM BUDDHA NAGAR","Kasna men 6 pratishat plot men C Block se lekar 19 D ki ore CC road  & naali nirman, 35 meter","21-Aug-2024","533454","07-Sep-2024"
"787","Normal/Others","WS/MP777/2024-2025/136692-Construction of roads, link roads, pathways or any other road with or without drainage system","Uttar Pradesh","GAUTAM BUDDHA NAGAR(DISTRICT MAGISTRATE GAUTAMBUDHNAGAR)","Mahesh Sharma","GAUTAM BUDDHA NAGAR","Mangrauli men satveer ke ghar se lekar rajendra ke ghar ki ore CC road & naali nirman, 90 meter","21-Aug-2024","996363","07-Sep-2024"
"788","Normal/Others","WS/MP777/2024-2025/136693-Construction of roads, link roads, pathways or any other road with or without drainage system","Uttar Pradesh","GAUTAM BUDDHA NAGAR(DISTRICT MAGISTRATE GAUTAMBUDHNAGAR)","Mahesh Sharma","GAUTAM BUDDHA NAGAR","Kanarsi Dankaur me harikishan ke makaan se lekar mahri ke makaan ki ore interlocking & naali nirman, 75 meter","21-Aug-2024","997341","07-Sep-2024"
"789","Normal/Others","WS/MP777/2024-2025/136694-Construction of roads, link roads, pathways or any other road with or without drainage system","Uttar Pradesh","GAUTAM BUDDHA NAGAR(DISTRICT MAGISTRATE GAUTAMBUDHNAGAR)","Mahesh Sharma","GAUTAM BUDDHA NAGAR","Chiti men Giriraj ke makaan se lekar rajesh sharma ke makaan ki ore interlocking & naali nirman, 83 meter","21-Aug-2024","998067","07-Sep-2024"
"790","Normal/Others","WS/MP777/2024-2025/136695-Construction of roads, link roads, pathways or any other road with or without drainage system","Uttar Pradesh","GAUTAM BUDDHA NAGAR(DISTRICT MAGISTRATE GAUTAMBUDHNAGAR)","Mahesh Sharma","GAUTAM BUDDHA NAGAR","Samaspur Dankaur mandal me Krishna Bansal ke makaan se lekar mohan baba mandir ki ore CC road & naali nirman, 103 meter","21-Aug-2024","998154","07-Sep-2024"
"791","Normal/Others","WS/MP777/2024-2025/136696-Construction of roads, link roads, pathways or any other road with or without drainage system","Uttar Pradesh","GAUTAM BUDDHA NAGAR(DISTRICT MAGISTRATE GAUTAMBUDHNAGAR)","Mahesh Sharma","GAUTAM BUDDHA NAGAR","Vilaspur men Rampur road se lekar merry Dairy ki ore interlocking & naali nirman, 91 meter","21-Aug-2024","906023","07-Sep-2024"
"792","Normal/Others","WS/MP747/2025-2026/136699-Installing community drinking water plants","Tamil Nadu","VIRUDHUNAGAR(DISTRICT COLLECTOR VIRUDHUNAGAR_IDA)","Manickam Tagore B","VIRUDHUNAGAR","Providing RO plant in special armed reserve Police  force Complex at Anaiyur Panchayat","13-Sep-2024","600000","30-Jun-2025"
"793","Normal/Others","WS/MP747/2025-2026/136700-Installing community drinking water plants","Tamil Nadu","VIRUDHUNAGAR(DISTRICT COLLECTOR VIRUDHUNAGAR_IDA)","Manickam Tagore B","VIRUDHUNAGAR","Providing RO Plant in Vadapatti village and Panchayat","13-Sep-2024","600000","30-Jun-2025"
"794","Normal/Others","WS/MP18159/2024-2025/136714-Installing tube-wells and borewells","Rajasthan","ALWAR(DISTRICT COLLECTOR ALWAR_IDA)","BHUPENDER YADAV","ALWAR","Three phase boring with electrical connection work near Sant Parmeshwar Das Maharaj Beda Ashram in village Naraulkhurd. G.P. Narnaulkhurd P.S. Lachhmangarh City Alwar","21-Aug-2024","1500000","03-Dec-2024"
"795","Normal/Others","WS/MP18112/2024-2025/136716-Construction of boundary walls of existing public and community buildings","Maharashtra","AMRAVATI(DISTRICT COLLECTOR AMRAVATI_IDA)","BALWANT BASWANT WANKHADE","AMRAVATI(SC)","CONSTRUCTION OF BOUNDRY WALL AT KOTAMI GRAAMPANCHAYAT DAHENDRI TAQ. CHIKHALDARA DIST AMRAVATI","21-Aug-2024","1000000","21-Jan-2025"
"796","Normal/Others","WS/MP013/2024-2025/136719-Construction of boundary walls of existing public and community buildings","Sikkim","Gangtok(DISTRICT COLLECTOR EAST DISTRICT_IDA)","Indra Hang Subba","SIKKIM","Construction of dry wall and boundary wall for protection of agriculture crops from wild animals within Tomki estate at Middle Luing under Luing Parbing GPU","22-Aug-2024","2000000","30-Oct-2024"
"797","Normal/Others","WS/MP347/2024-2025/136720-Construction of culverts and bridges","Kerala","KOLLAM(DISTRICT COLLECTOR KOLLAM_IDA)","Shri Suresh Kodikunnil","MAVELIKKARA(SC)","Construction of bridge across Panayilthode in Kakkottuchal Nedumkottukonam road in Kottavattom North ward-11,Vettikkavala Grama Panchayath (SC)","22-Aug-2024","5400000","29-Oct-2024"
"798","Normal/Others","WS/MP641/2024-2025/136722-Construction of Government office buildings (Post office, Police station, Police chauki, etc.)","Madhya Pradesh","Khargone (West Nimar)(DISTRICT COLLECTOR KHARGONE_IDA)","Gajendra Singh Patel","KHARGONE(ST)","Construction of building for Post office (Passport office purpose)","22-Aug-2024","500000","24-Oct-2024"
"799","Normal/Others","WS/MP341/2025-2026/136723-Providing CCTV camera system for security of public areas","Karnataka","BENGALURU URBAN(DEPUTY COMMISSIONER BANGALORE URBAN_IDA)","Shri LS Tejasvi Surya","BANGALORE SOUTH","Providing CCTV Camera Systems for security purposes at Gururaja Layout, located in Padmanabhanagar Assembly Constituency, Bengaluru South","22-Aug-2024","500000","15-Apr-2025"
"800","Normal/Others","WS/MP18353/2024-2025/136729-Construction of rooms and facilities for hospitals, FWC , PHC Centers and ANM centers","West Bengal","HOOGHLY(DISTRICT MAGISTRATE HOOGHLY_IDA)","RACHNA BANERJEE","HOOGHLY","Construction of 1st floor and 2nd floor building of Mankundu Mental hospital for improving stage of mental patient at holding No. 181, 182 khan Road in Ward no. 01 under Bhadreswar Municipality","22-Aug-2024","2500000","04-Oct-2024"
"801","Normal/Others","WS/MP672/2024-2025/136731-Lighting of public spaces","Maharashtra","NAGPUR(DISTRICT COLLECTOR NAGPUR_IDA)","Nitin Jairam Gadkari","NAGPUR","Installation of Highmast light and electric poles with light at Gosavi Ghat, Binaki, Nagpur","22-Aug-2024","999600","23-Aug-2024"
"802","Normal/Others","WS/MP792/2024-2025/136732-Lighting of public spaces","Uttar Pradesh","HARDOI(DISTRICT MAGISTRATE HARDOI_IDA)","Jai Prakash","HARDOI (SC)","39 ?? 170-200 ??? 06 ?? ???????? ???? ?? ????????? ?????","22-Aug-2024","8602500","04-Nov-2024"
"803","Normal/Others","WS/MP792/2024-2025/136735-Lighting of public spaces","Uttar Pradesh","HARDOI(DISTRICT MAGISTRATE HARDOI_IDA)","Jai Prakash","HARDOI (SC)","26 ??  170-200 ??? 06 ?? ???????? ???? ?? ????????? ?????","22-Aug-2024","5580000","04-Nov-2024"
"804","Normal/Others","WS/MP792/2024-2025/136736-Lighting of public spaces","Uttar Pradesh","HARDOI(DISTRICT MAGISTRATE HARDOI_IDA)","Jai Prakash","HARDOI (SC)","31 ?? 06 ??  170-200 ??? ???????? ???? ?? ????????? ?????","22-Aug-2024","6520794","23-Sep-2024"
"805","Normal/Others","WS/MP18253/2024-2025/136743-Construction of rooms and halls in school and colleges","West Bengal","South 24 Parganas(DISTRICT MAGISTRATE SOUTH TWENTY FOUR PARGANAS_IDA)","BAPI HALDAR","MATHURAPUR(SC)","CONSTRUCTION OF ADDITIONAL CLASS ROOM AT SHIBANI MANDAL MAHAVIDYALAYA NAMKHANA","22-Aug-2024","1016871","03-Oct-2024"
"806","Normal/Others","WS/MP18023/2025-2026/136745-Construction of buildings for community cultural activities","Assam","KAMRUP METRO(DEPUTY COMMISSIONER KAMRUP METROPOLITAN_IDA)","BIJULI KALITA MEDHI","GUWAHATI","Construction of building for community cultural actives at Jyotinagar , near Maa Manasha Mandir .","22-Aug-2024","1500000","03-Apr-2025"
"807","Normal/Others","WS/MP18023/2024-2025/136746-Construction of boundary walls of existing public and community buildings","Assam","KAMRUP METRO(DEPUTY COMMISSIONER KAMRUP METROPOLITAN_IDA)","BIJULI KALITA MEDHI","GUWAHATI","Construction of boundary wall with gate at Niramay Healthcare Centre , Govt pensioner office , Chandmari .","22-Aug-2024","700000","29-Jan-2025"
"808","Normal/Others","WS/MP18074/2024-2025/136747-Construction of roads, link roads, pathways or any other road with or without drainage system","Jharkhand","KHUNTI(DEPUTY COMMISSIONER KHUNTI_IDA)","KALI CHARAN MUNDA","KHUNTI(ST)","Construction of paver block road on the path from Narayan Kongari's house to Janeu Toli in Token village under Khatanga Panchayat.","24-Aug-2024","400000","30-Sep-2024"
"809","Normal/Others","WS/MP18074/2024-2025/136748-Construction of roads, link roads, pathways or any other road with or without drainage system","Jharkhand","KHUNTI(DEPUTY COMMISSIONER KHUNTI_IDA)","KALI CHARAN MUNDA","KHUNTI(ST)","Construction of PCC road from the house of Rajkishore Singh of Lova Upar Toli to the house of Jarka Munda of Munda Toli in Lova village under Dahu Panchayat.","24-Aug-2024","350000","30-Sep-2024"
"810","Normal/Others","WS/MP18074/2024-2025/136749-Construction of roads, link roads, pathways or any other road with or without drainage system","Jharkhand","KHUNTI(DEPUTY COMMISSIONER KHUNTI_IDA)","KALI CHARAN MUNDA","KHUNTI(ST)","Construction of paver block road from Dharamdas Kongari's house to Mahindra Munda garden in village Khijurtoli under Panchayat Udikel.","24-Aug-2024","500000","30-Sep-2024"
"811","Normal/Others","WS/MP18074/2024-2025/136750-Construction of roads, link roads, pathways or any other road with or without drainage system","Jharkhand","KHUNTI(DEPUTY COMMISSIONER KHUNTI_IDA)","KALI CHARAN MUNDA","KHUNTI(ST)","Construction of PCC road from Puru Topno's house to Anganwadi center in village Banabira under Marcha Panchayat.","24-Aug-2024","500000","30-Sep-2024"
"812","Normal/Others","WS/MP18074/2024-2025/136751-Construction of common work sheds/ common covered sitting area","Jharkhand","KHUNTI(DEPUTY COMMISSIONER KHUNTI_IDA)","KALI CHARAN MUNDA","KHUNTI(ST)","Construction of shed near Karo River bridge at Ambapakna crematorium under Amma Panchayat.","24-Aug-2024","300000","30-Sep-2024"
"813","Normal/Others","WS/MP18074/2024-2025/136752-Construction of roads, link roads, pathways or any other road with or without drainage system","Jharkhand","KHUNTI(DEPUTY COMMISSIONER KHUNTI_IDA)","KALI CHARAN MUNDA","KHUNTI(ST)","Construction of paver block path from Dhankunwar Soy's house to Singrai Bhengra's house in Gumpila village of Jariya Panchayat.","24-Aug-2024","350000","30-Sep-2024"
"814","Normal/Others","WS/MP18074/2024-2025/136753-Construction of roads, link roads, pathways or any other road with or without drainage system","Jharkhand","KHUNTI(DEPUTY COMMISSIONER KHUNTI_IDA)","KALI CHARAN MUNDA","KHUNTI(ST)","Construction of paver block path from Karamtoli Akhara to the house of Alexsis Topno in Kachchabari village under Kachchabari Panchayat.","24-Aug-2024","500000","30-Sep-2024"
"815","Normal/Others","WS/MP18074/2024-2025/136754-Construction of roads, link roads, pathways or any other road with or without drainage system","Jharkhand","KHUNTI(DEPUTY COMMISSIONER KHUNTI_IDA)","KALI CHARAN MUNDA","KHUNTI(ST)","Construction of PCC road from Akhara to Sarana in Mahuwatoli under Kachchabari Panchayat.","24-Aug-2024","400000","30-Sep-2024"
"816","Normal/Others","WS/MP18074/2024-2025/136755-Construction of roads, link roads, pathways or any other road with or without drainage system","Jharkhand","KHUNTI(DEPUTY COMMISSIONER KHUNTI_IDA)","KALI CHARAN MUNDA","KHUNTI(ST)","Construction of PCC road from Chudru Pahan's house to Jakha's house in Dehkela village under Dehkela Panchayat.","24-Aug-2024","400000","30-Sep-2024"
"817","Normal/Others","WS/MP18023/2024-2025/136756-Construction of toilet blocks","Assam","GOALPARA(Deputy Commissioner Goalpara_IDA)","BIJULI KALITA MEDHI","GUWAHATI","Constraction of toilet blocks at Mespara Madhachal Rabha Samaj. Rangsai , Baida .","22-Aug-2024","400000","06-Jan-2025"
"818","Normal/Others","WS/MP18023/2024-2025/136757-Construction of additional rooms and halls in the existing public and community building","Assam","KAMRUP METRO(DEPUTY COMMISSIONER KAMRUP METROPOLITAN_IDA)","BIJULI KALITA MEDHI","GUWAHATI","Construction of Community hall at Krishna Nagar Unnayan Samittee. Japorigog , Krishna Nagar","22-Aug-2024","1000000","29-Jan-2025"
"819","Normal/Others","WS/MP18023/2024-2025/136758-Construction of common work sheds/ common covered sitting area","Assam","GOALPARA(Deputy Commissioner Goalpara_IDA)","BIJULI KALITA MEDHI","GUWAHATI","Construction for common sitting area at dhunubhaga .","22-Aug-2024","1200000","10-Mar-2025"
"820","Normal/Others","WS/MP826/2024-2025/136791-Construction of community centers and community halls","West Bengal","KALIMPONG(District Magistrate Kalimpong_IDA)","Raju Bista","DARJEELING","Construction of Community hall at Upper Lolay, Lolay GP Contact Person: Shila Rai Contact No:6297378441","18-Sep-2024","462224","15-Jan-2025"
"821","Normal/Others","WS/MP18311/2024-2025/136803-Construction of community centers and community halls","Punjab","RUPNAGAR(DEPUTY COMMISSIONER ROOPNAGAR_IDA)","MALVINDER SINGH KANG","ANANDPUR SAHIB","Construction of community center at village Takhatgarh","23-Aug-2024","700000","17-Sep-2024"
"822","Normal/Others","WS/MP18217/2024-2025/136856-Construction of roads, link roads, pathways or any other road with or without drainage system","Uttar Pradesh","FIROZABAD(DISTRICT MAGISTRATE FIROZABAD_IDA)","AKSHAYA YADAV","FIROZABAD","developement work of interlocking road and drainage system nagla inchi from ajaypal house to rakesh house 275 meter by 4 meter and drainage 550 meter","23-Aug-2024","3947127","17-Oct-2024"
"823","Normal/Others","WS/MP18217/2024-2025/136857-Construction of roads, link roads, pathways or any other road with or without drainage system","Uttar Pradesh","FIROZABAD(DISTRICT MAGISTRATE FIROZABAD_IDA)","AKSHAYA YADAV","FIROZABAD","developement of interlocking and drainage system from kishanpal house to jagdish yadav plot length 400 meter by 4 meter","23-Aug-2024","3148552","17-Oct-2024"
"824","Normal/Others","WS/MP18217/2024-2025/136858-Construction of roads, link roads, pathways or any other road with or without drainage system","Uttar Pradesh","FIROZABAD(DISTRICT MAGISTRATE FIROZABAD_IDA)","AKSHAYA YADAV","FIROZABAD","development of interlocking road from veeresh house  to rambabu house length 90 meter by 3.5 meter","23-Aug-2024","698994","17-Oct-2024"
"825","Normal/Others","WS/MP18217/2024-2025/136859-Construction of roads, link roads, pathways or any other road with or without drainage system","Uttar Pradesh","FIROZABAD(DISTRICT MAGISTRATE FIROZABAD_IDA)","AKSHAYA YADAV","FIROZABAD","developement of interlocking road and drainage system from rajesh kumar valmaki house to thakurji temple length 220 meter by 4 meter","23-Aug-2024","2497235","17-Oct-2024"
"826","Normal/Others","WS/MP18217/2024-2025/136860-Construction of roads, link roads, pathways or any other road with or without drainage system","Uttar Pradesh","FIROZABAD(DISTRICT MAGISTRATE FIROZABAD_IDA)","AKSHAYA YADAV","FIROZABAD","developement of interlocking road from jagdish (khet) to ramveer yadav ki thar length 330 meter","23-Aug-2024","2598311","17-Oct-2024"
"827","Normal/Others","WS/MP18217/2024-2025/136861-Construction of roads, link roads, pathways or any other road with or without drainage system","Uttar Pradesh","FIROZABAD(DISTRICT MAGISTRATE FIROZABAD_IDA)","AKSHAYA YADAV","FIROZABAD","interlocking road developement from ramniwas house to chanderpal house lenght 250 meter by 4.5 meter","23-Aug-2024","2398489","17-Oct-2024"
"828","Normal/Others","WS/MP18217/2024-2025/136862-Construction of roads, link roads, pathways or any other road with or without drainage system","Uttar Pradesh","FIROZABAD(DISTRICT MAGISTRATE FIROZABAD_IDA)","AKSHAYA YADAV","FIROZABAD","cc road work to be done in ward 64 mohalla husani from masjid husani to jishan bhai pani wale house tak length 50 meter by 4 meter   *(in ward list  it is not showing  ward number above ward 37 )","23-Aug-2024","548869","17-Oct-2024"
"829","Normal/Others","WS/MP18217/2024-2025/136863-Construction of roads, link roads, pathways or any other road with or without drainage system","Uttar Pradesh","FIROZABAD(DISTRICT MAGISTRATE FIROZABAD_IDA)","AKSHAYA YADAV","FIROZABAD","cc road developement work to be done in ward no 60 macca colony from babu bhai house to afsar bhai house length 120 meter by 3 meter *(ward number 60 not showing in list )","23-Aug-2024","1198790","17-Oct-2024"
"830","Normal/Others","WS/MP18217/2024-2025/136864-Construction of roads, link roads, pathways or any other road with or without drainage system","Uttar Pradesh","FIROZABAD(DISTRICT MAGISTRATE FIROZABAD_IDA)","AKSHAYA YADAV","FIROZABAD","cc road developement to be done in ward number 56 urdu nagar from alim baba house to zulfkar house length 100 meter by 3 meter *(ward number 56 not showing in list )","23-Aug-2024","998617","17-Oct-2024"
"831","Normal/Others","WS/MP18217/2024-2025/136865-Construction of roads, link roads, pathways or any other road with or without drainage system","Uttar Pradesh","FIROZABAD(DISTRICT MAGISTRATE FIROZABAD_IDA)","AKSHAYA YADAV","FIROZABAD","cc road developement work in ward number 58 habibganj from ziaul haji house to kadir haji house length 90 meter by 3 meter * ( ward number 58 not showing in list )","23-Aug-2024","898946","17-Oct-2024"
"832","Normal/Others","WS/MP18217/2024-2025/136866-Construction of roads, link roads, pathways or any other road with or without drainage system","Uttar Pradesh","FIROZABAD(DISTRICT MAGISTRATE FIROZABAD_IDA)","AKSHAYA YADAV","FIROZABAD","developement of interlocking road from  ramniwas house to dayaveer house  length 240 meter by 3 meter","23-Aug-2024","1898082","17-Oct-2024"
"833","Normal/Others","WS/MP18253/2024-2025/136910-Construction of common work sheds/ common covered sitting area","West Bengal","South 24 Parganas(DISTRICT MAGISTRATE SOUTH TWENTY FOUR PARGANAS_IDA)","BAPI HALDAR","MATHURAPUR(SC)","CONSTRUCTION OF REST SHED NEAR NARAYANI MONDIR","24-Aug-2024","499490","10-Dec-2024"
"834","Normal/Others","WS/MP18253/2024-2025/136911-Construction of community centers and community halls","West Bengal","South 24 Parganas(DISTRICT MAGISTRATE SOUTH TWENTY FOUR PARGANAS_IDA)","BAPI HALDAR","MATHURAPUR(SC)","CONSTRUCTION OF MEETING HALL AT RAIDIGHI HOSPITAL","24-Aug-2024","1116804","10-Dec-2024"
"835","Normal/Others","WS/MP18253/2024-2025/136912-Street lights","West Bengal","South 24 Parganas(DISTRICT MAGISTRATE SOUTH TWENTY FOUR PARGANAS_IDA)","BAPI HALDAR","MATHURAPUR(SC)","INSTALATION OF SOLAR HIGHMUST LIGHT AT CHAKRATIRTHA MAHASAMSAN","24-Aug-2024","166450","10-Dec-2024"
"836","Normal/Others","WS/MP18253/2024-2025/136913-Street lights","West Bengal","South 24 Parganas(DISTRICT MAGISTRATE SOUTH TWENTY FOUR PARGANAS_IDA)","BAPI HALDAR","MATHURAPUR(SC)","INSTALATION OF SOLAR HIGHMUST LIGHT AT RAIDIGHI COLLAGE GROUND","24-Aug-2024","166450","10-Dec-2024"
"837","Normal/Others","WS/MP18253/2024-2025/136914-Street lights","West Bengal","South 24 Parganas(DISTRICT MAGISTRATE SOUTH TWENTY FOUR PARGANAS_IDA)","BAPI HALDAR","MATHURAPUR(SC)","INSTALATION OF SOLAR HIGHMUST LIGHT AT BOLER BAZER","24-Aug-2024","166416","10-Dec-2024"
"838","Normal/Others","WS/MP18253/2024-2025/136915-Street lights","West Bengal","South 24 Parganas(DISTRICT MAGISTRATE SOUTH TWENTY FOUR PARGANAS_IDA)","BAPI HALDAR","MATHURAPUR(SC)","INSTALATION OF SOLAR HIGHMUST LIGHT AT NALGORA BRIDGE","24-Aug-2024","166500","10-Dec-2024"
"839","Normal/Others","WS/MP18253/2024-2025/136916-Street lights","West Bengal","South 24 Parganas(DISTRICT MAGISTRATE SOUTH TWENTY FOUR PARGANAS_IDA)","BAPI HALDAR","MATHURAPUR(SC)","INSTALATION OF SOLAR HIGHMUST LIGHT NEAR SINHERCHAK CLUB","24-Aug-2024","133300","10-Dec-2024"
"840","Normal/Others","WS/MP18253/2024-2025/136917-Construction of roads, link roads, pathways or any other road with or without drainage system","West Bengal","South 24 Parganas(DISTRICT MAGISTRATE SOUTH TWENTY FOUR PARGANAS_IDA)","BAPI HALDAR","MATHURAPUR(SC)","CONSTRUCTION OF CONCRETE ROAD FROM CHAKRATIRTHA MAHA SAMSAN BATHING GHAR TO REST SHED","24-Aug-2024","418000","10-Dec-2024"
"841","Normal/Others","WS/MP18074/2024-2025/136922-Construction of roads, link roads, pathways or any other road with or without drainage system","Jharkhand","KHUNTI(DEPUTY COMMISSIONER KHUNTI_IDA)","KALI CHARAN MUNDA","KHUNTI(ST)","Construction of paver block path from Shri Israel Dhangha's house to Prem Lata Tiru's house and from Amit Kumar's house to PCC path in West Martin Bungalow.","24-Aug-2024","400000","30-Sep-2024"
"842","Normal/Others","WS/MP18074/2024-2025/136923-Construction of roads, link roads, pathways or any other road with or without drainage system","Jharkhand","KHUNTI(DEPUTY COMMISSIONER KHUNTI_IDA)","KALI CHARAN MUNDA","KHUNTI(ST)","Construction of paver block path from Panchayat Bhawan to Dashay Lohara's house in Munda Kunjla under Murhu Block.","24-Aug-2024","600000","30-Sep-2024"
"843","Normal/Others","WS/MP18074/2024-2025/136924-Construction of roads, link roads, pathways or any other road with or without drainage system","Jharkhand","KHUNTI(DEPUTY COMMISSIONER KHUNTI_IDA)","KALI CHARAN MUNDA","KHUNTI(ST)","Construction of PCC and paver block path from Khunti Mahil Path to Lodro Gadha in village Ithe of Murhu Block.","24-Aug-2024","1200000","30-Sep-2024"
"844","Normal/Others","WS/MP18074/2024-2025/136925-Construction of roads, link roads, pathways or any other road with or without drainage system","Jharkhand","KHUNTI(DEPUTY COMMISSIONER KHUNTI_IDA)","KALI CHARAN MUNDA","KHUNTI(ST)","Construction of PCC path from Dubdiri to Budhu Pahan's house in Banda Toli of Sirka village under Hethgoa Panchayat of Murhu Block.","24-Aug-2024","400000","30-Sep-2024"
"845","Normal/Others","WS/MP18074/2024-2025/136926-Construction of roads, link roads, pathways or any other road with or without drainage system","Jharkhand","KHUNTI(DEPUTY COMMISSIONER KHUNTI_IDA)","KALI CHARAN MUNDA","KHUNTI(ST)","Construction of paver block path from Bukan Pahan's house to Noel Sanga's house in Bagan Toli in village Ithe of Murhu Block.","24-Aug-2024","1000000","30-Sep-2024"
"846","Normal/Others","WS/MP18074/2024-2025/136927-Construction of roads, link roads, pathways or any other road with or without drainage system","Jharkhand","KHUNTI(DEPUTY COMMISSIONER KHUNTI_IDA)","KALI CHARAN MUNDA","KHUNTI(ST)","Construction of paver block path from Jeetbahan Mahato's house to Mahendra Mahato's house in village Ithe of Murhu block.","24-Aug-2024","300000","30-Sep-2024"
"847","Normal/Others","WS/MP18074/2024-2025/136928-Construction of roads, link roads, pathways or any other road with or without drainage system","Jharkhand","KHUNTI(DEPUTY COMMISSIONER KHUNTI_IDA)","KALI CHARAN MUNDA","KHUNTI(ST)","Construction of paver block path from Akhara to Dashrath Swansi's house in village Jiuri under Kuda Panchayat of Murhu block.","24-Aug-2024","500000","30-Sep-2024"
"848","Normal/Others","WS/MP18074/2024-2025/136929-Construction of roads, link roads, pathways or any other road with or without drainage system","Jharkhand","KHUNTI(DEPUTY COMMISSIONER KHUNTI_IDA)","KALI CHARAN MUNDA","KHUNTI(ST)","Construction of paver block path from Krishna Mahato's house to Sudhir Pahan's house under Ganaloya Panchayat of Murhu block.","24-Aug-2024","400000","30-Sep-2024"
"849","Normal/Others","WS/MP18074/2024-2025/136930-Construction of roads, link roads, pathways or any other road with or without drainage system","Jharkhand","KHUNTI(DEPUTY COMMISSIONER KHUNTI_IDA)","KALI CHARAN MUNDA","KHUNTI(ST)","Construction of paver block path from Anand Masih Soy's house to Jayamasih's house in village Konwa Hesabeda of Binda Panchayat of Murhu block.","24-Aug-2024","300000","30-Sep-2024"
"850","Normal/Others","WS/MP18074/2024-2025/136931-Construction of roads, link roads, pathways or any other road with or without drainage system","Jharkhand","KHUNTI(DEPUTY COMMISSIONER KHUNTI_IDA)","KALI CHARAN MUNDA","KHUNTI(ST)","Construction of PCC path from Maranghada path of Digri Panchayat of Murhu block to Kudahatu village.","24-Aug-2024","400000","30-Sep-2024"
"851","Normal/Others","WS/MP18074/2024-2025/136932-Construction of rooms and halls in school and colleges","Jharkhand","KHUNTI(DEPUTY COMMISSIONER KHUNTI_IDA)","KALI CHARAN MUNDA","KHUNTI(ST)","Construction of two rooms in Lutheran Middle School at Umbulbaha of Birbanki Panchayat under Arki block.","24-Aug-2024","1200000","14-Oct-2024"
"852","Normal/Others","WS/MP423/2026-2027/136934-Installing community drinking water plants","Bihar","MADHUBANI(DISTRICT PLANNING OFFICER MADHUBANI_IDA)","Ramprit Mandal","JHANJHARPUR","Pandaul Prakhand ke Dahibhat Madhopur west Panchayat ke Salempur Gaw ke ward no 8 me Rajkishor Mishra ke Ghar ke bagal me Sarak Kinare Submersible Pump ka Adhisthapan Karya","24-Aug-2024","200000","22-Apr-2026"
"853","Normal/Others","WS/MP423/2024-2025/136935-Installing community drinking water plants","Bihar","MADHUBANI(DISTRICT PLANNING OFFICER MADHUBANI_IDA)","Ramprit Mandal","JHANJHARPUR","babubarhi block ke ward no 7 sthith lakeshmeshwar jha ghar ke najdik samarsebal pump ka adisthapan karya.","24-Aug-2024","173477","27-Feb-2025"
"854","Normal/Others","WS/MP423/2024-2025/136936-Construction of roads, link roads, pathways or any other road with or without drainage system","Bihar","MADHUBANI(DISTRICT PLANNING OFFICER MADHUBANI_IDA)","Ramprit Mandal","JHANJHARPUR","madhepur prakhand ke ward 14 panchayat madhepur purvi sthith vishnu mahto ghar se sanath jha pokhra ghat tk pcc sadak ka nirman karya.","24-Aug-2024","1192920","30-Oct-2024"
"855","Normal/Others","WS/MP423/2024-2025/136937-Street lights","Bihar","MADHUBANI(DISTRICT PLANNING OFFICER MADHUBANI_IDA)","Ramprit Mandal","JHANJHARPUR","Babubarhi block ke antargat babubarhi bazar gram sthith durga mata mandir ke najdik high mask electric light ka kray evam adhisthapan karya. (Attached Takniki Vishistiyan ke Anurup).","24-Aug-2024","994000","12-Mar-2025"
"856","Normal/Others","WS/MP18199/2024-2025/136938-Construction of roads, link roads, pathways or any other road with or without drainage system","Uttar Pradesh","AMBEDKAR NAGAR(DISTRICT MAGISTRATE AMBEDKAR NAGAR_IDA)","LALJI VERMA","AMBEDKAR NAGAR","BADAGAON IBRAHIMPUR DAKSHIN KA PURA ME SHRI TULSIRAM KE TUBEL SE SHRI VARUN VERMA KE GHAR TAK KHADANJA KARY DURI 200M","25-Aug-2024","436430","28-Sep-2024"
"857","Normal/Others","WS/MP18032/2024-2025/136940-Installing tube-wells and borewells","Bihar","KAIMUR (BHABUA)(DISTRICT PLANNING OFFICER KAIMUR BHABUA_IDA)","SUDHAKAR SINGH","BUXAR","NA","25-Aug-2024","279921","15-Jan-2025"
"858","Normal/Others","WS/MP18032/2024-2025/136942-Construction of community centers and community halls","Bihar","KAIMUR (BHABUA)(DISTRICT PLANNING OFFICER KAIMUR BHABUA_IDA)","SUDHAKAR SINGH","BUXAR","Kushwaha Tola, Garra","25-Aug-2024","736864","29-Nov-2024"
"859","Normal/Others","WS/MP18032/2024-2025/136943-Purchase of prosthetics, wheel chairs, tricycles (manual or motorized), elect scooties, hearing aids","Bihar","BUXAR(DISTRICT PLANNING OFFICER BUXAR_IDA)","SUDHAKAR SINGH","BUXAR","Purchase 4 Tricycle","25-Aug-2024","180000","18-Jan-2025"
"860","Normal/Others","WS/MP18032/2024-2025/136944-Construction of community centers and community halls","Bihar","KAIMUR (BHABUA)(DISTRICT PLANNING OFFICER KAIMUR BHABUA_IDA)","SUDHAKAR SINGH","BUXAR","construction of community hall at gorar(Durgawati)","25-Aug-2024","796448","18-Oct-2024"
"861","Repair and Renovation","WS/MP18032/2024-2025/136945-Construction of community centers and community halls","Bihar","KAIMUR (BHABUA)(DISTRICT PLANNING OFFICER KAIMUR BHABUA_IDA)","SUDHAKAR SINGH","BUXAR","Repair Of Community Hall at Pariari","25-Aug-2024","272034","29-Nov-2024"
"862","Normal/Others","WS/MP18032/2024-2025/136946-Installing tube-wells and borewells","Bihar","KAIMUR (BHABUA)(DISTRICT PLANNING OFFICER KAIMUR BHABUA_IDA)","SUDHAKAR SINGH","BUXAR","Install Tube-well beside Shankar Ji temple at Imlia","25-Aug-2024","230847","09-Dec-2024"
"863","Normal/Others","WS/MP18032/2024-2025/136948-Construction of boundary walls of existing public and community buildings","Bihar","KAIMUR (BHABUA)(DISTRICT PLANNING OFFICER KAIMUR BHABUA_IDA)","SUDHAKAR SINGH","BUXAR","Construction of boundary of Urdu Primary School, Ramgarh","25-Aug-2024","494868","18-Oct-2024"
"864","Normal/Others","WS/MP18032/2025-2026/136949-Development of public parks","Bihar","KAIMUR (BHABUA)(DISTRICT PLANNING OFFICER KAIMUR BHABUA_IDA)","SUDHAKAR SINGH","BUXAR","Construction public park at Jevari","25-Aug-2024","1099140","04-Jun-2025"
"865","Normal/Others","WS/MP18032/2024-2025/136950-Construction of community centers and community halls","Bihar","KAIMUR (BHABUA)(DISTRICT PLANNING OFFICER KAIMUR BHABUA_IDA)","SUDHAKAR SINGH","BUXAR","construction of community hall at bheria, durgawati","25-Aug-2024","799300","07-Jan-2025"
"866","Normal/Others","WS/MP18032/2024-2025/136951-Construction of boundary walls of existing public and community buildings","Bihar","KAIMUR (BHABUA)(DISTRICT PLANNING OFFICER KAIMUR BHABUA_IDA)","SUDHAKAR SINGH","BUXAR","Construction of boundary wall of public place at Baraura(Ramgarh)","25-Aug-2024","1457620","29-Nov-2024"
"867","Normal/Others","WS/MP18199/2024-2025/136952-Construction of roads, link roads, pathways or any other road with or without drainage system","Uttar Pradesh","AMBEDKAR NAGAR(DISTRICT MAGISTRATE AMBEDKAR NAGAR_IDA)","LALJI VERMA","AMBEDKAR NAGAR","GRAM PACHAYAT CHKOORA ME SHRI RAJITRAM VERMA KE GHAR SE SHRI DEVENDRA VERMA KE GHAR SE HOTE HUE DALIT BASTI TAK INTERLOCKING KARYA DURI 150M","25-Aug-2024","830554","28-Sep-2024"
"868","Normal/Others","WS/MP18199/2024-2025/136953-Construction of roads, link roads, pathways or any other road with or without drainage system","Uttar Pradesh","AMBEDKAR NAGAR(DISTRICT MAGISTRATE AMBEDKAR NAGAR_IDA)","LALJI VERMA","AMBEDKAR NAGAR","GRAM PANCHAYAT JAGDISHPUR KAPILESHWAR PICHMARG SE BELAS YADAV KE GHAR TAK KHADANJA KARYA DURI 150M","25-Aug-2024","260265","28-Sep-2024"
"869","Normal/Others","WS/MP18199/2024-2025/136954-Construction of roads, link roads, pathways or any other road with or without drainage system","Uttar Pradesh","AMBEDKAR NAGAR(DISTRICT MAGISTRATE AMBEDKAR NAGAR_IDA)","LALJI VERMA","AMBEDKAR NAGAR","GRAM PACHYAT BAROONA PACHAYAT BHAWAN SE TAUFIK AHMAD KE GHAR TAK CC KARYA DURI 130M","25-Aug-2024","1021278","28-Sep-2024"
"870","Normal/Others","WS/MP18199/2024-2025/136955-Construction of roads, link roads, pathways or any other road with or without drainage system","Uttar Pradesh","AMBEDKAR NAGAR(DISTRICT MAGISTRATE AMBEDKAR NAGAR_IDA)","LALJI VERMA","AMBEDKAR NAGAR","GRAM PACHYAT PETHIA PARKAULI PICH ROAD  NAVANAGAR ME SURYAJEET MAURYA KE GHAR PICHROAD SE BANARASI RAJBHAR KE GHAR TAK INTERLOCKING KARYA DURI 217M","25-Aug-2024","925886","28-Sep-2024"
"871","Normal/Others","WS/MP18199/2024-2025/136956-Construction of roads, link roads, pathways or any other road with or without drainage system","Uttar Pradesh","AMBEDKAR NAGAR(DISTRICT MAGISTRATE AMBEDKAR NAGAR_IDA)","LALJI VERMA","AMBEDKAR NAGAR","JALALPUR-BASKHARI ROAD VIMALA MARRIGE HAL KE SAMNE SE DOCTOR RAJARAM KE GHAR TAK INTERLOCKING KARYA DURI 200M","25-Aug-2024","936790","28-Sep-2024"
"872","Normal/Others","WS/MP18199/2024-2025/136957-Construction of roads, link roads, pathways or any other road with or without drainage system","Uttar Pradesh","AMBEDKAR NAGAR(DISTRICT MAGISTRATE AMBEDKAR NAGAR_IDA)","LALJI VERMA","AMBEDKAR NAGAR","GARAM PANCHAYAT KALEPUR MAHUWAL SHRI JEETA BAHADUR KE KHET SE SHRI SARVJEET VERMA KE KHET TAK INTERLOCKING KARYA DURI 200M","25-Aug-2024","991592","28-Sep-2024"
"873","Normal/Others","WS/MP18199/2024-2025/136958-Construction of roads, link roads, pathways or any other road with or without drainage system","Uttar Pradesh","AMBEDKAR NAGAR(DISTRICT MAGISTRATE AMBEDKAR NAGAR_IDA)","LALJI VERMA","AMBEDKAR NAGAR","GRAM PANCHAYAT SARKHUPUR SHRI RAMBUJH KE GHAR SE DOCTOR RAHUL KE GHAR TAK INTERLOCKING KARYA DURI 200M","25-Aug-2024","862692","28-Sep-2024"
"874","Normal/Others","WS/MP18199/2024-2025/136959-Construction of roads, link roads, pathways or any other road with or without drainage system","Uttar Pradesh","AMBEDKAR NAGAR(DISTRICT MAGISTRATE AMBEDKAR NAGAR_IDA)","LALJI VERMA","AMBEDKAR NAGAR","GRAM PANCHAYAT KHALISPUR BHATAULI ME BAIRAGAL PICHROAD SE FIRTU YADAV KE GHAR SE AKHILESH YADAV KE GHAR TAK INTERLOCKING KARYA DURI 200M","25-Aug-2024","846299","28-Sep-2024"
"875","Normal/Others","WS/MP18199/2024-2025/136960-Construction of roads, link roads, pathways or any other road with or without drainage system","Uttar Pradesh","AMBEDKAR NAGAR(DISTRICT MAGISTRATE AMBEDKAR NAGAR_IDA)","LALJI VERMA","AMBEDKAR NAGAR","GRAM PANCHAYAT MACHLI GAON KAISAR BHAI KE KHET SE DALIT BASTI TAK KHADANJATAK CC KARYA DURI 242M","25-Aug-2024","1297556","28-Sep-2024"
"876","Normal/Others","WS/MP18112/2024-2025/136967-Construction of community centers and community halls","Maharashtra","AMRAVATI(DISTRICT COLLECTOR AMRAVATI_IDA)","BALWANT BASWANT WANKHADE","AMRAVATI(SC)","Construction of community hall at landi ta. Daryapur DIst Amravati","25-Aug-2024","1200000","14-Oct-2024"
"877","Normal/Others","WS/MP18112/2024-2025/136975-Crematoriums/energy efficient crematoriums or structures on burial/cremation ground","Maharashtra","AMRAVATI(DISTRICT COLLECTOR AMRAVATI_IDA)","BALWANT BASWANT WANKHADE","AMRAVATI(SC)","Construction Of Cremation Shed At Dighi Ta. Daryapur Dist Amravati","25-Aug-2024","600000","14-Oct-2024"
"878","Normal/Others","WS/MP18112/2024-2025/136982-Crematoriums/energy efficient crematoriums or structures on burial/cremation ground","Maharashtra","AMRAVATI(DISTRICT COLLECTOR AMRAVATI_IDA)","BALWANT BASWANT WANKHADE","AMRAVATI(SC)","Construction of cremation shed at Wadura Ta. Daryapur Dist Amravati","25-Aug-2024","600000","14-Oct-2024"
"879","Normal/Others","WS/MP18112/2024-2025/136983-Crematoriums/energy efficient crematoriums or structures on burial/cremation ground","Maharashtra","AMRAVATI(DISTRICT COLLECTOR AMRAVATI_IDA)","BALWANT BASWANT WANKHADE","AMRAVATI(SC)","Construction of cremation shed at Lotwada Ta. Daryapur Dist Amravati","25-Aug-2024","600000","13-Dec-2024"
"880","Normal/Others","WS/MP18112/2024-2025/136984-Construction of community centers and community halls","Maharashtra","AMRAVATI(DISTRICT COLLECTOR AMRAVATI_IDA)","BALWANT BASWANT WANKHADE","AMRAVATI(SC)","Construction Of Community Hall At Chincholi Rahimapur (Kh)Ta. Anjangaon Surji Dist Amravati","25-Aug-2024","1500000","14-Oct-2024"
"881","Normal/Others","WS/MP643/2024-2025/136985-Purchase of mobile water tankers","Madhya Pradesh","Khargone (West Nimar)(DISTRICT COLLECTOR KHARGONE_IDA)","Gyaneshwar Patil","KHANDWA","g.r.water tanker with 5000 litre capacity and fire fighter system","25-Aug-2024","190546","30-Dec-2024"
"882","Normal/Others","WS/MP643/2024-2025/136986-Purchase of mobile water tankers","Madhya Pradesh","Khargone (West Nimar)(DISTRICT COLLECTOR KHARGONE_IDA)","Gyaneshwar Patil","KHANDWA","g.r.water tanker with 5000 litre capacity and fire fighter system","25-Aug-2024","190546","30-Dec-2024"
"883","Normal/Others","WS/MP643/2024-2025/136987-Purchase of mobile water tankers","Madhya Pradesh","Khargone (West Nimar)(DISTRICT COLLECTOR KHARGONE_IDA)","Gyaneshwar Patil","KHANDWA","g.r.water tanker with 5000 litre capacity and fire fighter system","25-Aug-2024","190546","30-Dec-2024"
"884","Normal/Others","WS/MP643/2024-2025/136988-Purchase of mobile water tankers","Madhya Pradesh","Khargone (West Nimar)(DISTRICT COLLECTOR KHARGONE_IDA)","Gyaneshwar Patil","KHANDWA","g.r.water tanker with 5000 litre capacity and fire fighter system","25-Aug-2024","190546","11-Sep-2024"
"885","Normal/Others","WS/MP18112/2024-2025/136991-Construction of roads, link roads, pathways or any other road with or without drainage system","Maharashtra","AMRAVATI(DISTRICT COLLECTOR AMRAVATI_IDA)","BALWANT BASWANT WANKHADE","AMRAVATI(SC)","Construction of Road At Muslim kabrasthan ,Ward No 8 Babhali , Daryapur Dist. Amravati","25-Aug-2024","1200000","11-Mar-2025"
"886","Normal/Others","WS/MP18112/2024-2025/136992-Construction of boundary walls of existing public and community buildings","Maharashtra","AMRAVATI(DISTRICT COLLECTOR AMRAVATI_IDA)","BALWANT BASWANT WANKHADE","AMRAVATI(SC)","Construction Of Boundry Wall Near Ekvira English School , Chandur Ta. Daryapur Dist Amravati","25-Aug-2024","2000000","13-Dec-2024"
"887","Normal/Others","WS/MP18112/2024-2025/136993-Providing drains and gutters for public drainage","Maharashtra","AMRAVATI(DISTRICT COLLECTOR AMRAVATI_IDA)","BALWANT BASWANT WANKHADE","AMRAVATI(SC)","Construction Of Drain From Vishwanath Khope's house near Najma Patel Urdu School , ward no 8 daryapur dist amravati","25-Aug-2024","1000000","13-Dec-2024"
"888","Normal/Others","WS/MP18112/2024-2025/136994-Construction of roads, link roads, pathways or any other road with or without drainage system","Maharashtra","AMRAVATI(DISTRICT COLLECTOR AMRAVATI_IDA)","BALWANT BASWANT WANKHADE","AMRAVATI(SC)","Construction of road and drain leading from Ambadas Kshirsagar's house to Shamraoji Pawar's house at khartalegaon ta. Bhatkuli dist amravati","25-Aug-2024","800000","14-Oct-2024"
"889","Normal/Others","WS/MP18045/2024-2025/136995-Construction of roads, link roads, pathways or any other road with or without drainage system","Bihar","SIWAN(DISTRICT PLANNING OFFICER SIWAN_IDA)","VIJAYLAKSHMI DEVI","SIWAN","PCC construction of the road.","25-Aug-2024","989155","04-Oct-2024"
"890","Normal/Others","WS/MP18045/2024-2025/136997-Construction of roads, link roads, pathways or any other road with or without drainage system","Bihar","SIWAN(DISTRICT PLANNING OFFICER SIWAN_IDA)","VIJAYLAKSHMI DEVI","SIWAN","Construction of PCC Road.","25-Aug-2024","990783","04-Nov-2024"
"891","Normal/Others","WS/MP18045/2024-2025/136998-Construction of roads, link roads, pathways or any other road with or without drainage system","Bihar","SIWAN(DISTRICT PLANNING OFFICER SIWAN_IDA)","VIJAYLAKSHMI DEVI","SIWAN","Construction of PCC road.","25-Aug-2024","1303542","04-Nov-2024"
"892","Normal/Others","WS/MP18045/2024-2025/136999-Construction of roads, link roads, pathways or any other road with or without drainage system","Bihar","SIWAN(DISTRICT PLANNING OFFICER SIWAN_IDA)","VIJAYLAKSHMI DEVI","SIWAN","Construction of PCC Road","25-Aug-2024","1488744","04-Nov-2024"
"893","Normal/Others","WS/MP18045/2024-2025/137000-Construction of roads, link roads, pathways or any other road with or without drainage system","Bihar","SIWAN(DISTRICT PLANNING OFFICER SIWAN_IDA)","VIJAYLAKSHMI DEVI","SIWAN","PCC Construction of the Road.","25-Aug-2024","998018","16-Oct-2024"
"894","Normal/Others","WS/MP18032/2024-2025/137001-Construction of community centers and community halls","Bihar","KAIMUR (BHABUA)(DISTRICT PLANNING OFFICER KAIMUR BHABUA_IDA)","SUDHAKAR SINGH","BUXAR","Construction of community hall at Narhan","25-Aug-2024","711037","09-Oct-2024"
"895","Normal/Others","WS/MP18032/2024-2025/137003-Construction of community centers and community halls","Bihar","ROHTAS(District Planning Officer Rohtas_IDA)","SUDHAKAR SINGH","BUXAR","Construction of community hall including toilet in campus of bhaluni","25-Aug-2024","1488054","10-Feb-2025"
"896","Normal/Others","WS/MP18032/2025-2026/137005-Construction of boundary walls of existing public and community buildings","Bihar","BUXAR(DISTRICT PLANNING OFFICER BUXAR_IDA)","SUDHAKAR SINGH","BUXAR","Boundary of urdu primary school public place at Sarimpur","25-Aug-2024","1397011","04-Sep-2025"
"897","Normal/Others","WS/MP18032/2024-2025/137006-Construction of community centers and community halls","Bihar","BUXAR(DISTRICT PLANNING OFFICER BUXAR_IDA)","SUDHAKAR SINGH","BUXAR","Construction of community building in campus of Disabled Rehabilitation Center","25-Aug-2024","1488976","12-Mar-2025"
"898","Normal/Others","WS/MP18032/2024-2025/137007-Development of public parks","Bihar","KAIMUR (BHABUA)(DISTRICT PLANNING OFFICER KAIMUR BHABUA_IDA)","SUDHAKAR SINGH","BUXAR","Construction of park by filling soil and drainage system in Mahuar Stadium.","25-Aug-2024","1484134","26-Mar-2025"
"899","Normal/Others","WS/MP18032/2024-2025/137009-Installing tube-wells and borewells","Bihar","KAIMUR (BHABUA)(DISTRICT PLANNING OFFICER KAIMUR BHABUA_IDA)","SUDHAKAR SINGH","BUXAR","NA","25-Aug-2024","231640","09-Dec-2024"
"900","Normal/Others","WS/MP18032/2024-2025/137010-Installing tube-wells and borewells","Bihar","BUXAR(DISTRICT PLANNING OFFICER BUXAR_IDA)","SUDHAKAR SINGH","BUXAR","NA","25-Aug-2024","183187","20-Dec-2024"
"901","Normal/Others","WS/MP18032/2024-2025/137013-Construction of boundary walls of existing public and community buildings","Bihar","KAIMUR (BHABUA)(DISTRICT PLANNING OFFICER KAIMUR BHABUA_IDA)","SUDHAKAR SINGH","BUXAR","Boundary wall of High School, Baijnath","25-Aug-2024","495706","17-Oct-2024"
"902","Repair and Renovation","WS/MP18032/2024-2025/137014-Construction of community centers and community halls","Bihar","KAIMUR (BHABUA)(DISTRICT PLANNING OFFICER KAIMUR BHABUA_IDA)","SUDHAKAR SINGH","BUXAR","Repair Of Community hall of Harijan Basti at Chaprang","25-Aug-2024","368347","09-Dec-2024"
"903","Normal/Others","WS/MP18032/2024-2025/137015-Construction of public libraries and reading rooms","Bihar","KAIMUR (BHABUA)(DISTRICT PLANNING OFFICER KAIMUR BHABUA_IDA)","SUDHAKAR SINGH","BUXAR","NA","25-Aug-2024","791481","07-Jan-2025"
"904","Normal/Others","WS/MP494/2024-2025/137029-Construction of roads, link roads, pathways or any other road with or without drainage system","Uttar Pradesh","AGRA(DISTRICT MAGISTRAE AGRA_IDA)","Prof SP Singh Baghel","AGRA(SC)","Construction of CC road from Pappu Singh House to Manoj House In Nagla Taj Etmadpur","27-Aug-2024","513114","28-Sep-2024"
"905","Normal/Others","WS/MP494/2024-2025/137030-Construction of roads, link roads, pathways or any other road with or without drainage system","Uttar Pradesh","AGRA(DISTRICT MAGISTRAE AGRA_IDA)","Prof SP Singh Baghel","AGRA(SC)","CC Road From Dr Goyal House to Bhupendra House in Nagla Mohan Lal Ayush Bihar Narayach","27-Aug-2024","629490","28-Sep-2024"
"906","Normal/Others","WS/MP494/2024-2025/137031-Construction of roads, link roads, pathways or any other road with or without drainage system","Uttar Pradesh","AGRA(DISTRICT MAGISTRAE AGRA_IDA)","Prof SP Singh Baghel","AGRA(SC)","CC Road From Bhuri Singh Jain House to Ram Nivas House in Nagla Taj Etmadpur","27-Aug-2024","551677","28-Sep-2024"
"907","Normal/Others","WS/MP494/2024-2025/137032-Construction of roads, link roads, pathways or any other road with or without drainage system","Uttar Pradesh","AGRA(DISTRICT MAGISTRAE AGRA_IDA)","Prof SP Singh Baghel","AGRA(SC)","CC Road From Satis Chandra Savita house to Bhuri Singh House","27-Aug-2024","152925","28-Sep-2024"
"908","Normal/Others","WS/MP18074/2024-2025/137033-Construction of roads, link roads, pathways or any other road with or without drainage system","Jharkhand","KHUNTI(DEPUTY COMMISSIONER KHUNTI_IDA)","KALI CHARAN MUNDA","KHUNTI(ST)","Construction of PCC road from Tilmi to Shiv Mandir via Ambatoli in Tilmi village under Dehkela Panchayat.","25-Aug-2024","500000","30-Sep-2024"
"909","Normal/Others","WS/MP18074/2024-2025/137034-Installing tube-wells and borewells","Jharkhand","KHUNTI(DEPUTY COMMISSIONER KHUNTI_IDA)","KALI CHARAN MUNDA","KHUNTI(ST)","Deep boring work in the girls hostel premises of G.E.L Church Mission Haata in Govindpur under Karra block.","25-Aug-2024","400000","14-Oct-2024"
"910","Normal/Others","WS/MP18074/2024-2025/137035-Construction of roads, link roads, pathways or any other road with or without drainage system","Jharkhand","KHUNTI(DEPUTY COMMISSIONER KHUNTI_IDA)","KALI CHARAN MUNDA","KHUNTI(ST)","PCC road construction from School Toli to Tangara Toli in village Rewa under Khunti block.","25-Aug-2024","400000","30-Sep-2024"
"911","Normal/Others","WS/MP18074/2024-2025/137036-Construction of roads, link roads, pathways or any other road with or without drainage system","Jharkhand","KHUNTI(DEPUTY COMMISSIONER KHUNTI_IDA)","KALI CHARAN MUNDA","KHUNTI(ST)","PCC road construction from Karam Singh Munda's house to Bichagutu's house in Village Salgadih under Dadigutu Panchayat.","25-Aug-2024","400000","30-Sep-2024"
"912","Normal/Others","WS/MP18074/2024-2025/137037-Construction of roads, link roads, pathways or any other road with or without drainage system","Jharkhand","KHUNTI(DEPUTY COMMISSIONER KHUNTI_IDA)","KALI CHARAN MUNDA","KHUNTI(ST)","Paver block road construction from Nirmal Oraon's house to Church wall in Hesag under Khunti block.","25-Aug-2024","350000","30-Sep-2024"
"913","Normal/Others","WS/MP18074/2024-2025/137038-Construction of roads, link roads, pathways or any other road with or without drainage system","Jharkhand","KHUNTI(DEPUTY COMMISSIONER KHUNTI_IDA)","KALI CHARAN MUNDA","KHUNTI(ST)","Paver block road construction from Subhash Heranj's house to Manoj Dhanwar's house in Pahan Toli of ward no. 08.","25-Aug-2024","350000","30-Sep-2024"
"914","Normal/Others","WS/MP18074/2024-2025/137039-Construction of rooms and halls in school and colleges","Jharkhand","KHUNTI(DEPUTY COMMISSIONER KHUNTI_IDA)","KALI CHARAN MUNDA","KHUNTI(ST)","Construction of two rooms in the school in Barbanda Village under Bhandra Panchayat.","25-Aug-2024","1000000","14-Oct-2024"
"915","Normal/Others","WS/MP18074/2024-2025/137040-Construction of roads, link roads, pathways or any other road with or without drainage system","Jharkhand","KHUNTI(DEPUTY COMMISSIONER KHUNTI_IDA)","KALI CHARAN MUNDA","KHUNTI(ST)","Construction of PCC road in Hesahatu under Bhandra Panchayat.","25-Aug-2024","800000","30-Sep-2024"
"916","Normal/Others","WS/MP18074/2024-2025/137041-Construction of roads, link roads, pathways or any other road with or without drainage system","Jharkhand","KHUNTI(DEPUTY COMMISSIONER KHUNTI_IDA)","KALI CHARAN MUNDA","KHUNTI(ST)","Construction of PCC road from Khunti Tamar road to Ram Pahan's house in Simbukel Village under Tirla Panchayat.","25-Aug-2024","900000","30-Sep-2024"
"917","Repair and Renovation","WS/MP18074/2024-2025/137042-Construction of additional rooms and halls in the existing public and community building","Jharkhand","KHUNTI(DEPUTY COMMISSIONER KHUNTI_IDA)","KALI CHARAN MUNDA","KHUNTI(ST)","Renovation of old hall in Khunti Club.","25-Aug-2024","800000","30-Sep-2024"
"918","Normal/Others","WS/MP18074/2024-2025/137043-Construction of roads, link roads, pathways or any other road with or without drainage system","Jharkhand","KHUNTI(DEPUTY COMMISSIONER KHUNTI_IDA)","KALI CHARAN MUNDA","KHUNTI(ST)","Construction of PCC road in Sarengadih Tangra Toli.","25-Aug-2024","1000000","30-Sep-2024"
"919","Normal/Others","WS/MP18074/2024-2025/137044-Construction of roads, link roads, pathways or any other road with or without drainage system","Jharkhand","KHUNTI(DEPUTY COMMISSIONER KHUNTI_IDA)","KALI CHARAN MUNDA","KHUNTI(ST)","Construction of drain in Tangra Toli.","25-Aug-2024","1000000","30-Sep-2024"
"920","Normal/Others","WS/MP18074/2024-2025/137045-Construction of roads, link roads, pathways or any other road with or without drainage system","Jharkhand","KHUNTI(DEPUTY COMMISSIONER KHUNTI_IDA)","KALI CHARAN MUNDA","KHUNTI(ST)","Construction of paver block road from Govind Munda's house to Soma Purti's house in Simbukel under Tirla Panchayat.","25-Aug-2024","700000","30-Sep-2024"
"921","Normal/Others","NA-Setting up of laboratories","Andhra Pradesh","Eluru(DISTRICT COLLECTOR ELURU_IDA)","Putta Mahesh Kumar","ELURU","Providing Laboratory equipment to Physical Science/Biological Science/Mathematics and Social Studies.","26-Aug-2024","400000","NA"
"922","Normal/Others","WS/MP18007/2025-2026/137047-Setting up of laboratories","Andhra Pradesh","Eluru(DISTRICT COLLECTOR ELURU_IDA)","Putta Mahesh Kumar","ELURU","Providing Laboratory equipment to Physical Science/Biological Science/Mathematics and Social Studies.","26-Aug-2024","400000","29-Apr-2025"
"923","Normal/Others","WS/MP18007/2025-2026/137048-Setting up of laboratories","Andhra Pradesh","Eluru(DISTRICT COLLECTOR ELURU_IDA)","Putta Mahesh Kumar","ELURU","Providing Laboratory equipment to Physical Science/Biological Science/Mathematics and Social Studies.","26-Aug-2024","400000","29-Apr-2025"
"924","Normal/Others","WS/MP18007/2025-2026/137049-Setting up of laboratories","Andhra Pradesh","Eluru(DISTRICT COLLECTOR ELURU_IDA)","Putta Mahesh Kumar","ELURU","Providing Laboratory equipment to Physical Science/Biological Science/Mathematics and Social Studies.","26-Aug-2024","400000","29-Apr-2025"
"925","Normal/Others","WS/MP18007/2025-2026/137050-Setting up of laboratories","Andhra Pradesh","Eluru(DISTRICT COLLECTOR ELURU_IDA)","Putta Mahesh Kumar","ELURU","Providing Laboratory equipment to Physical Science/Biological Science/Mathematics and Social Studies.","26-Aug-2024","400000","29-Apr-2025"
"926","Normal/Others","WS/MP18007/2025-2026/137051-Setting up of laboratories","Andhra Pradesh","Eluru(DISTRICT COLLECTOR ELURU_IDA)","Putta Mahesh Kumar","ELURU","Providing Laboratory equipment to Physical Science/Biological Science/Mathematics and Social Studies.","26-Aug-2024","400000","29-Apr-2025"
"927","Normal/Others","WS/MP18007/2025-2026/137052-Setting up of laboratories","Andhra Pradesh","Eluru(DISTRICT COLLECTOR ELURU_IDA)","Putta Mahesh Kumar","ELURU","Providing Laboratory equipment to Physical Science/Biological Science/Mathematics and Social Studies.","26-Aug-2024","400000","29-Apr-2025"
"928","Normal/Others","WS/MP18007/2025-2026/137053-Setting up of laboratories","Andhra Pradesh","Eluru(DISTRICT COLLECTOR ELURU_IDA)","Putta Mahesh Kumar","ELURU","Providing Laboratory equipment to Physical Science/Biological Science/Mathematics and Social Studies.","26-Aug-2024","400000","29-Apr-2025"
"929","Normal/Others","WS/MP18007/2025-2026/137054-Setting up of laboratories","Andhra Pradesh","Eluru(DISTRICT COLLECTOR ELURU_IDA)","Putta Mahesh Kumar","ELURU","Providing Laboratory equipment to Physical Science/Biological Science/Mathematics and Social Studies.","26-Aug-2024","400000","29-Apr-2025"
"930","Normal/Others","WS/MP18007/2025-2026/137055-Setting up of laboratories","Andhra Pradesh","Eluru(DISTRICT COLLECTOR ELURU_IDA)","Putta Mahesh Kumar","ELURU","Providing Laboratory equipment to Physical Science/Biological Science/Mathematics and Social Studies.","26-Aug-2024","400000","29-Apr-2025"
"931","Normal/Others","WS/MP18007/2025-2026/137056-Setting up of laboratories","Andhra Pradesh","Eluru(DISTRICT COLLECTOR ELURU_IDA)","Putta Mahesh Kumar","ELURU","Providing Laboratory equipment to Physical Science/Biological Science/Mathematics and Social Studies.","26-Aug-2024","400000","29-Apr-2025"
"932","Normal/Others","WS/MP18007/2025-2026/137057-Setting up of laboratories","Andhra Pradesh","Eluru(DISTRICT COLLECTOR ELURU_IDA)","Putta Mahesh Kumar","ELURU","Providing Laboratory equipment to Physical Science/Biological Science/Mathematics and Social Studies.","26-Aug-2024","400000","29-Apr-2025"
"933","Normal/Others","WS/MP18007/2025-2026/137058-Setting up of laboratories","Andhra Pradesh","Eluru(DISTRICT COLLECTOR ELURU_IDA)","Putta Mahesh Kumar","ELURU","Providing Laboratory equipment to Physical Science/Biological Science/Mathematics and Social Studies.","26-Aug-2024","400000","23-May-2025"
"934","Normal/Others","WS/MP18007/2025-2026/137059-Setting up of laboratories","Andhra Pradesh","Eluru(DISTRICT COLLECTOR ELURU_IDA)","Putta Mahesh Kumar","ELURU","Providing Laboratory equipment to Physical Science/Biological Science/Mathematics and Social Studies.","26-Aug-2024","400000","29-Apr-2025"
"935","Normal/Others","WS/MP18007/2025-2026/137060-Setting up of laboratories","Andhra Pradesh","Eluru(DISTRICT COLLECTOR ELURU_IDA)","Putta Mahesh Kumar","ELURU","Providing Laboratory equipment to Physical Science/Biological Science/Mathematics and Social Studies.","26-Aug-2024","400000","29-Apr-2025"
"936","Normal/Others","WS/MP18007/2025-2026/137061-Setting up of laboratories","Andhra Pradesh","Eluru(DISTRICT COLLECTOR ELURU_IDA)","Putta Mahesh Kumar","ELURU","Providing Laboratory equipment to Physical Science/Biological Science/Mathematics and Social Studies.","26-Aug-2024","400000","29-Apr-2025"
"937","Normal/Others","WS/MP18007/2025-2026/137062-Setting up of laboratories","Andhra Pradesh","Eluru(DISTRICT COLLECTOR ELURU_IDA)","Putta Mahesh Kumar","ELURU","Providing Laboratory equipment to Physical Science/Biological Science/Mathematics and Social Studies.","26-Aug-2024","400000","29-Apr-2025"
"938","Normal/Others","WS/MP18007/2025-2026/137063-Setting up of laboratories","Andhra Pradesh","Eluru(DISTRICT COLLECTOR ELURU_IDA)","Putta Mahesh Kumar","ELURU","Providing Laboratory equipment to Physical Science/Biological Science/Mathematics and Social Studies.","26-Aug-2024","400000","29-Apr-2025"
"939","Normal/Others","WS/MP18007/2025-2026/137064-Setting up of laboratories","Andhra Pradesh","Eluru(DISTRICT COLLECTOR ELURU_IDA)","Putta Mahesh Kumar","ELURU","Providing Laboratory equipment to Physical Science/Biological Science/Mathematics and Social Studies.","26-Aug-2024","400000","29-Apr-2025"
"940","Normal/Others","WS/MP18007/2025-2026/137065-Setting up of laboratories","Andhra Pradesh","Eluru(DISTRICT COLLECTOR ELURU_IDA)","Putta Mahesh Kumar","ELURU","Providing Laboratory equipment to Physical Science/Biological Science/Mathematics and Social Studies.","26-Aug-2024","400000","29-Apr-2025"
"941","Normal/Others","WS/MP18007/2025-2026/137066-Setting up of laboratories","Andhra Pradesh","Eluru(DISTRICT COLLECTOR ELURU_IDA)","Putta Mahesh Kumar","ELURU","Providing Laboratory equipment to Physical Science/Biological Science/Mathematics and Social Studies.","26-Aug-2024","400000","29-Apr-2025"
"942","Normal/Others","WS/MP18007/2025-2026/137067-Setting up of laboratories","Andhra Pradesh","Eluru(DISTRICT COLLECTOR ELURU_IDA)","Putta Mahesh Kumar","ELURU","Providing Laboratory equipment to Physical Science/Biological Science/Mathematics and Social Studies.","26-Aug-2024","400000","29-Apr-2025"
"943","Normal/Others","WS/MP18007/2025-2026/137068-Setting up of laboratories","Andhra Pradesh","Eluru(DISTRICT COLLECTOR ELURU_IDA)","Putta Mahesh Kumar","ELURU","Providing Laboratory equipment to Physical Science/Biological Science/Mathematics and Social Studies.","26-Aug-2024","400000","29-Apr-2025"
"944","Normal/Others","WS/MP18007/2025-2026/137069-Setting up of laboratories","Andhra Pradesh","Eluru(DISTRICT COLLECTOR ELURU_IDA)","Putta Mahesh Kumar","ELURU","Providing Laboratory equipment to Physical Science/Biological Science/Mathematics and Social Studies.","26-Aug-2024","400000","29-Apr-2025"
"945","Normal/Others","WS/MP18007/2025-2026/137070-Setting up of laboratories","Andhra Pradesh","Eluru(DISTRICT COLLECTOR ELURU_IDA)","Putta Mahesh Kumar","ELURU","Providing Laboratory equipment to Physical Science/Biological Science/Mathematics and Social Studies.","26-Aug-2024","400000","29-Apr-2025"
"946","Normal/Others","WS/MP18007/2025-2026/137071-Setting up of laboratories","Andhra Pradesh","Eluru(DISTRICT COLLECTOR ELURU_IDA)","Putta Mahesh Kumar","ELURU","Providing Laboratory equipment to Physical Science/Biological Science/Mathematics and Social Studies.","26-Aug-2024","400000","29-Apr-2025"
"947","Normal/Others","WS/MP18007/2025-2026/137072-Setting up of laboratories","Andhra Pradesh","Eluru(DISTRICT COLLECTOR ELURU_IDA)","Putta Mahesh Kumar","ELURU","Providing Laboratory equipment to Physical Science/Biological Science/Mathematics and Social Studies.","26-Aug-2024","400000","29-Apr-2025"
"948","Normal/Others","WS/MP18007/2025-2026/137073-Setting up of laboratories","Andhra Pradesh","Eluru(DISTRICT COLLECTOR ELURU_IDA)","Putta Mahesh Kumar","ELURU","Providing Laboratory equipment to Physical Science/Biological Science/Mathematics and Social Studies.","26-Aug-2024","400000","29-Apr-2025"
"949","Normal/Others","WS/MP18007/2025-2026/137074-Setting up of laboratories","Andhra Pradesh","Eluru(DISTRICT COLLECTOR ELURU_IDA)","Putta Mahesh Kumar","ELURU","Providing Laboratory equipment to Physical Science/Biological Science/Mathematics and Social Studies.","26-Aug-2024","400000","29-Apr-2025"
"950","Normal/Others","WS/MP18007/2025-2026/137075-Setting up of laboratories","Andhra Pradesh","Eluru(DISTRICT COLLECTOR ELURU_IDA)","Putta Mahesh Kumar","ELURU","Providing Laboratory equipment to Physical Science/Biological Science/Mathematics and Social Studies.","26-Aug-2024","400000","29-Apr-2025"
"951","Normal/Others","WS/MP18007/2025-2026/137076-Setting up of laboratories","Andhra Pradesh","Eluru(DISTRICT COLLECTOR ELURU_IDA)","Putta Mahesh Kumar","ELURU","Providing Laboratory equipment to Physical Science/Biological Science/Mathematics and Social Studies.","26-Aug-2024","400000","29-Apr-2025"
"952","Normal/Others","WS/MP18007/2025-2026/137077-Setting up of laboratories","Andhra Pradesh","Eluru(DISTRICT COLLECTOR ELURU_IDA)","Putta Mahesh Kumar","ELURU","Providing Laboratory equipment to Physical Science/Biological Science/Mathematics and Social Studies.","26-Aug-2024","400000","13-Jun-2025"
"953","Normal/Others","WS/MP18007/2025-2026/137078-Setting up of laboratories","Andhra Pradesh","Eluru(DISTRICT COLLECTOR ELURU_IDA)","Putta Mahesh Kumar","ELURU","Providing Laboratory equipment to Physical Science/Biological Science/Mathematics and Social Studies.","26-Aug-2024","400000","28-Apr-2025"
"954","Normal/Others","WS/MP18007/2025-2026/137079-Setting up of laboratories","Andhra Pradesh","Eluru(DISTRICT COLLECTOR ELURU_IDA)","Putta Mahesh Kumar","ELURU","Providing Laboratory equipment to Physical Science/Biological Science/Mathematics and Social Studies.","26-Aug-2024","400000","28-Apr-2025"
"955","Normal/Others","WS/MP18007/2025-2026/137080-Setting up of laboratories","Andhra Pradesh","Eluru(DISTRICT COLLECTOR ELURU_IDA)","Putta Mahesh Kumar","ELURU","Providing Laboratory equipment to Physical Science/Biological Science/Mathematics and Social Studies.","26-Aug-2024","400000","29-Apr-2025"
"956","Normal/Others","WS/MP18007/2025-2026/137081-Setting up of laboratories","Andhra Pradesh","Eluru(DISTRICT COLLECTOR ELURU_IDA)","Putta Mahesh Kumar","ELURU","Providing Laboratory equipment to Physical Science/Biological Science/Mathematics and Social Studies.","26-Aug-2024","400000","09-Jan-2026"
"957","Normal/Others","WS/MP18007/2025-2026/137082-Setting up of laboratories","Andhra Pradesh","Eluru(DISTRICT COLLECTOR ELURU_IDA)","Putta Mahesh Kumar","ELURU","Providing Laboratory equipment to Physical Science/Biological Science/Mathematics and Social Studies.","26-Aug-2024","400000","29-Apr-2025"
"958","Normal/Others","WS/MP18007/2025-2026/137083-Setting up of laboratories","Andhra Pradesh","Eluru(DISTRICT COLLECTOR ELURU_IDA)","Putta Mahesh Kumar","ELURU","Providing Laboratory equipment to Physical Science/Biological Science/Mathematics and Social Studies.","26-Aug-2024","400000","29-Apr-2025"
"959","Normal/Others","WS/MP18007/2025-2026/137084-Setting up of laboratories","Andhra Pradesh","Eluru(DISTRICT COLLECTOR ELURU_IDA)","Putta Mahesh Kumar","ELURU","Providing Laboratory equipment to Physical Science/Biological Science/Mathematics and Social Studies.","26-Aug-2024","400000","28-Apr-2025"
"960","Normal/Others","WS/MP18007/2025-2026/137085-Setting up of laboratories","Andhra Pradesh","Eluru(DISTRICT COLLECTOR ELURU_IDA)","Putta Mahesh Kumar","ELURU","Providing Laboratory equipment to Physical Science/Biological Science/Mathematics and Social Studies.","26-Aug-2024","400000","28-Apr-2025"
"961","Normal/Others","WS/MP18007/2025-2026/137086-Setting up of laboratories","Andhra Pradesh","Eluru(DISTRICT COLLECTOR ELURU_IDA)","Putta Mahesh Kumar","ELURU","Providing Laboratory equipment to Physical Science/Biological Science/Mathematics and Social Studies.","26-Aug-2024","400000","28-Apr-2025"
"962","Normal/Others","WS/MP18007/2025-2026/137087-Setting up of laboratories","Andhra Pradesh","Eluru(DISTRICT COLLECTOR ELURU_IDA)","Putta Mahesh Kumar","ELURU","Providing Laboratory equipment to Physical Science/Biological Science/Mathematics and Social Studies.","26-Aug-2024","400000","28-Apr-2025"
"963","Normal/Others","WS/MP18007/2025-2026/137088-Setting up of laboratories","Andhra Pradesh","Eluru(DISTRICT COLLECTOR ELURU_IDA)","Putta Mahesh Kumar","ELURU","Providing Laboratory equipment to Physical Science/Biological Science/Mathematics and Social Studies.","26-Aug-2024","400000","28-Apr-2025"
"964","Normal/Others","WS/MP18007/2025-2026/137089-Setting up of laboratories","Andhra Pradesh","Eluru(DISTRICT COLLECTOR ELURU_IDA)","Putta Mahesh Kumar","ELURU","Providing Laboratory equipment to Physical Science/Biological Science/Mathematics and Social Studies.","26-Aug-2024","400000","28-Apr-2025"
"965","Normal/Others","WS/MP18007/2025-2026/137090-Setting up of laboratories","Andhra Pradesh","Eluru(DISTRICT COLLECTOR ELURU_IDA)","Putta Mahesh Kumar","ELURU","Providing Laboratory equipment to Physical Science/Biological Science/Mathematics and Social Studies.","26-Aug-2024","400000","28-Apr-2025"
"966","Normal/Others","WS/MP18007/2025-2026/137091-Setting up of laboratories","Andhra Pradesh","Eluru(DISTRICT COLLECTOR ELURU_IDA)","Putta Mahesh Kumar","ELURU","Providing Laboratory equipment to Physical Science/Biological Science/Mathematics and Social Studies.","26-Aug-2024","400000","28-Apr-2025"
"967","Normal/Others","WS/MP18007/2025-2026/137092-Setting up of laboratories","Andhra Pradesh","Eluru(DISTRICT COLLECTOR ELURU_IDA)","Putta Mahesh Kumar","ELURU","Providing Laboratory equipment to Physical Science/Biological Science/Mathematics and Social Studies.","26-Aug-2024","400000","28-Apr-2025"
"968","Normal/Others","WS/MP18007/2025-2026/137093-Setting up of laboratories","Andhra Pradesh","Eluru(DISTRICT COLLECTOR ELURU_IDA)","Putta Mahesh Kumar","ELURU","Providing Laboratory equipment to Physical Science/Biological Science/Mathematics and Social Studies.","26-Aug-2024","400000","28-Apr-2025"
"969","Normal/Others","WS/MP18007/2025-2026/137094-Setting up of laboratories","Andhra Pradesh","Eluru(DISTRICT COLLECTOR ELURU_IDA)","Putta Mahesh Kumar","ELURU","Providing Laboratory equipment to Physical Science/Biological Science/Mathematics and Social Studies.","26-Aug-2024","400000","28-Apr-2025"
"970","Normal/Others","WS/MP18007/2025-2026/137095-Setting up of laboratories","Andhra Pradesh","Eluru(DISTRICT COLLECTOR ELURU_IDA)","Putta Mahesh Kumar","ELURU","Providing Laboratory equipment to Physical Science/Biological Science/Mathematics and Social Studies.","26-Aug-2024","400000","28-Apr-2025"
"971","Normal/Others","WS/MP494/2024-2025/137151-Construction of roads, link roads, pathways or any other road with or without drainage system","Uttar Pradesh","AGRA(DISTRICT MAGISTRAE AGRA_IDA)","Prof SP Singh Baghel","AGRA(SC)","CC WORK IN RAJEEV NAGAR FROM SONU HOUSE TO TILLU HOUSE","27-Aug-2024","1991220","28-Sep-2024"
"972","Normal/Others","WS/MP494/2024-2025/137152-Construction of roads, link roads, pathways or any other road with or without drainage system","Uttar Pradesh","AGRA(DISTRICT MAGISTRAE AGRA_IDA)","Prof SP Singh Baghel","AGRA(SC)","CC ROAD IN SHAMSHABAD ROAD NEHARU ENCLAVE FARAHAN NITIN GUPTA HOUSE TO CHHADAMI LAL RATHOR HOUSE","27-Aug-2024","1978059","28-Sep-2024"
"973","Normal/Others","WS/MP494/2024-2025/137153-Construction of roads, link roads, pathways or any other road with or without drainage system","Uttar Pradesh","AGRA(DISTRICT MAGISTRAE AGRA_IDA)","Prof SP Singh Baghel","AGRA(SC)","CC ROAD IN NAUPURA WARD 59 FROM GURU PRASAD HOUSE TO KHEM CHAND HOUSE AND BAKIL HOUSE TO OM SHANTI ASHRAM","27-Aug-2024","2247147","28-Sep-2024"
"974","Normal/Others","WS/MP494/2024-2025/137154-Construction of roads, link roads, pathways or any other road with or without drainage system","Uttar Pradesh","AGRA(DISTRICT MAGISTRAE AGRA_IDA)","Prof SP Singh Baghel","AGRA(SC)","CC WORK IN BANS DALEL FROM DIWAN SINGH HOUSE TO NIHAL SINGH HOUSE","27-Aug-2024","1504362","28-Sep-2024"
"975","Normal/Others","WS/MP494/2024-2025/137155-Construction of roads, link roads, pathways or any other road with or without drainage system","Uttar Pradesh","AGRA(DISTRICT MAGISTRAE AGRA_IDA)","Prof SP Singh Baghel","AGRA(SC)","CC ROAD IN BALAJI DHAM MANDIR TO KRASHANA EMPAYAR","27-Aug-2024","2613400","28-Sep-2024"
"976","Normal/Others","WS/MP494/2024-2025/137156-Construction of roads, link roads, pathways or any other road with or without drainage system","Uttar Pradesh","AGRA(DISTRICT MAGISTRAE AGRA_IDA)","Prof SP Singh Baghel","AGRA(SC)","IN VILLAGE TEHU PNB TO MUKESH GUPTA HOUSE","27-Aug-2024","968370","28-Sep-2024"
"977","Normal/Others","WS/MP494/2024-2025/137197-Construction of roads, link roads, pathways or any other road with or without drainage system","Uttar Pradesh","AGRA(DISTRICT MAGISTRAE AGRA_IDA)","Prof SP Singh Baghel","AGRA(SC)","CC WORK IN VILLAGE BARAHAN SAHPHUT FROM PURAN SINGH HOUSE TO BABURAM HOUSE BYA CHHITTO HOUSE","27-Aug-2024","1601792","28-Sep-2024"
"978","Normal/Others","WS/MP494/2024-2025/137198-Construction of roads, link roads, pathways or any other road with or without drainage system","Uttar Pradesh","AGRA(DISTRICT MAGISTRAE AGRA_IDA)","Prof SP Singh Baghel","AGRA(SC)","CC WORK IN VISHNU BIHAR PRAVESH KUMAR HOUSE TO SUNIL PARMAR HOUSE","27-Aug-2024","445492","28-Sep-2024"
"979","Normal/Others","WS/MP494/2024-2025/137199-Construction of roads, link roads, pathways or any other road with or without drainage system","Uttar Pradesh","AGRA(DISTRICT MAGISTRAE AGRA_IDA)","Prof SP Singh Baghel","AGRA(SC)","CC WORK FROM PAKKI SADAK TO JOGENDRA BAGHEL IN SHERKHAN MAJARA PACHAS BIGHA","27-Aug-2024","1119362","28-Sep-2024"
"980","Normal/Others","WS/MP494/2024-2025/137200-Construction of roads, link roads, pathways or any other road with or without drainage system","Uttar Pradesh","AGRA(DISTRICT MAGISTRAE AGRA_IDA)","Prof SP Singh Baghel","AGRA(SC)","CC WORK IN MUSTAFA QUATAR JANATA COLONY FROM GOPAL BABA HOUSE TO JHAMMAN MANDIR","27-Aug-2024","2163229","28-Sep-2024"
"981","Normal/Others","WS/MP494/2024-2025/137201-Construction of roads, link roads, pathways or any other road with or without drainage system","Uttar Pradesh","AGRA(DISTRICT MAGISTRAE AGRA_IDA)","Prof SP Singh Baghel","AGRA(SC)","CC WORK IN VILLAGE MUKHWAR FROM LEKHRAJ TO OMPRAKASH HOUSE","27-Aug-2024","853504","28-Sep-2024"
"982","Normal/Others","WS/MP494/2024-2025/137202-Construction of roads, link roads, pathways or any other road with or without drainage system","Uttar Pradesh","AGRA(DISTRICT MAGISTRAE AGRA_IDA)","Prof SP Singh Baghel","AGRA(SC)","CC WORK IN PIPARIYA FROM RAJKUMAR HOUSE TO GAS GODAM","27-Aug-2024","1269794","28-Sep-2024"
"983","Normal/Others","WS/MP494/2024-2025/137203-Construction of roads, link roads, pathways or any other road with or without drainage system","Uttar Pradesh","AGRA(DISTRICT MAGISTRAE AGRA_IDA)","Prof SP Singh Baghel","AGRA(SC)","CC WORK IN SHASTRI NAGAR Dr RAJENDRA MILAN TO Dr RC GUPTA HOUSE","27-Aug-2024","2391853","28-Sep-2024"
"984","Normal/Others","WS/MP494/2024-2025/137205-Construction of roads, link roads, pathways or any other road with or without drainage system","Uttar Pradesh","AGRA(DISTRICT MAGISTRAE AGRA_IDA)","Prof SP Singh Baghel","AGRA(SC)","CC WORK IN RASHMI BIHAR SHAMSHABAD ROAD FROM BHANU PRATAP SINGH HOUSE TO BANVARI LAL HOUSE","27-Aug-2024","1157238","28-Sep-2024"
"985","Normal/Others","WS/MP494/2024-2025/137206-Construction of roads, link roads, pathways or any other road with or without drainage system","Uttar Pradesh","AGRA(DISTRICT MAGISTRAE AGRA_IDA)","Prof SP Singh Baghel","AGRA(SC)","CC WORK IN BURJ KHANJAR ETMADPUR FROM VINOD KUMAR HOUSE TO Dr SUBHASH CHANDRA HOUSE","27-Aug-2024","1287979","28-Sep-2024"
"986","Normal/Others","WS/MP494/2024-2025/137207-Construction of roads, link roads, pathways or any other road with or without drainage system","Uttar Pradesh","AGRA(DISTRICT MAGISTRAE AGRA_IDA)","Prof SP Singh Baghel","AGRA(SC)","CC WORK IN VILLAGE LAKHANAMAI FROM YADRAM BAGHEL TO SEVARAM BAGHEL HOUSE","27-Aug-2024","554942","28-Sep-2024"
"987","Normal/Others","WS/MP494/2024-2025/137208-Construction of roads, link roads, pathways or any other road with or without drainage system","Uttar Pradesh","AGRA(DISTRICT MAGISTRAE AGRA_IDA)","Prof SP Singh Baghel","AGRA(SC)","CC WORK IN GADHI BHADAURIYA LOKESH SHARMA TO SUNITA SHARMA HOUSE 180 MEETAR","27-Aug-2024","2076979","28-Sep-2024"
"988","Normal/Others","WS/MP494/2024-2025/137209-Construction of roads, link roads, pathways or any other road with or without drainage system","Uttar Pradesh","AGRA(DISTRICT MAGISTRAE AGRA_IDA)","Prof SP Singh Baghel","AGRA(SC)","CC WORK IN BHAWAIN FROM PRATHMIK VIDHYALAY TO DABAR ROAD","27-Aug-2024","1477295","28-Sep-2024"
"989","Normal/Others","WS/MP494/2024-2025/137210-Construction of roads, link roads, pathways or any other road with or without drainage system","Uttar Pradesh","AGRA(DISTRICT MAGISTRAE AGRA_IDA)","Prof SP Singh Baghel","AGRA(SC)","CC WORK IN BAGHEL COLONY FROM BHUP SINGH BAGHEL TO PANDIT JI HOUSE","27-Aug-2024","1210287","28-Sep-2024"
"990","Normal/Others","WS/MP494/2024-2025/137211-Construction of roads, link roads, pathways or any other road with or without drainage system","Uttar Pradesh","AGRA(DISTRICT MAGISTRAE AGRA_IDA)","Prof SP Singh Baghel","AGRA(SC)","CC WORK IN TEDI BAGHIYA DURGA NAGAR VIDHYA NAGAR FROM BABU RAM TO PREM SINGH HOUSE","27-Aug-2024","951668","28-Sep-2024"
"991","Normal/Others","WS/MP494/2024-2025/137212-Construction of roads, link roads, pathways or any other road with or without drainage system","Uttar Pradesh","AGRA(DISTRICT MAGISTRAE AGRA_IDA)","Prof SP Singh Baghel","AGRA(SC)","CC WORK IN SEVARA FROM CHANDRABHAN TYAGI TO RAM KUMAR HOUSE","27-Aug-2024","2004148","28-Sep-2024"
"992","Normal/Others","WS/MP494/2024-2025/137213-Construction of roads, link roads, pathways or any other road with or without drainage system","Uttar Pradesh","AGRA(DISTRICT MAGISTRAE AGRA_IDA)","Prof SP Singh Baghel","AGRA(SC)","CC WORK IN GUMMAT UKHRRA NEAR GYAN BHARATI INTER COLLEGE LOHE KE KHAMBE VALA HISSA","27-Aug-2024","1199684","28-Sep-2024"
"993","Normal/Others","WS/MP494/2024-2025/137214-Construction of roads, link roads, pathways or any other road with or without drainage system","Uttar Pradesh","AGRA(DISTRICT MAGISTRAE AGRA_IDA)","Prof SP Singh Baghel","AGRA(SC)","CC WORK IN VILLAGE NAGALA HARIRAM FROM BIJENDRA TYAGI TO JITENDRA HOUSE","27-Aug-2024","722986","28-Sep-2024"
"994","Normal/Others","WS/MP494/2024-2025/137215-Construction of roads, link roads, pathways or any other road with or without drainage system","Uttar Pradesh","AGRA(DISTRICT MAGISTRAE AGRA_IDA)","Prof SP Singh Baghel","AGRA(SC)","CC WORK IN TEDI BAGIYA RADHA NAGAR COLONY JD FARM HOUSE TO DEVENDRA BAGHEL HOUSE","27-Aug-2024","2794931","28-Sep-2024"
"995","Normal/Others","WS/MP494/2024-2025/137216-Construction of roads, link roads, pathways or any other road with or without drainage system","Uttar Pradesh","AGRA(DISTRICT MAGISTRAE AGRA_IDA)","Prof SP Singh Baghel","AGRA(SC)","CC WORK IN VILLAGE BADA GUDHA FROM GHANSHYAM TO PRADEEP BAGHEL HOUSE","27-Aug-2024","1668177","28-Sep-2024"
"996","Normal/Others","WS/MP494/2024-2025/137217-Construction of roads, link roads, pathways or any other road with or without drainage system","Uttar Pradesh","AGRA(DISTRICT MAGISTRAE AGRA_IDA)","Prof SP Singh Baghel","AGRA(SC)","CC WORK IN KAILASHPURI FROM VIPIN SHIVHARE TO ARCHANA GARG HOUSE","27-Aug-2024","1265891","28-Sep-2024"
"997","Normal/Others","WS/MP494/2024-2025/137218-Installing community drinking water plants","Uttar Pradesh","AGRA(DISTRICT MAGISTRAE AGRA_IDA)","Prof SP Singh Baghel","AGRA(SC)","INSTALLATION OF SUMBARSEBIL IN VILLAGE AGARWARNEAR KHUSHI RAM SO SRI JALIM SINGH HOUSE","27-Aug-2024","263973","28-Sep-2024"
"998","Normal/Others","WS/MP494/2024-2025/137219-Installing community drinking water plants","Uttar Pradesh","AGRA(DISTRICT MAGISTRAE AGRA_IDA)","Prof SP Singh Baghel","AGRA(SC)","NSTALLATION OF SUMBARSEBIL IN VILLAGE BAS DALEL NEAR INTER COLLEGE","27-Aug-2024","263851","28-Sep-2024"
"999","Normal/Others","WS/MP494/2024-2025/137220-Installing community drinking water plants","Uttar Pradesh","AGRA(DISTRICT MAGISTRAE AGRA_IDA)","Prof SP Singh Baghel","AGRA(SC)","NSTALLATION OF SUMBARSEBIL IN VILLAGEGADHI PRATHAVI ETMADPUR","27-Aug-2024","263948","28-Sep-2024"
"1000","Normal/Others","WS/MP494/2024-2025/137221-Installing community drinking water plants","Uttar Pradesh","AGRA(DISTRICT MAGISTRAE AGRA_IDA)","Prof SP Singh Baghel","AGRA(SC)","NSTALLATION OF SUMBARSEBIL IN IN SULABH PURAM BODALA ROAD NEAR NATCHAR PARK","27-Aug-2024","264053","28-Sep-2024"
"1001","Normal/Others","WS/MP494/2024-2025/137222-Installing community drinking water plants","Uttar Pradesh","AGRA(DISTRICT MAGISTRAE AGRA_IDA)","Prof SP Singh Baghel","AGRA(SC)","NSTALLATION OF SUMBARSEBIL IN Dr AMBEDKAR NAGAR VAALI MATA TEDI BAGHIYA HATRASH ROAD AGRA","27-Aug-2024","263761","28-Sep-2024"
"1002","Normal/Others","WS/MP494/2024-2025/137223-Installing community drinking water plants","Uttar Pradesh","AGRA(DISTRICT MAGISTRAE AGRA_IDA)","Prof SP Singh Baghel","AGRA(SC)","NSTALLATION OF SUMBARSEBIL IN VILLAGE SATOLI ETMADPUR SHIV MANDIR MOHALLA BAGHELAN","27-Aug-2024","263802","28-Sep-2024"
"1003","Normal/Others","WS/MP485/2024-2025/137224-Providing drains and gutters for public drainage","West Bengal","South 24 Parganas(DISTRICT MAGISTRATE SOUTH TWENTY FOUR PARGANAS_IDA)","Pratima Mondal","JOYNAGAR(SC)","Construction of Concrete Chatal with Single brick soling and cross drain structure at Shrirampur Edgah Maidan under Basanti GP","27-Aug-2024","1692435","06-Mar-2025"
"1004","Normal/Others","WS/MP485/2024-2025/137225-Street lights","West Bengal","South 24 Parganas(DISTRICT MAGISTRATE SOUTH TWENTY FOUR PARGANAS_IDA)","Pratima Mondal","JOYNAGAR(SC)","Instalation of Electrically operated High-Mast Light at 7 No More under Amjhara GP","27-Aug-2024","200000","19-Nov-2024"
"1005","Normal/Others","WS/MP485/2024-2025/137226-Street lights","West Bengal","South 24 Parganas(DISTRICT MAGISTRATE SOUTH TWENTY FOUR PARGANAS_IDA)","Pratima Mondal","JOYNAGAR(SC)","Instalation of Electrically operated High-Mast Light at Amjhara Nerir More under Amjhara GP","27-Aug-2024","200000","19-Nov-2024"
"1006","Normal/Others","WS/MP485/2024-2025/137227-Street lights","West Bengal","South 24 Parganas(DISTRICT MAGISTRATE SOUTH TWENTY FOUR PARGANAS_IDA)","Pratima Mondal","JOYNAGAR(SC)","Instalation of Electrically operated High-Mast Light at Titkumar Hajir More under Amjhara GP","27-Aug-2024","200000","19-Nov-2024"
"1007","Normal/Others","WS/MP485/2024-2025/137228-Providing drains and gutters for public drainage","West Bengal","South 24 Parganas(DISTRICT MAGISTRATE SOUTH TWENTY FOUR PARGANAS_IDA)","Pratima Mondal","JOYNAGAR(SC)","Construction of Concrete drain with Guard wall of Parbatipur Junior School  Under Jharkhali GP","27-Aug-2024","1100000","21-Mar-2025"
"1008","Normal/Others","WS/MP485/2024-2025/137229-Construction of roads, link roads, pathways or any other road with or without drainage system","West Bengal","South 24 Parganas(DISTRICT MAGISTRATE SOUTH TWENTY FOUR PARGANAS_IDA)","Pratima Mondal","JOYNAGAR(SC)","Construction of Concrete Road from Dhananjay Bairagi wood mil to Baneswar Mondal House Under Jyotishpur GP","27-Aug-2024","598691","06-Mar-2025"
"1009","Normal/Others","WS/MP485/2024-2025/137230-Construction of roads, link roads, pathways or any other road with or without drainage system","West Bengal","South 24 Parganas(DISTRICT MAGISTRATE SOUTH TWENTY FOUR PARGANAS_IDA)","Pratima Mondal","JOYNAGAR(SC)","Construction of Concrete road from Ambika kayal house to Khagendra Nath House Under Nafarganj GP","27-Aug-2024","599818","06-Mar-2025"
"1010","Normal/Others","WS/MP485/2024-2025/137231-Street lights","West Bengal","South 24 Parganas(DISTRICT MAGISTRATE SOUTH TWENTY FOUR PARGANAS_IDA)","Pratima Mondal","JOYNAGAR(SC)","Installation of Solar High Mast Light at Satkeora Banerjee Bazar Under Chunakhali GP","27-Aug-2024","199501","19-Nov-2024"
"1011","Normal/Others","WS/MP485/2024-2025/137232-Street lights","West Bengal","South 24 Parganas(DISTRICT MAGISTRATE SOUTH TWENTY FOUR PARGANAS_IDA)","Pratima Mondal","JOYNAGAR(SC)","Installation of Solar High Mast Light at Kotrakhali Bazar  Under Chunakhali GP","27-Aug-2024","199501","19-Nov-2024"
"1012","Normal/Others","WS/MP485/2024-2025/137234-Street lights","West Bengal","South 24 Parganas(DISTRICT MAGISTRATE SOUTH TWENTY FOUR PARGANAS_IDA)","Pratima Mondal","JOYNAGAR(SC)","Instalation of 11 Nos Solar Stand Street Light from Bagulakhali Wooden Bridge to Chunakhali GP office under Chunakhali GP","27-Aug-2024","379500","19-Nov-2024"
"1013","Normal/Others","WS/MP485/2024-2025/137235-Construction of roads, link roads, pathways or any other road with or without drainage system","West Bengal","South 24 Parganas(DISTRICT MAGISTRATE SOUTH TWENTY FOUR PARGANAS_IDA)","Pratima Mondal","JOYNAGAR(SC)","Construction of Concrete road from Saidali Sekh house to Hannan Laskar house under Uttar Mokamberia GP","27-Aug-2024","498071","06-Mar-2025"
"1014","Normal/Others","WS/MP485/2024-2025/137236-Construction of roads, link roads, pathways or any other road with or without drainage system","West Bengal","South 24 Parganas(DISTRICT MAGISTRATE SOUTH TWENTY FOUR PARGANAS_IDA)","Pratima Mondal","JOYNAGAR(SC)","Construction of Concrete chatalon the field  at the near of  Shimultala Jame Masjid Under Kanthalberia","27-Aug-2024","599072","06-Mar-2025"
"1015","Normal/Others","WS/MP013/2024-2025/137237-Providing drains and gutters for public drainage","Sikkim","Pakyong(DISTRICT COLLECTOR PAKYONG_IDA)","Indra Hang Subba","SIKKIM","Construction of drainage system at Ambakey jhora under Chamlathang GPU","27-Aug-2024","1500000","13-Nov-2024"
"1016","Normal/Others","WS/MP013/2024-2025/137238-Providing drains and gutters for public drainage","Sikkim","Pakyong(DISTRICT COLLECTOR PAKYONG_IDA)","Indra Hang Subba","SIKKIM","Construction of drainage system from Pakyong road to Lower Senti at Chubba khola under Senti","27-Aug-2024","1500000","13-Nov-2024"
"1017","Normal/Others","WS/MP641/2025-2026/137257-Construction of roads, link roads, pathways or any other road with or without drainage system","Madhya Pradesh","BARWANI(DISTRICT COLLECTOR BADWANI_IDA)","Gajendra Singh Patel","KHARGONE(ST)","Construction of road in ward 22 at Chunabhatti from police line to main road","27-Aug-2024","500000","06-Jun-2025"
"1018","Normal/Others","WS/MP641/2024-2025/137260-Construction of community centers and community halls","Madhya Pradesh","Khargone (West Nimar)(DISTRICT COLLECTOR KHARGONE_IDA)","Gajendra Singh Patel","KHARGONE(ST)","Construction of community hall in village Dabriya at Janjati Mohalla","27-Aug-2024","2000000","28-Nov-2024"
"1019","Normal/Others","WS/MP641/2024-2025/137262-Construction of community centers and community halls","Madhya Pradesh","Khargone (West Nimar)(DISTRICT COLLECTOR KHARGONE_IDA)","Gajendra Singh Patel","KHARGONE(ST)","Construction of hall in village Machalpur Khurd at Ahir Mohalla","27-Aug-2024","500000","20-Dec-2024"
"1020","Normal/Others","WS/MP641/2024-2025/137265-Construction of additional rooms and halls in the existing public and community building","Madhya Pradesh","BARWANI(DISTRICT COLLECTOR BADWANI_IDA)","Gajendra Singh Patel","KHARGONE(ST)","Construction of additional room existing building in village Panya","27-Aug-2024","500000","18-Dec-2024"
"1021","Normal/Others","WS/MP641/2024-2025/137266-Construction of community centers and community halls","Madhya Pradesh","BARWANI(DISTRICT COLLECTOR BADWANI_IDA)","Gajendra Singh Patel","KHARGONE(ST)","Construction of hall in village Menimata at Near RamMandir","27-Aug-2024","1000000","18-Oct-2024"
"1022","Normal/Others","WS/MP18153/2024-2025/137278-Installing community drinking water plants","Punjab","FEROZEPUR(DEPUTY COMMISSIONER FIROZEPUR_IDA)","SHER SINGH GHUBAYA","FIROZPUR","Installation of RO System At Govt. High School Kot Karor Kalan (Capacity 500 Ltrs)","27-Aug-2024","232650","03-Sep-2024"
"1023","Normal/Others","WS/MP18153/2024-2025/137279-Installing community drinking water plants","Punjab","FEROZEPUR(DEPUTY COMMISSIONER FIROZEPUR_IDA)","SHER SINGH GHUBAYA","FIROZPUR","Installation of RO System At Govt. Primary School Sodhe Wala (Capacity 500 Ltrs)","27-Aug-2024","232415","03-Sep-2024"
"1024","Normal/Others","WS/MP18153/2024-2025/137280-Installing community drinking water plants","Punjab","FEROZEPUR(DEPUTY COMMISSIONER FIROZEPUR_IDA)","SHER SINGH GHUBAYA","FIROZPUR","Installation of RO System At Govt. High School Sodhi Nagar (Capacity 500 Ltrs)","27-Aug-2024","232062","03-Sep-2024"
"1025","Normal/Others","WS/MP18153/2024-2025/137281-Installing community drinking water plants","Punjab","FEROZEPUR(DEPUTY COMMISSIONER FIROZEPUR_IDA)","SHER SINGH GHUBAYA","FIROZPUR","Installation of RO System At Govt. Primary School Bhamba Landa (Capacity 500 Ltrs)","27-Aug-2024","232415","03-Sep-2024"
"1026","Normal/Others","WS/MP18153/2024-2025/137282-Installing community drinking water plants","Punjab","FEROZEPUR(DEPUTY COMMISSIONER FIROZEPUR_IDA)","SHER SINGH GHUBAYA","FIROZPUR","Installation of RO System At Govt. primary School Sodhi Nagar (Capacity 500 Ltrs)","27-Aug-2024","232297","03-Sep-2024"
"1027","Normal/Others","WS/MP18153/2024-2025/137283-Installing community drinking water plants","Punjab","FEROZEPUR(DEPUTY COMMISSIONER FIROZEPUR_IDA)","SHER SINGH GHUBAYA","FIROZPUR","Installation of RO System At Govt. Primary  School Bhure Kalan (Capacity 500 Ltrs)","27-Aug-2024","232497","03-Sep-2024"
"1028","Normal/Others","WS/MP18153/2024-2025/137284-Installing community drinking water plants","Punjab","FEROZEPUR(DEPUTY COMMISSIONER FIROZEPUR_IDA)","SHER SINGH GHUBAYA","FIROZPUR","Installation of RO System At Govt. Primary School Jawahar Singh Wala (Capacity 500 Ltrs)","27-Aug-2024","231710","03-Sep-2024"
"1029","Normal/Others","WS/MP18153/2024-2025/137285-Installing community drinking water plants","Punjab","FEROZEPUR(DEPUTY COMMISSIONER FIROZEPUR_IDA)","SHER SINGH GHUBAYA","FIROZPUR","Installation of RO System At Govt. Sen. Sec. (Girls) School Mamdot (Capacity 500 Ltrs)","27-Aug-2024","232767","03-Sep-2024"
"1030","Normal/Others","WS/MP18153/2024-2025/137286-Installing community drinking water plants","Punjab","FEROZEPUR(DEPUTY COMMISSIONER FIROZEPUR_IDA)","SHER SINGH GHUBAYA","FIROZPUR","Installation of RO System At Govt. Middal School Sulhani (Capacity 500 Ltrs)","27-Aug-2024","232767","03-Sep-2024"
"1031","Normal/Others","WS/MP18153/2024-2025/137287-Installing community drinking water plants","Punjab","FEROZEPUR(DEPUTY COMMISSIONER FIROZEPUR_IDA)","SHER SINGH GHUBAYA","FIROZPUR","Installation of RO System At Govt. Middal School Lohgarh (Capacity 500 Ltrs)","27-Aug-2024","233002","03-Sep-2024"
"1032","Normal/Others","WS/MP18153/2024-2025/137288-Installing community drinking water plants","Punjab","FEROZEPUR(DEPUTY COMMISSIONER FIROZEPUR_IDA)","SHER SINGH GHUBAYA","FIROZPUR","Installation of RO System At Govt. Adarsh Sen. Sec. School Bukan Khan wala (Capacity 500 Ltrs)","27-Aug-2024","232532","03-Sep-2024"
"1033","Normal/Others","WS/MP18153/2024-2025/137289-Installing community drinking water plants","Punjab","FEROZEPUR(DEPUTY COMMISSIONER FIROZEPUR_IDA)","SHER SINGH GHUBAYA","FIROZPUR","Installation of RO System At Govt. Primary School Ferozeshah (Capacity 500 Ltrs)","27-Aug-2024","232297","03-Sep-2024"
"1034","Normal/Others","WS/MP18153/2024-2025/137290-Installing community drinking water plants","Punjab","FEROZEPUR(DEPUTY COMMISSIONER FIROZEPUR_IDA)","SHER SINGH GHUBAYA","FIROZPUR","Installation of RO System At Govt. Primary School Jamitpur Dheru(Capacity 500 Ltrs)","27-Aug-2024","232650","03-Sep-2024"
"1035","Normal/Others","WS/MP18153/2024-2025/137291-Installing community drinking water plants","Punjab","FEROZEPUR(DEPUTY COMMISSIONER FIROZEPUR_IDA)","SHER SINGH GHUBAYA","FIROZPUR","Installation of RO System At Govt. Middal School Jamitpur Dheru (Capacity 500 Ltrs)","27-Aug-2024","231240","03-Sep-2024"
"1036","Normal/Others","WS/MP18153/2024-2025/137292-Installing community drinking water plants","Punjab","FEROZEPUR(DEPUTY COMMISSIONER FIROZEPUR_IDA)","SHER SINGH GHUBAYA","FIROZPUR","Installation of RO System At Govt. High School Wahge wala (Capacity 500 Ltrs)","27-Aug-2024","232650","03-Sep-2024"
"1037","Normal/Others","WS/MP18153/2024-2025/137293-Installing community drinking water plants","Punjab","FEROZEPUR(DEPUTY COMMISSIONER FIROZEPUR_IDA)","SHER SINGH GHUBAYA","FIROZPUR","Installation of RO System At Govt. Primary School Basti Ram Lal   (Maste Ke)(Capacity 500 Ltrs)","27-Aug-2024","231827","03-Sep-2024"
"1038","Normal/Others","WS/MP582/2024-2025/137295-Construction of footpaths and pedestrian ways","Gujarat","SURAT(DISTRICT COLLECTOR SURAT_IDA)","Prabhubhai Nagarbhai Vasava","BARDOLI(ST)","Paver block work near Swaminarayan Temple at Vankaner Village, Taluka Bardoli, District Surat","27-Aug-2024","294287","04-Oct-2024"
"1039","Normal/Others","WS/MP582/2024-2025/137299-Crematoriums/energy efficient crematoriums or structures on burial/cremation ground","Gujarat","SURAT(DISTRICT COLLECTOR SURAT_IDA)","Prabhubhai Nagarbhai Vasava","BARDOLI(ST)","Crematorium Compound Wall Work at Tadkeshwar Village , Taluka Mandvi, District Surat","27-Aug-2024","497016","07-Dec-2024"
"1040","Normal/Others","WS/MP582/2024-2025/137303-Lighting of public spaces","Gujarat","SURAT(DISTRICT COLLECTOR SURAT_IDA)","Prabhubhai Nagarbhai Vasava","BARDOLI(ST)","the following facility work regarding placing electricity pole near the field in front of the P.S., fixing till commissioning 11.00 M.T.R.G.I. Tuber Light Poles with 150 Volt 6 Flooded LEDs Lights Attachment and Leader with 1 Year Maintenance Work Nos.1, at Naren village Near Primary school Ground, Taluka Mandvi, District Surat","27-Aug-2024","191910","07-Dec-2024"
"1041","Normal/Others","WS/MP582/2024-2025/137308-Street lights","Gujarat","SURAT(DISTRICT COLLECTOR SURAT_IDA)","Prabhubhai Nagarbhai Vasava","BARDOLI(ST)","Street light work in Vasava Faliya at Choryasi Village, Taluka Kamrej, District Surat","27-Aug-2024","191700","21-Oct-2024"
"1042","Normal/Others","WS/MP18211/2024-2025/137310-Construction of roads, link roads, pathways or any other road with or without drainage system","Uttar Pradesh","Kushinagar(DISTRICT MAGISTRATE KUSHINAGAR PADRAUNA_IDA)","SHASHANK MANI","DEORIA","Gram Sabha - Bardha Pandey, Vikas Khand - Tamkuhi Raj me Bhuteli Prasad ke ghar se Laxman Gupta ke ghar tak CC road ka nirmaan. Lagbhag - 100 meter","11-Sep-2024","835558","06-Nov-2024"
"1043","Normal/Others","WS/MP18211/2024-2025/137311-Construction of roads, link roads, pathways or any other road with or without drainage system","Uttar Pradesh","Kushinagar(DISTRICT MAGISTRATE KUSHINAGAR PADRAUNA_IDA)","SHASHANK MANI","DEORIA","Gram Sabha - Noniya Patti, Vikas Khand - Fazil Nagar me Junior high School se mandir tak CC road ka nirmaan. lagbhag - 117 meter","11-Sep-2024","972556","06-Nov-2024"
"1044","Normal/Others","WS/MP18211/2024-2025/137312-Construction of roads, link roads, pathways or any other road with or without drainage system","Uttar Pradesh","Kushinagar(DISTRICT MAGISTRATE KUSHINAGAR PADRAUNA_IDA)","SHASHANK MANI","DEORIA","Gram Sabha - Rampur Raja, Vikas Khand - Tamkuhi me Shyam Sunder ke khet se Ramashis ke khet tak CC road ka nirmaan. Lagbhag - 119 meter","11-Sep-2024","992380","06-Nov-2024"
"1045","Normal/Others","WS/MP582/2024-2025/137316-Purchase of mobile water tankers","Gujarat","SURAT(DISTRICT COLLECTOR SURAT_IDA)","Prabhubhai Nagarbhai Vasava","BARDOLI(ST)","Drinking Water Tanker Work for Community Purposes to Navipardi Gram Panchayat, Taluka Kamrej, District Surat","27-Aug-2024","259070","03-Dec-2024"
"1046","Normal/Others","WS/MP582/2024-2025/137318-Purchase of mobile water tankers","Gujarat","SURAT(DISTRICT COLLECTOR SURAT_IDA)","Prabhubhai Nagarbhai Vasava","BARDOLI(ST)","Drinking Water Tanker Work for Community Purposes to Sevni Gram Panchayat, Taluka Kamrej, District Surat","27-Aug-2024","259070","03-Dec-2024"
"1047","Normal/Others","WS/MP18211/2024-2025/137321-Construction of roads, link roads, pathways or any other road with or without drainage system","Uttar Pradesh","Kushinagar(DISTRICT MAGISTRATE KUSHINAGAR PADRAUNA_IDA)","SHASHANK MANI","DEORIA","Gram Sabha - Tulsi Patti, Vikas Khand- Sewrahi me pitch road se Amarjeet prasad ke ghar tak CC road ka nirmaan. Lagbhag - 150 meter","11-Sep-2024","1177050","06-Nov-2024"
"1048","Normal/Others","WS/MP18211/2024-2025/137322-Construction of roads, link roads, pathways or any other road with or without drainage system","Uttar Pradesh","Kushinagar(DISTRICT MAGISTRATE KUSHINAGAR PADRAUNA_IDA)","SHASHANK MANI","DEORIA","Gram Sabha - Bariyarpur, Vikas Khand - Sewrahi me Gaurishankar Mishr ke khet se Suryadev Prasad ke khet tak CC road ka nirmaan. Lagbhag-152 meter","11-Sep-2024","1176814","06-Nov-2024"
"1049","Normal/Others","WS/MP18211/2024-2025/137323-Construction of roads, link roads, pathways or any other road with or without drainage system","Uttar Pradesh","Kushinagar(DISTRICT MAGISTRATE KUSHINAGAR PADRAUNA_IDA)","SHASHANK MANI","DEORIA","Gram sabha - Darogadih, Vikas Khand - Dudehi me Durgasthan se Ashok Patel ke ghar tak CC road ka nirmaan. lagbhag-130 meter","11-Sep-2024","1176932","06-Nov-2024"
"1050","Normal/Others","WS/MP18211/2024-2025/137324-Construction of roads, link roads, pathways or any other road with or without drainage system","Uttar Pradesh","Kushinagar(DISTRICT MAGISTRATE KUSHINAGAR PADRAUNA_IDA)","SHASHANK MANI","DEORIA","Gram Sabha- Bichpatwa, Vikas khand- Dudehi me Suresh Tiwari ke ghar se Jawahir ke ghar tak CC road ka nirmaan. lagbhag - 100 meter","11-Sep-2024","1174218","06-Nov-2024"
"1051","Normal/Others","WS/MP18211/2024-2025/137325-Construction of roads, link roads, pathways or any other road with or without drainage system","Uttar Pradesh","Kushinagar(DISTRICT MAGISTRATE KUSHINAGAR PADRAUNA_IDA)","SHASHANK MANI","DEORIA","Gram - Barwapatti, Vikas khand - Dudehi me main pitch road se Virendra Tiwari ke ghar tak CC road ka nirmaan. lagbhag - 148 meter","11-Sep-2024","1167140","06-Nov-2024"
"1052","Normal/Others","WS/MP582/2024-2025/137326-Lighting of public spaces","Gujarat","SURAT(DISTRICT COLLECTOR SURAT_IDA)","Prabhubhai Nagarbhai Vasava","BARDOLI(ST)","the following facility work regarding placing electricity pole near the field in front of the P.S., fixing till commissioning 11.00 M.T.R.G.I. Tuber Light Poles with 150 Volt 6 Flooded LEDs Lights Attachment and Leader with 1 Year Maintenance Work Nos.1, at Vav village Near temple Taluka Kamrej, District Surat","27-Aug-2024","191980","21-Oct-2024"
"1053","Normal/Others","WS/MP582/2024-2025/137329-Lighting of public spaces","Gujarat","SURAT(DISTRICT COLLECTOR SURAT_IDA)","Prabhubhai Nagarbhai Vasava","BARDOLI(ST)","The following facility work regarding placing electricity pole near the field in front of the P.S., fixing till commissioning 11.00 M.T.R.G.I. Tuber Light Poles with 150 Volt 6 Flooded LEDs Lights Attachment and Leader with 1 Year Maintenance Work Nos.1, at karajn village Near Dudh mandli Taluka Kamrej, District Surat","27-Aug-2024","191980","21-Oct-2024"
"1054","Normal/Others","WS/MP582/2024-2025/137330-Lighting of public spaces","Gujarat","SURAT(DISTRICT COLLECTOR SURAT_IDA)","Prabhubhai Nagarbhai Vasava","BARDOLI(ST)","The following facility work regarding placing electricity pole near the field in front of the P.S., fixing till commissioning 11.00 M.T.R.G.I. Tuber Light Poles with 150 Volt 6 Flooded LEDs Lights Attachment and Leader with 1 Year Maintenance Work Nos.1, at Navi pardi village Near primary school Taluka Kamrej, District Surat","27-Aug-2024","191980","21-Oct-2024"
"1055","Normal/Others","WS/MP582/2024-2025/137331-Lighting of public spaces","Gujarat","SURAT(DISTRICT COLLECTOR SURAT_IDA)","Prabhubhai Nagarbhai Vasava","BARDOLI(ST)","The following facility work regarding placing electricity pole near the field in front of the P.S., fixing till commissioning 11.00 M.T.R.G.I. Tuber Light Poles with 150 Volt 6 Flooded LEDs Lights Attachment and Leader with 1 Year Maintenance Work Nos.1, at Vihan village Near BOB Bank Taluka Kamrej, District Surat","27-Aug-2024","191980","21-Oct-2024"
"1056","Normal/Others","WS/MP582/2024-2025/137332-Lighting of public spaces","Gujarat","SURAT(DISTRICT COLLECTOR SURAT_IDA)","Prabhubhai Nagarbhai Vasava","BARDOLI(ST)","The following facility work regarding placing electricity pole near the field in front of the P.S., fixing till commissioning 11.00 M.T.R.G.I. Tuber Light Poles with 150 Volt 6 Flooded LEDs Lights Attachment and Leader with 1 Year Maintenance Work Nos.1, at Navi pardi village Near primary health center Taluka Kamrej, District Surat","27-Aug-2024","191980","08-Nov-2024"
"1057","Normal/Others","WS/MP582/2024-2025/137333-Lighting of public spaces","Gujarat","SURAT(DISTRICT COLLECTOR SURAT_IDA)","Prabhubhai Nagarbhai Vasava","BARDOLI(ST)","The following facility work regarding placing electricity pole near the field in front of the P.S., fixing till commissioning 11.00 M.T.R.G.I. Tuber Light Poles with 150 Volt 6 Flooded LEDs Lights Attachment and Leader with 1 Year Maintenance Work Nos.1, at Jhankhvav village Near Hanumanji Mandir Taluka Mangrol, District Surat","27-Aug-2024","191980","06-Nov-2024"
"1058","Normal/Others","WS/MP582/2024-2025/137338-Lighting of public spaces","Gujarat","SURAT(DISTRICT COLLECTOR SURAT_IDA)","Prabhubhai Nagarbhai Vasava","BARDOLI(ST)","The following facility work regarding placing electricity pole near the field in front of the P.S., fixing till commissioning 11.00 M.T.R.G.I. Tuber Light Poles with 150 Volt 6 Flooded LEDs Lights Attachment and Leader with 1 Year Maintenance Work Nos.1, at Mandvi nagar Near crematorium  Taluka Mandvi, District Surat","27-Aug-2024","192000","10-Dec-2024"
"1059","Normal/Others","WS/MP582/2024-2025/137339-Lighting of public spaces","Gujarat","SURAT(DISTRICT COLLECTOR SURAT_IDA)","Prabhubhai Nagarbhai Vasava","BARDOLI(ST)","The following facility work regarding placing electricity pole near the field in front of the P.S., fixing till commissioning 11.00 M.T.R.G.I. Tuber Light Poles with 150 Volt 6 Flooded LEDs Lights Attachment and Leader with 1 Year Maintenance Work Nos.1, at Mandvi Nagar Nava faliya Near Jay Rathod House Taluka Mandvi, District Surat","27-Aug-2024","192000","10-Dec-2024"
"1060","Normal/Others","WS/MP582/2025-2026/137346-Lighting of public spaces","Gujarat","TAPI(District collector Tapi_IDA)","Prabhubhai Nagarbhai Vasava","BARDOLI(ST)","The following facility work regarding placing electricity pole near the field in front of the P.S., fixing till commissioning 11.00 M.T.R.G.I. Tuber Light Poles with 150 Volt 6 Flooded LEDs Lights Attachment and Leader with 1 Year Maintenance Work Nos.1, at  Kelkui village near Swaminarayn temple Taluka Vyara, District Tapi","27-Aug-2024","146500","28-May-2025"
"1061","Normal/Others","WS/MP582/2024-2025/137348-Construction of footpaths and pedestrian ways","Gujarat","SURAT(DISTRICT COLLECTOR SURAT_IDA)","Prabhubhai Nagarbhai Vasava","BARDOLI(ST)","Paver block work in Bhavani Mata Mandir Faliya at Tarsadabar Village, Taluka Mandvi, District Surat","27-Aug-2024","400000","07-Dec-2024"
"1062","Normal/Others","WS/MP823/2024-2025/137367-Construction of bus-sheds or bus-stops","West Bengal","NADIA(DISTRICT MAGISTRATE NADIA_IDA)","Ms Mahua Moitra","KRISHNANAGAR","Construction of Chapra Bus Stand at Karimpur Krishnagar Road under Chapra GP, Chapra Block , Nadia.","05-Sep-2024","8800000","11-Dec-2024"
"1063","Normal/Others","WS/MP858/2025-2026/137402-Street lights","West Bengal","PURBA BARDHAMAN(DISTRICT MAGISTRATE PURBA BARDHAMAN_IDA)","Asit Kumar Mal","BOLPUR(SC)","Instalation 2(TWO)NO of high mast light at BONNABOGRAM BUS STAND AND Nowda Bagdi para tey matha. Excuting Agency WILL BE ,M.D. WEST BENGAL AGRO INDUSTRIES CORPORATION LTD, 23- B ,N.S. ROAD, KOLKATA -1","28-Aug-2024","559912","19-Nov-2025"
"1064","Normal/Others","WS/MP858/2025-2026/137433-Street lights","West Bengal","PURBA BARDHAMAN(DISTRICT MAGISTRATE PURBA BARDHAMAN_IDA)","Asit Kumar Mal","BOLPUR(SC)","INSTALATION of Total70(seventy) no street light at DIGNAGAR 20 no,UKTA 24 NO,AND BERENDA 26 NO OF STREET LIGHT.And Executing Agency will be M.D. WEST BENGAL AGRO INDUSTRIES CORPORATION LTD,23-B,  N.S. ROAD, KOLKATA -1","28-Aug-2024","2651990","30-Jan-2026"
"1065","Normal/Others","WS/MP18173/2024-2025/137444-Construction of bus-sheds or bus-stops","Tamil Nadu","TIRUVANNAMALAI(DISTRICT COLLECTOR TIRUVANNAMALAI_IDA)","THARANIVENTHAN M S","ARANI","Construction of Bus Shelter at Eramalur Panchayat","05-Sep-2024","999500","21-Oct-2024"
"1066","Normal/Others","WS/MP18173/2024-2025/137445-Construction of roads, link roads, pathways or any other road with or without drainage system","Tamil Nadu","TIRUVANNAMALAI(DISTRICT COLLECTOR TIRUVANNAMALAI_IDA)","THARANIVENTHAN M S","ARANI","Providing Cement Concrete Pavement near Chettiyar Street in Eramalur Panchayat","05-Sep-2024","199980","21-Oct-2024"
"1067","Normal/Others","WS/MP18173/2024-2025/137446-Construction of roads, link roads, pathways or any other road with or without drainage system","Tamil Nadu","TIRUVANNAMALAI(DISTRICT COLLECTOR TIRUVANNAMALAI_IDA)","THARANIVENTHAN M S","ARANI","Providing Cement Concrete Pavement near Velalar Street in Kilkodungalore Panchayat","05-Sep-2024","499950","21-Oct-2024"
"1068","Normal/Others","WS/MP18173/2024-2025/137447-Construction of roads, link roads, pathways or any other road with or without drainage system","Tamil Nadu","TIRUVANNAMALAI(DISTRICT COLLECTOR TIRUVANNAMALAI_IDA)","THARANIVENTHAN M S","ARANI","Providing Cement Concrete Pavement near Vadavandai Street in Ariyathur Panchayat","05-Sep-2024","499950","21-Oct-2024"
"1069","Normal/Others","WS/MP18173/2024-2025/137448-Construction of boundary walls of existing public and community buildings","Tamil Nadu","TIRUVANNAMALAI(DISTRICT COLLECTOR TIRUVANNAMALAI_IDA)","THARANIVENTHAN M S","ARANI","Compound wall at PUE School in Karanai Panchayat","05-Sep-2024","499950","21-Oct-2024"
"1070","Normal/Others","WS/MP18173/2024-2025/137449-Construction of roads, link roads, pathways or any other road with or without drainage system","Tamil Nadu","TIRUVANNAMALAI(DISTRICT COLLECTOR TIRUVANNAMALAI_IDA)","THARANIVENTHAN M S","ARANI","Providing Cement Concrete Pavement Opposite Mariyamman Koil in Karam Panchayat","05-Sep-2024","299970","21-Oct-2024"
"1071","Normal/Others","WS/MP18173/2024-2025/137450-Providing drains and gutters for public drainage","Tamil Nadu","TIRUVANNAMALAI(DISTRICT COLLECTOR TIRUVANNAMALAI_IDA)","THARANIVENTHAN M S","ARANI","Construction of Side Drainage at Savadi Street in Thennagoor Panchayat","05-Sep-2024","299970","21-Oct-2024"
"1072","Normal/Others","WS/MP18173/2024-2025/137451-Construction of roads, link roads, pathways or any other road with or without drainage system","Tamil Nadu","TIRUVANNAMALAI(DISTRICT COLLECTOR TIRUVANNAMALAI_IDA)","THARANIVENTHAN M S","ARANI","Providing Cement Concrete Pavement Mariyamman Koil East Street in Sembur Panchayat","05-Sep-2024","299970","21-Oct-2024"
"1073","Normal/Others","WS/MP18173/2024-2025/137452-Construction of roads, link roads, pathways or any other road with or without drainage system","Tamil Nadu","TIRUVANNAMALAI(DISTRICT COLLECTOR TIRUVANNAMALAI_IDA)","THARANIVENTHAN M S","ARANI","Providing Cement Concrete Pavement near Ponniyamman Koil in Chitharukavur Panchayat","05-Sep-2024","199940","27-Dec-2024"
"1074","Normal/Others","WS/MP18173/2024-2025/137453-Construction of culverts and bridges","Tamil Nadu","TIRUVANNAMALAI(DISTRICT COLLECTOR TIRUVANNAMALAI_IDA)","THARANIVENTHAN M S","ARANI","Construction of RCC Slab Culvet @ Asthinapuram Junction","05-Sep-2024","299940","27-Dec-2024"
"1075","Normal/Others","WS/MP18173/2024-2025/137454-Construction of roads, link roads, pathways or any other road with or without drainage system","Tamil Nadu","TIRUVANNAMALAI(DISTRICT COLLECTOR TIRUVANNAMALAI_IDA)","THARANIVENTHAN M S","ARANI","Providing Cement Concrete Pavement at Bajanai Koil in S. Katteri Panchayat","05-Sep-2024","499850","27-Dec-2024"
"1076","Normal/Others","WS/MP18173/2024-2025/137458-Construction of community centers and community halls","Tamil Nadu","TIRUVANNAMALAI(DISTRICT COLLECTOR TIRUVANNAMALAI_IDA)","THARANIVENTHAN M S","ARANI","Construction Threshing Floor at Kothandaram Panchayat","05-Sep-2024","500000","27-Dec-2024"
"1077","Normal/Others","WS/MP18173/2024-2025/137460-Purchase of hospital equipment","Tamil Nadu","TIRUVANNAMALAI(DISTRICT COLLECTOR TIRUVANNAMALAI_IDA)","THARANIVENTHAN M S","ARANI","Providing Radiant Warmer at Primary Health Centre (PHC) in Nallur","05-Sep-2024","61488","14-Feb-2025"
"1078","Normal/Others","WS/MP18173/2024-2025/137461-Purchase of hospital equipment","Tamil Nadu","TIRUVANNAMALAI(DISTRICT COLLECTOR TIRUVANNAMALAI_IDA)","THARANIVENTHAN M S","ARANI","Providing Radiant Warmer at Primary Health Centre (PHC) in Desur","05-Sep-2024","61488","14-Feb-2025"
"1079","Normal/Others","WS/MP18173/2024-2025/137467-Construction of community centers and community halls","Tamil Nadu","TIRUVANNAMALAI(DISTRICT COLLECTOR TIRUVANNAMALAI_IDA)","THARANIVENTHAN M S","ARANI","Construction Threshing Floor at ADC Arasur Panchayat","05-Sep-2024","499900","21-Oct-2024"
"1080","Normal/Others","WS/MP508/2024-2025/137468-Street lights","Tamil Nadu","Tirupathur(District Collector Tirupathur_IDA)","CN Annadurai","TIRUVANNAMALAI","Providing LED Street Light arrangements in pakkirithaka at Katteri panchayat km 0/0-0/300","28-Aug-2024","1000000","12-Mar-2025"
"1081","Normal/Others","WS/MP508/2024-2025/137469-Street lights","Tamil Nadu","Tirupathur(District Collector Tirupathur_IDA)","CN Annadurai","TIRUVANNAMALAI","Providing LED Street Light arrangements in pakkirithaka at Katteri panchayat km 0/301-0/600","28-Aug-2024","1000000","12-Mar-2025"
"1082","Normal/Others","WS/MP508/2024-2025/137470-Street lights","Tamil Nadu","Tirupathur(District Collector Tirupathur_IDA)","CN Annadurai","TIRUVANNAMALAI","Providing LED Street Light arrangements in Koratti at Kandali Block km 0/0-0/300","28-Aug-2024","1000000","12-Mar-2025"
"1083","Normal/Others","WS/MP508/2024-2025/137471-Street lights","Tamil Nadu","Tirupathur(District Collector Tirupathur_IDA)","CN Annadurai","TIRUVANNAMALAI","Providing LED Street Light arrangements in Koratti at Kandali Block km 0/301-0/600","28-Aug-2024","1000000","12-Mar-2025"
"1084","Normal/Others","WS/MP508/2024-2025/137472-Street lights","Tamil Nadu","Tirupathur(District Collector Tirupathur_IDA)","CN Annadurai","TIRUVANNAMALAI","Providing LED Street Light arrangements in Thoranampathi at Kandali Block km 0/0 - 0/300","28-Aug-2024","1000000","12-Mar-2025"
"1085","Normal/Others","WS/MP508/2024-2025/137473-Street lights","Tamil Nadu","Tirupathur(District Collector Tirupathur_IDA)","CN Annadurai","TIRUVANNAMALAI","Providing LED Street Light arrangements in Thoranampathi at Kandali Block km 0/301 - 0/600","28-Aug-2024","1000000","12-Mar-2025"
"1086","Normal/Others","WS/MP18173/2025-2026/137474-Construction of roads, link roads, pathways or any other road with or without drainage system","Tamil Nadu","TIRUVANNAMALAI(DISTRICT COLLECTOR TIRUVANNAMALAI_IDA)","THARANIVENTHAN M S","ARANI","Providing Cement Concrete Pavement Mariyamman Koil Street in Kattamangalam Panchayat","05-Sep-2024","499302","26-Apr-2025"
"1087","Normal/Others","WS/MP465/2024-2025/137488-Construction of roads, link roads, pathways or any other road with or without drainage system","Uttar Pradesh","UNNAO(DISTRICT MAGIISTRATE UNNAO_IDA)","Swami Sachchidanandhari Sakshi ji Maharaj","UNNAO","????? ??? ????????? ??? ??? ????? ?????? ???? ????? ?? ???? ????????? ??? ???? ??? ?? ???????? ?? ?? ?? ?????????? ?????","28-Aug-2024","1097375","21-Nov-2024"
"1088","Normal/Others","WS/MP465/2024-2025/137489-Construction of roads, link roads, pathways or any other road with or without drainage system","Uttar Pradesh","UNNAO(DISTRICT MAGIISTRATE UNNAO_IDA)","Swami Sachchidanandhari Sakshi ji Maharaj","UNNAO","????? ??? ????????? ?????? ??? ????? ?????? ??????? ???? ??? ????? ???? ?? ???????? ????? ?? ?????????? ?????","28-Aug-2024","2145797","21-Nov-2024"
"1089","Normal/Others","WS/MP465/2024-2025/137490-Construction of roads, link roads, pathways or any other road with or without drainage system","Uttar Pradesh","UNNAO(DISTRICT MAGIISTRATE UNNAO_IDA)","Swami Sachchidanandhari Sakshi ji Maharaj","UNNAO","????? ??? ????????? ??? ????? ???? ????? ????? ????? ?? ????????? ???? ?? ?????????? ?????","28-Aug-2024","1169654","21-Nov-2024"
"1090","Normal/Others","WS/MP465/2024-2025/137491-Construction of roads, link roads, pathways or any other road with or without drainage system","Uttar Pradesh","UNNAO(DISTRICT MAGIISTRATE UNNAO_IDA)","Swami Sachchidanandhari Sakshi ji Maharaj","UNNAO","????? ??? ??????? ?? ????? ?????? ?????? ??? ??? ???? ?? ????????? ?? ?? ?? ?????????? ?????","28-Aug-2024","1302091","21-Nov-2024"
"1091","Normal/Others","WS/MP465/2024-2025/137492-Construction of roads, link roads, pathways or any other road with or without drainage system","Uttar Pradesh","UNNAO(DISTRICT MAGIISTRATE UNNAO_IDA)","Swami Sachchidanandhari Sakshi ji Maharaj","UNNAO","??????? ??????? ??? ?? ????? ???? 8 ??? ????? ??????? ?? ?? ?? ???? ?? ?? ?? ?????????? ?????","28-Aug-2024","334804","21-Nov-2024"
"1092","Normal/Others","WS/MP465/2024-2025/137493-Construction of roads, link roads, pathways or any other road with or without drainage system","Uttar Pradesh","UNNAO(DISTRICT MAGIISTRATE UNNAO_IDA)","Swami Sachchidanandhari Sakshi ji Maharaj","UNNAO","??? ?? ??????? ?????? ??? ??? ???? ?????? ?? ?? ?? ???? ?? ?? ?? ???? ?????????? ?? ?? ?? ?????????? ?????","28-Aug-2024","1066257","05-Dec-2024"
"1093","Normal/Others","WS/MP465/2024-2025/137494-Construction of roads, link roads, pathways or any other road with or without drainage system","Uttar Pradesh","UNNAO(DISTRICT MAGIISTRATE UNNAO_IDA)","Swami Sachchidanandhari Sakshi ji Maharaj","UNNAO","?????? ??? ?? ?????? ??? ??? ????? ???? 8 ???? ???? ?? ?? ?? ??????? ?? ?? ?? ?????????? ?????","28-Aug-2024","294822","21-Nov-2024"
"1094","Normal/Others","WS/MP465/2024-2025/137495-Construction of roads, link roads, pathways or any other road with or without drainage system","Uttar Pradesh","UNNAO(DISTRICT MAGIISTRATE UNNAO_IDA)","Swami Sachchidanandhari Sakshi ji Maharaj","UNNAO","????? ??? ?????? ?? ????? ?????? ???????? ????? ?? ???? ????? ????? ??? ????? ???? ?? ?????? ?? ???? ???? ?? ?? ?? ?????????? ?????","28-Aug-2024","517653","21-Nov-2024"
"1095","Normal/Others","WS/MP465/2024-2025/137496-Construction of roads, link roads, pathways or any other road with or without drainage system","Uttar Pradesh","UNNAO(DISTRICT MAGIISTRATE UNNAO_IDA)","Swami Sachchidanandhari Sakshi ji Maharaj","UNNAO","?????? ??? ?? ??????? ?????????? ??? ????????? ???? ?? ??? ??? ???? ? ?????????? ?????","28-Aug-2024","848185","21-Nov-2024"
"1096","Normal/Others","WS/MP18019/2024-2025/137519-Street lights","Assam","KARBI ANGLONG(DEPUTY COMMISSIONER KARBI ANGLONG_IDA)","AMARSING TISSO","Diphu (ST)","Installation of Solar Light under Singhason MAC Constituency","29-Aug-2024","5000000","13-Nov-2024"
"1097","Normal/Others","WS/MP18019/2024-2025/137520-Construction of community centers and community halls","Assam","KARBI ANGLONG(DEPUTY COMMISSIONER KARBI ANGLONG_IDA)","AMARSING TISSO","Diphu (ST)","Construction of Auditorium Hall cum Guest House at Phonglangso Lumding Road, near Arboretum (total @ Rs. 1.26 cr) 1st Installment Rs. 30.00 L","29-Aug-2024","3000000","21-Dec-2024"
"1098","Normal/Others","WS/MP517/2024-2025/137539-Lighting of public spaces","Uttar Pradesh","AGRA(DISTRICT MAGISTRAE AGRA_IDA)","Rajkumar Chahar","FATEHPUR SIKRI","dhimsri near bhanu sharma house, In chachipura khander near shanti devi house, Pitawali pokhar station curve,Bhilpura near ramnivas jaudan house,In teeketpura near naresh dhakare house,barana near girraj verma house,pinnapura Ai near Santosh Shastri house Behadi near sachivalay,chatariya pura ravindra baghel house repura yogendra sikarwar house,purani tahsil fatehabad near babita chauhan house,mohammadpur me near narendra pal singh house old no 7896 srno 22,25,26,28,29,30,31,32,34,36,37,38","28-Aug-2024","2740998","30-Sep-2024"
"1099","Normal/Others","WS/MP517/2024-2025/137540-Lighting of public spaces","Uttar Pradesh","AGRA(DISTRICT MAGISTRAE AGRA_IDA)","Rajkumar Chahar","FATEHPUR SIKRI","Fatehabad me gram suraj malikpura me potiram ki thar, nagar chand bich chauraha, pokhariya neecha khera near banti house, swara me main choraha, harkapura near munnalala house, sutahara near ajendra house,  jamuna gali lotan singh house, rampur harsukh pipal chauraha, ratan devi school yogesh chauhan house, teketpura khender near shyambir chauhan, ahirpura near school, garhi jahan near ajmer singh, lalpura mauja baghel basti, fatehabad near kailas oldsrno 1,2,3,4,6,12,13,14,15,16,17,18,20,21","28-Aug-2024","3489567","30-Sep-2024"
"1100","Normal/Others","WS/MP517/2024-2025/137541-Lighting of public spaces","Uttar Pradesh","AGRA(DISTRICT MAGISTRAE AGRA_IDA)","Rajkumar Chahar","FATEHPUR SIKRI","1. Nayabas shamshan ghat 2- Panchayat Ghar Nagala Shadi 3- Amadpur Near Munnalal House 4 Nayabans Near Tukman Singh House 5 Badovara Khurd near Shiv Kumar House 6- In Sudrai Near Srinivas House 7- In Dauki Near Rajkumar Pundir 8- Dauki Near Dixit Meraj home 9- Gadhi Jahan Singh on Chauraha As Old Recomandation no 7896 Sr no is 5,7,8,9,10,11,19,23,24","28-Aug-2024","2242634","30-Sep-2024"
"1101","Normal/Others","WS/MP517/2024-2025/137542-Lighting of public spaces","Uttar Pradesh","AGRA(DISTRICT MAGISTRAE AGRA_IDA)","Rajkumar Chahar","FATEHPUR SIKRI","1- In Village Toola Near Hemu Sharma House 2- Garhi Thakur Das Near Ramu Dhakare House 3 Nagala Patam Near Yogesh House 4- Kaulari Near Daya Shankar House 5- In Tondara Near Nagendra House 6- In Chitora Near Vijay Pal Pradhan House 7- Dharmpal Gadhi Near Surendra House As Old Recomandation no 7896 Sr no is 27,33,35,39,40,41,42","28-Aug-2024","1744271","30-Sep-2024"
"1102","Normal/Others","WS/MP468/2024-2025/137550-Construction of rooms and halls in school and colleges","Uttar Pradesh","JHANSI(DISTRICT MAGISTRAE JHANSI_IDA)","Anurag Sharma","JHANSI","Construction of Laboratory room at Smt. Bhagwati Devi Thapak Inter College Sakrar Block Bangra.","28-Aug-2024","498365","28-Oct-2024"
"1103","Normal/Others","WS/MP423/2024-2025/137554-Construction of roads, link roads, pathways or any other road with or without drainage system","West Bengal","South 24 Parganas(DISTRICT MAGISTRATE SOUTH TWENTY FOUR PARGANAS_IDA)","Shri Abhishek Banerjee","DIAMOND HARBOUR","Construction of CC Road from H/O Nasir Molla to Land of Ismail Molla at Joktabla. (54.19 mtr.)","28-Aug-2024","299995","05-Dec-2024"
"1104","Normal/Others","WS/MP423/2024-2025/137555-Construction of roads, link roads, pathways or any other road with or without drainage system","West Bengal","South 24 Parganas(DISTRICT MAGISTRATE SOUTH TWENTY FOUR PARGANAS_IDA)","Shri Abhishek Banerjee","DIAMOND HARBOUR","Construction of CC Road at Lokhipur from H/O Mostakin Laskar to H/O Asmaul Laskar via H/O Ansar Laskar & Faruq Gazi. (161.57 mtr.)","28-Aug-2024","299997","21-Nov-2024"
"1105","Normal/Others","WS/MP423/2024-2025/137556-Construction of roads, link roads, pathways or any other road with or without drainage system","West Bengal","South 24 Parganas(DISTRICT MAGISTRATE SOUTH TWENTY FOUR PARGANAS_IDA)","Shri Abhishek Banerjee","DIAMOND HARBOUR","Construction of CC Road from H/O Budhyadeb Halder to Land of Ashok Halder. (138.87 mtr)","28-Aug-2024","282667","28-Feb-2025"
"1106","Normal/Others","WS/MP423/2024-2025/137557-Construction of roads, link roads, pathways or any other road with or without drainage system","West Bengal","South 24 Parganas(DISTRICT MAGISTRATE SOUTH TWENTY FOUR PARGANAS_IDA)","Shri Abhishek Banerjee","DIAMOND HARBOUR","Construction of Road with Pilling At Parulia from H/O Debabrata Mondal to Stadium Ground ICDS School Via Parulia F.P. School. (116.68 mtr.)","28-Aug-2024","299833","21-Nov-2024"
"1107","Normal/Others","WS/MP423/2024-2025/137558-Construction of roads, link roads, pathways or any other road with or without drainage system","West Bengal","South 24 Parganas(DISTRICT MAGISTRATE SOUTH TWENTY FOUR PARGANAS_IDA)","Shri Abhishek Banerjee","DIAMOND HARBOUR","Construction of CC Road from H/O Arati Mondal to Subhojit Purukait. (161.57 mtr.)","28-Aug-2024","299987","05-Dec-2024"
"1108","Normal/Others","WS/MP423/2024-2025/137559-Construction of roads, link roads, pathways or any other road with or without drainage system","West Bengal","South 24 Parganas(DISTRICT MAGISTRATE SOUTH TWENTY FOUR PARGANAS_IDA)","Shri Abhishek Banerjee","DIAMOND HARBOUR","Construction of CC Road with Brick Soling from H/O Yudhistir to H/O Amar Singh at Raghunath Nagar. (73.48 mtr.)","28-Aug-2024","294024","05-Dec-2024"
"1109","Normal/Others","WS/MP423/2024-2025/137560-Construction of roads, link roads, pathways or any other road with or without drainage system","West Bengal","South 24 Parganas(DISTRICT MAGISTRATE SOUTH TWENTY FOUR PARGANAS_IDA)","Shri Abhishek Banerjee","DIAMOND HARBOUR","Construction of CC Road from Uttar Kuleswar Ration Shop to H/O Sahid Ali Mir. (136.06 mtr.)","28-Aug-2024","348218","05-Dec-2024"
"1110","Normal/Others","WS/MP423/2024-2025/137561-Construction of roads, link roads, pathways or any other road with or without drainage system","West Bengal","South 24 Parganas(DISTRICT MAGISTRATE SOUTH TWENTY FOUR PARGANAS_IDA)","Shri Abhishek Banerjee","DIAMOND HARBOUR","Construction of CC Road with Pilling from Goragacha Giyas's Shop to Janaalom's Shop. (70 mtr.)","28-Aug-2024","342338","27-Nov-2024"
"1111","Normal/Others","WS/MP423/2024-2025/137562-Construction of roads, link roads, pathways or any other road with or without drainage system","West Bengal","South 24 Parganas(DISTRICT MAGISTRATE SOUTH TWENTY FOUR PARGANAS_IDA)","Shri Abhishek Banerjee","DIAMOND HARBOUR","Construction of CC Road from H/O Tapas Das to H/O Ajijul Sk towards Jayguru Sweet Shop. (324 mtr.)","28-Aug-2024","605424","27-Nov-2024"
"1112","Normal/Others","WS/MP423/2024-2025/137563-Construction of roads, link roads, pathways or any other road with or without drainage system","West Bengal","South 24 Parganas(DISTRICT MAGISTRATE SOUTH TWENTY FOUR PARGANAS_IDA)","Shri Abhishek Banerjee","DIAMOND HARBOUR","Construction of CC Road with Pilling from H/O Kutub Shah to H/O Mashem Laskar at Mohanpur. (115.33 mtr.)","28-Aug-2024","339238","28-Feb-2025"
"1113","Normal/Others","WS/MP423/2024-2025/137564-Construction of roads, link roads, pathways or any other road with or without drainage system","West Bengal","South 24 Parganas(DISTRICT MAGISTRATE SOUTH TWENTY FOUR PARGANAS_IDA)","Shri Abhishek Banerjee","DIAMOND HARBOUR","Construction of CC Road from H/O Monoronjon Mondal to Gogon Koyila More at Paschim Khordonalha (Booth No 63). (194 mtr.)","28-Aug-2024","448824","27-Nov-2024"
"1114","Normal/Others","WS/MP423/2024-2025/137565-Construction of roads, link roads, pathways or any other road with or without drainage system","West Bengal","South 24 Parganas(DISTRICT MAGISTRATE SOUTH TWENTY FOUR PARGANAS_IDA)","Shri Abhishek Banerjee","DIAMOND HARBOUR","Construction of CC Road from  Nainan Black top road(College More) towards Sishuram Das College. (50 mtr.)","28-Aug-2024","223844","27-Nov-2024"
"1115","Normal/Others","WS/MP423/2024-2025/137566-Construction of roads, link roads, pathways or any other road with or without drainage system","West Bengal","South 24 Parganas(DISTRICT MAGISTRATE SOUTH TWENTY FOUR PARGANAS_IDA)","Shri Abhishek Banerjee","DIAMOND HARBOUR","Construction of CC Road with Brick Soling  from H/O Gokul Das to H/O Maidul Fakir at Nabasan. (151 mtr.)","28-Aug-2024","366688","27-Nov-2024"
"1116","Normal/Others","WS/MP423/2024-2025/137567-Construction of roads, link roads, pathways or any other road with or without drainage system","West Bengal","South 24 Parganas(DISTRICT MAGISTRATE SOUTH TWENTY FOUR PARGANAS_IDA)","Shri Abhishek Banerjee","DIAMOND HARBOUR","Construction of CC Road with Gaurdwall from Uttar Laskar Para Night Rose Club to H/O Mintu Laskar. (215 mtr.)","28-Aug-2024","708547","27-Nov-2024"
"1117","Normal/Others","WS/MP423/2024-2025/137568-Providing drains and gutters for public drainage","West Bengal","South 24 Parganas(DISTRICT MAGISTRATE SOUTH TWENTY FOUR PARGANAS_IDA)","Shri Abhishek Banerjee","DIAMOND HARBOUR","Construction of drain with cover slap from H/O Hanif Sk to H/O Akbar Sk at Ramrampur within Ward No.1 (60 mtr)","28-Aug-2024","154554","24-Dec-2024"
"1118","Normal/Others","WS/MP423/2024-2025/137569-Construction of roads, link roads, pathways or any other road with or without drainage system","West Bengal","South 24 Parganas(DISTRICT MAGISTRATE SOUTH TWENTY FOUR PARGANAS_IDA)","Shri Abhishek Banerjee","DIAMOND HARBOUR","Construction of CC Road from near H/O Kabita Mondal to H/O Panchanan via H/O Pritam Halder to H/O Tapan Halder within Ward No.3 (49.80 mtr)","28-Aug-2024","144874","24-Dec-2024"
"1119","Normal/Others","WS/MP423/2024-2025/137570-Construction of roads, link roads, pathways or any other road with or without drainage system","West Bengal","South 24 Parganas(DISTRICT MAGISTRATE SOUTH TWENTY FOUR PARGANAS_IDA)","Shri Abhishek Banerjee","DIAMOND HARBOUR","Construction of CC Road at Vidyasagar Pally Natun Para from H/O Tarun Sheet to H/O Runa Dhela at Ward No.4 (40 mtr.)","28-Aug-2024","150072","24-Dec-2024"
"1120","Normal/Others","WS/MP423/2024-2025/137571-Construction of roads, link roads, pathways or any other road with or without drainage system","West Bengal","South 24 Parganas(DISTRICT MAGISTRATE SOUTH TWENTY FOUR PARGANAS_IDA)","Shri Abhishek Banerjee","DIAMOND HARBOUR","Construction of Brick Soling Road from H/O Sourav Mukherjee to H/O Shambhu Patra at Ward No.5 (50 mtr.)","28-Aug-2024","148128","24-Dec-2024"
"1121","Repair and Renovation","WS/MP423/2024-2025/137572-Construction of roads, link roads, pathways or any other road with or without drainage system","West Bengal","South 24 Parganas(DISTRICT MAGISTRATE SOUTH TWENTY FOUR PARGANAS_IDA)","Shri Abhishek Banerjee","DIAMOND HARBOUR","Repairing of CC Road from Near H/O Dulal Das to H/O Chandan Das at Ward No.7 (72 mtr.)","28-Aug-2024","146182","24-Dec-2024"
"1122","Repair and Renovation","WS/MP423/2024-2025/137573-Construction of roads, link roads, pathways or any other road with or without drainage system","West Bengal","South 24 Parganas(DISTRICT MAGISTRATE SOUTH TWENTY FOUR PARGANAS_IDA)","Shri Abhishek Banerjee","DIAMOND HARBOUR","Repairing of CC Road at Das Para from H/O Batul Mistry to H/O Tapan Rana at Ward No.8 (95 mtr.)","28-Aug-2024","147843","24-Dec-2024"
"1123","Repair and Renovation","WS/MP423/2024-2025/137574-Construction of roads, link roads, pathways or any other road with or without drainage system","West Bengal","South 24 Parganas(DISTRICT MAGISTRATE SOUTH TWENTY FOUR PARGANAS_IDA)","Shri Abhishek Banerjee","DIAMOND HARBOUR","Repair of CC Road from Bangal Para to By-Pass Road at Ward No.10 (80 mtr.)","28-Aug-2024","102092","24-Dec-2024"
"1124","Repair and Renovation","WS/MP423/2024-2025/137575-Construction of roads, link roads, pathways or any other road with or without drainage system","West Bengal","South 24 Parganas(DISTRICT MAGISTRATE SOUTH TWENTY FOUR PARGANAS_IDA)","Shri Abhishek Banerjee","DIAMOND HARBOUR","Repairing of CC Road from H/O Motiyar Rahaman Molla to H/O Bapi Manna at Railway Colony at Ward No.12 (88 mtr.)","28-Aug-2024","148437","24-Dec-2024"
"1125","Normal/Others","WS/MP423/2024-2025/137576-Construction of roads, link roads, pathways or any other road with or without drainage system","West Bengal","South 24 Parganas(DISTRICT MAGISTRATE SOUTH TWENTY FOUR PARGANAS_IDA)","Shri Abhishek Banerjee","DIAMOND HARBOUR","Construction of CC road cum pathway within Trikon Park. (71.25 mtr.)","28-Aug-2024","145816","24-Dec-2024"
"1126","Normal/Others","WS/MP423/2024-2025/137577-Construction of roads, link roads, pathways or any other road with or without drainage system","West Bengal","South 24 Parganas(DISTRICT MAGISTRATE SOUTH TWENTY FOUR PARGANAS_IDA)","Shri Abhishek Banerjee","DIAMOND HARBOUR","Construction of CC Road from near Raja Mukherjee's house to H/O Manas Das at Ward No.14 (97 mtr)","28-Aug-2024","151635","24-Dec-2024"
"1127","Normal/Others","WS/MP423/2024-2025/137578-Construction of roads, link roads, pathways or any other road with or without drainage system","West Bengal","South 24 Parganas(DISTRICT MAGISTRATE SOUTH TWENTY FOUR PARGANAS_IDA)","Shri Abhishek Banerjee","DIAMOND HARBOUR","Construction of CC Road at Halder Para from H/O Panchanan Halder to H/O Bagamber Khanra (82 mtr.) at Ward No.15","28-Aug-2024","152500","24-Dec-2024"
"1128","Normal/Others","WS/MP423/2024-2025/137579-Construction of roads, link roads, pathways or any other road with or without drainage system","West Bengal","South 24 Parganas(DISTRICT MAGISTRATE SOUTH TWENTY FOUR PARGANAS_IDA)","Shri Abhishek Banerjee","DIAMOND HARBOUR","Construction of CC road with surface drain from near H/O Ranjan Chatterjee to Netaji Road at Ward No.16 (25.20 mtr.)","28-Aug-2024","146069","24-Dec-2024"
"1129","Normal/Others","WS/MP18006/2024-2025/137584-Providing supply pipelines for drinking water","Andhra Pradesh","Tirupati(DISTRICT COLLECTOR TIRUPATI_IDA)","DAGGUMALLA PRASADA RAO","CHITTOOR","Providing Motor & Pump for drinking suplay to the residential area of Indiramma Indlu, Daminedu Village, Tiruchanuru (P), Tirupati Rural Mandal, Chandragiri Constituency.","28-Aug-2024","49407","23-Oct-2024"
"1130","Normal/Others","WS/MP18019/2024-2025/137586-Construction of roads, link roads, pathways or any other road with or without drainage system","Assam","KARBI ANGLONG(DEPUTY COMMISSIONER KARBI ANGLONG_IDA)","AMARSING TISSO","Diphu (ST)","Construction of road from PWD road to Graveyard at Rongbangpothar","29-Aug-2024","2000000","04-Jan-2025"
"1131","Normal/Others","WS/MP18019/2024-2025/137587-Construction of community centers and community halls","Assam","KARBI ANGLONG(DEPUTY COMMISSIONER KARBI ANGLONG_IDA)","AMARSING TISSO","Diphu (ST)","Construction of Open Stage at Gangjang","29-Aug-2024","1500000","13-Nov-2024"
"1132","Normal/Others","WS/MP18019/2024-2025/137588-Construction of community centers and community halls","Assam","KARBI ANGLONG(DEPUTY COMMISSIONER KARBI ANGLONG_IDA)","AMARSING TISSO","Diphu (ST)","Construction of Community Hall at Jawlian under Singhason MAC Constituency","29-Aug-2024","1500000","13-Nov-2024"
"1133","Normal/Others","WS/MP18019/2024-2025/137589-Tree plantation for community","Assam","KARBI ANGLONG(DEPUTY COMMISSIONER KARBI ANGLONG_IDA)","AMARSING TISSO","Diphu (ST)","Tree Plantation for providing self sufficiency to the 06 (six) Nos. of Ex-Revolutionary Cadre under the Banner of ""KERUP- Karbi Ex-Revolutionary United Forum""","29-Aug-2024","1000000","25-Oct-2024"
"1134","Normal/Others","WS/MP18019/2024-2025/137591-Construction of bus-sheds or bus-stops","Assam","KARBI ANGLONG(DEPUTY COMMISSIONER KARBI ANGLONG_IDA)","AMARSING TISSO","Diphu (ST)","Construction of waiting shed at Minbung under Singhason MAC Constituency","29-Aug-2024","1000000","13-Nov-2024"
"1135","Normal/Others","WS/MP18019/2024-2025/137592-Installing tube-wells and borewells","Assam","KARBI ANGLONG(DEPUTY COMMISSIONER KARBI ANGLONG_IDA)","AMARSING TISSO","Diphu (ST)","Construction of 3 Nos. Ringwell at Sar-et Senar village, @3.00 L x 3 Nos.","29-Aug-2024","900000","25-Oct-2024"
"1136","Normal/Others","WS/MP18019/2024-2025/137593-Construction of community centers and community halls","Assam","KARBI ANGLONG(DEPUTY COMMISSIONER KARBI ANGLONG_IDA)","AMARSING TISSO","Diphu (ST)","Construction of open stage infront of Siloni LP School","29-Aug-2024","800000","25-Oct-2024"
"1137","Normal/Others","WS/MP18019/2024-2025/137594-Creation of new ponds","Assam","KARBI ANGLONG(DEPUTY COMMISSIONER KARBI ANGLONG_IDA)","AMARSING TISSO","Diphu (ST)","Construction of community fishery at Rongkimi, Diphu","29-Aug-2024","500000","25-Oct-2024"
"1138","Normal/Others","WS/MP18019/2024-2025/137595-Creation of new ponds","Assam","KARBI ANGLONG(DEPUTY COMMISSIONER KARBI ANGLONG_IDA)","AMARSING TISSO","Diphu (ST)","Construction of community fishery at Longnit","29-Aug-2024","500000","25-Oct-2024"
"1139","Repair and Renovation","WS/MP18019/2024-2025/137596-Construction of community centers and community halls","Assam","KARBI ANGLONG(DEPUTY COMMISSIONER KARBI ANGLONG_IDA)","AMARSING TISSO","Diphu (ST)","Improvement of open stage at Govt. Boys Higher Secondary playground, Diphu","29-Aug-2024","499190","21-Dec-2024"
"1140","Normal/Others","WS/MP18019/2024-2025/137597-Installing tube-wells and borewells","Assam","KARBI ANGLONG(DEPUTY COMMISSIONER KARBI ANGLONG_IDA)","AMARSING TISSO","Diphu (ST)","Construction of ringwell near the house of Sri Elison Terang, Mohendijua","29-Aug-2024","400000","25-Oct-2024"
"1141","Normal/Others","WS/MP18019/2024-2025/137598-Installing tube-wells and borewells","Assam","KARBI ANGLONG(DEPUTY COMMISSIONER KARBI ANGLONG_IDA)","AMARSING TISSO","Diphu (ST)","Construction of ringwell near the house of Lt. Thangsing Tisso, Mohendijua","29-Aug-2024","400000","25-Oct-2024"
"1142","Normal/Others","WS/MP18019/2024-2025/137599-Installing tube-wells and borewells","Assam","KARBI ANGLONG(DEPUTY COMMISSIONER KARBI ANGLONG_IDA)","AMARSING TISSO","Diphu (ST)","Construction of ringwell near the house of Sri Dosarath Tisso, Rongnihang","29-Aug-2024","400000","25-Oct-2024"
"1143","Normal/Others","WS/MP18019/2024-2025/137600-Installing tube-wells and borewells","Assam","KARBI ANGLONG(DEPUTY COMMISSIONER KARBI ANGLONG_IDA)","AMARSING TISSO","Diphu (ST)","Construction of ringwell near the house of Sri Rajen Kro, PWD Colony, Diphu","29-Aug-2024","400000","25-Oct-2024"
"1144","Normal/Others","WS/MP18019/2024-2025/137601-Installing tube-wells and borewells","Assam","KARBI ANGLONG(DEPUTY COMMISSIONER KARBI ANGLONG_IDA)","AMARSING TISSO","Diphu (ST)","Construction of ringwell near the house of Smt. Meera Tissopi, Mohendijua","29-Aug-2024","300000","25-Oct-2024"
"1145","Normal/Others","WS/MP18019/2024-2025/137602-Installing tube-wells and borewells","Assam","KARBI ANGLONG(DEPUTY COMMISSIONER KARBI ANGLONG_IDA)","AMARSING TISSO","Diphu (ST)","Construction of ringwell near the house of Smt. Moina Terangpi, Rongtheang","29-Aug-2024","300000","25-Oct-2024"
"1146","Normal/Others","WS/MP18019/2024-2025/137603-Installing tube-wells and borewells","Assam","KARBI ANGLONG(DEPUTY COMMISSIONER KARBI ANGLONG_IDA)","AMARSING TISSO","Diphu (ST)","Construction of ringwell near the house of Smt. Minu Teronpi, Biren Kramsa village","29-Aug-2024","300000","25-Oct-2024"
"1147","Normal/Others","WS/MP18019/2024-2025/137604-Installing tube-wells and borewells","Assam","KARBI ANGLONG(DEPUTY COMMISSIONER KARBI ANGLONG_IDA)","AMARSING TISSO","Diphu (ST)","Construction of ringwell near the house of Smt Rengka Teronpi, Manja College","29-Aug-2024","300000","25-Oct-2024"
"1148","Normal/Others","WS/MP18019/2024-2025/137605-Installing tube-wells and borewells","Assam","KARBI ANGLONG(DEPUTY COMMISSIONER KARBI ANGLONG_IDA)","AMARSING TISSO","Diphu (ST)","Construction of ringwell near the house of Smt Sika Tokbipi, Cheksolangso","29-Aug-2024","300000","25-Oct-2024"
"1149","Normal/Others","WS/MP18019/2024-2025/137606-Installing tube-wells and borewells","Assam","KARBI ANGLONG(DEPUTY COMMISSIONER KARBI ANGLONG_IDA)","AMARSING TISSO","Diphu (ST)","Construction of ringwell near the house of Smt Klarie Phangchopi, Rongnagar","29-Aug-2024","300000","25-Oct-2024"
"1150","Normal/Others","WS/MP18019/2024-2025/137607-Installing tube-wells and borewells","Assam","KARBI ANGLONG(DEPUTY COMMISSIONER KARBI ANGLONG_IDA)","AMARSING TISSO","Diphu (ST)","Construction of ringwell near West Tarabasa English LP School, Phuloni","29-Aug-2024","300000","25-Oct-2024"
"1151","Normal/Others","WS/MP18019/2024-2025/137608-Construction of roads, link roads, pathways or any other road with or without drainage system","Assam","KARBI ANGLONG(DEPUTY COMMISSIONER KARBI ANGLONG_IDA)","AMARSING TISSO","Diphu (ST)","Construction of CC Block Road near DC Bungalow, Diphu","29-Aug-2024","500000","04-Jan-2025"
"1152","Repair and Renovation","WS/MP013/2024-2025/137609-Construction of additional rooms and halls in the existing public and community building","Sikkim","Gangtok(DISTRICT COLLECTOR EAST DISTRICT_IDA)","Indra Hang Subba","SIKKIM","Upgradation and repiar & restoration of Nawadaya SHG's envelope manufacturing plant","29-Aug-2024","1000000","03-Oct-2024"
"1153","Normal/Others","WS/MP013/2024-2025/137610-Crematoriums/energy efficient crematoriums or structures on burial/cremation ground","Sikkim","Gangtok(DISTRICT COLLECTOR EAST DISTRICT_IDA)","Indra Hang Subba","SIKKIM","Construction of RCC footpath at Christain burial ground,Chandmari","29-Aug-2024","1000000","24-Dec-2024"
"1154","Normal/Others","WS/MP013/2024-2025/137611-Construction of flood control embankments/ protection walls along riverbanks, hilltops, roadsides","Sikkim","Gangtok(DISTRICT COLLECTOR EAST DISTRICT_IDA)","Indra Hang Subba","SIKKIM","Anti erosion work at Kayathang rumtek under Kayathang Rumtek","30-Aug-2024","1500000","03-Oct-2024"
"1155","Repair and Renovation","WS/MP013/2024-2025/137612-Construction of flood control embankments/ protection walls along riverbanks, hilltops, roadsides","Sikkim","Gangtok(DISTRICT COLLECTOR EAST DISTRICT_IDA)","Indra Hang Subba","SIKKIM","restoration of protective work at  Rumtek Arigaon under Kagyud ward","30-Aug-2024","1500000","03-Oct-2024"
"1156","Normal/Others","WS/MP18152/2024-2025/137615-Construction of community centers and community halls","Punjab","MOGA(Deputy Commissioner Moga)","SARABJEET SINGH KHALSA","FARIDKOT(SC)","Construction of SC Dharamshala","29-Aug-2024","500000","10-Dec-2024"
"1157","Normal/Others","WS/MP18152/2024-2025/137616-Street lights","Punjab","MOGA(Deputy Commissioner Moga)","SARABJEET SINGH KHALSA","FARIDKOT(SC)","Installing of Fixed LED Street Lights","29-Aug-2024","150000","18-Feb-2025"
"1158","Normal/Others","WS/MP18152/2024-2025/137617-Fitting of Sitting RCC Benches in Public Places","Punjab","MOGA(Deputy Commissioner Moga)","SARABJEET SINGH KHALSA","FARIDKOT(SC)","Fitting of Sitting RCC Benches in Public Places","29-Aug-2024","150000","10-Dec-2024"
"1159","Normal/Others","WS/MP18152/2024-2025/137618-Development of public parks","Punjab","MOGA(Deputy Commissioner Moga)","SARABJEET SINGH KHALSA","FARIDKOT(SC)","Development of public parks","29-Aug-2024","400000","10-Jan-2025"
"1160","Normal/Others","WS/MP18152/2024-2025/137620-Installation of multi-gym equipment","Punjab","MOGA(Deputy Commissioner Moga)","SARABJEET SINGH KHALSA","FARIDKOT(SC)","Installation of fixed Indoor gym equipment","29-Aug-2024","200000","03-Dec-2024"
"1161","Normal/Others","WS/MP18152/2024-2025/137622-Installing community drinking water plants","Punjab","SRI MUKTSAR SAHIB(DEPUTY COMMISSIONER SRI MUKTSAR SAHIB_IDA)","SARABJEET SINGH KHALSA","FARIDKOT(SC)","Installation of RO System and water cooler in Govt High school Gurri Sangar","29-Aug-2024","85000","01-Jan-2025"
"1162","Normal/Others","WS/MP18152/2024-2025/137630-Purchase of mobile water tankers","Punjab","FARIDKOT(DEPUTY COMMISSIONER FARIDKOT_IDA)","SARABJEET SINGH KHALSA","FARIDKOT(SC)","Purchase of Steel mobile water tanker","29-Aug-2024","200000","11-Sep-2024"
"1163","Normal/Others","WS/MP18152/2024-2025/137631-Construction of rooms and halls in school and colleges","Punjab","FARIDKOT(DEPUTY COMMISSIONER FARIDKOT_IDA)","SARABJEET SINGH KHALSA","FARIDKOT(SC)","Construction of mid-day meal Shed in Govt Primary school Ratti rori Tibbian","29-Aug-2024","299155","11-Sep-2024"
"1164","Normal/Others","WS/MP18152/2024-2025/137632-Installing community drinking water plants","Punjab","FARIDKOT(DEPUTY COMMISSIONER FARIDKOT_IDA)","SARABJEET SINGH KHALSA","FARIDKOT(SC)","Installation of RO System and water cooler in Govt Primary school Dana Romana","29-Aug-2024","84500","11-Sep-2024"
"1165","Normal/Others","WS/MP18152/2024-2025/137633-Purchase of mobile water tankers","Punjab","FARIDKOT(DEPUTY COMMISSIONER FARIDKOT_IDA)","SARABJEET SINGH KHALSA","FARIDKOT(SC)","Purchase of mobile Steel water tanker in GP Mai Godri Sahib","29-Aug-2024","200000","11-Sep-2024"
"1166","Normal/Others","WS/MP18152/2024-2025/137634-Installing community drinking water plants","Punjab","FARIDKOT(DEPUTY COMMISSIONER FARIDKOT_IDA)","SARABJEET SINGH KHALSA","FARIDKOT(SC)","Installation of RO System and water cooler in Govt Primary school Ratti Rori Tibbian","29-Aug-2024","84500","11-Sep-2024"
"1167","Normal/Others","WS/MP18152/2024-2025/137635-Street lights","Punjab","FARIDKOT(DEPUTY COMMISSIONER FARIDKOT_IDA)","SARABJEET SINGH KHALSA","FARIDKOT(SC)","Installation of Fixed Street Lights","29-Aug-2024","200000","11-Sep-2024"
"1168","Normal/Others","WS/MP18152/2024-2025/137636-Installing community drinking water plants","Punjab","FARIDKOT(DEPUTY COMMISSIONER FARIDKOT_IDA)","SARABJEET SINGH KHALSA","FARIDKOT(SC)","Installation of RO System and water cooler in Govt Primary school","29-Aug-2024","84500","11-Sep-2024"
"1169","Normal/Others","WS/MP18152/2024-2025/137637-Construction of rooms and halls in school and colleges","Punjab","FARIDKOT(DEPUTY COMMISSIONER FARIDKOT_IDA)","SARABJEET SINGH KHALSA","FARIDKOT(SC)","Construction of mid-day meal Shed in Govt Primary school Dana romana","29-Aug-2024","299155","11-Sep-2024"
"1170","Normal/Others","WS/MP18152/2024-2025/137638-Installing community drinking water plants","Punjab","FARIDKOT(DEPUTY COMMISSIONER FARIDKOT_IDA)","SARABJEET SINGH KHALSA","FARIDKOT(SC)","Installation of RO System and water cooler in Govt Primary school Balbir Basti","29-Aug-2024","84500","11-Sep-2024"
"1171","Normal/Others","WS/MP18152/2024-2025/137639-Installing community drinking water plants","Punjab","FARIDKOT(DEPUTY COMMISSIONER FARIDKOT_IDA)","SARABJEET SINGH KHALSA","FARIDKOT(SC)","Installation of RO System and water cooler in Govt Primary school","29-Aug-2024","84500","11-Sep-2024"
"1172","Normal/Others","WS/MP18152/2024-2025/137640-Construction of rooms and halls in school and colleges","Punjab","FARIDKOT(DEPUTY COMMISSIONER FARIDKOT_IDA)","SARABJEET SINGH KHALSA","FARIDKOT(SC)","Construction of Midday meal Shed in Govt Primary school Dod Main","29-Aug-2024","299155","11-Sep-2024"
"1173","Normal/Others","WS/MP18152/2024-2025/137641-Construction of rooms and halls in school and colleges","Punjab","FARIDKOT(DEPUTY COMMISSIONER FARIDKOT_IDA)","SARABJEET SINGH KHALSA","FARIDKOT(SC)","Construction of mid-day meal Shed in Govt primary School","29-Aug-2024","299155","11-Sep-2024"
"1174","Normal/Others","WS/MP18327/2025-2026/137670-Street lights","Maharashtra","SOLAPUR(DISTRICT COLLECTOR SOLAPUR_IDA)","PRANITI SUSHILKUMAR SHINDE","SOLAPUR(SC)","Installation of Light in front of Khandoba Temple at Waluj Gaon in Mohol Taluka","29-Aug-2024","499880","09-Mar-2026"
"1175","Normal/Others","WS/MP18278/2024-2025/137679-Construction of roads, link roads, pathways or any other road with or without drainage system","Chhattisgarh","JANJGIR-CHAMPA(DISTRICT COLLECTOR JANJGIR CHAMPA_IDA)","KAMLESH JANGDE","JANJGIR CHAMPA(SC)","GRAM SONIYAPATH ME C.C. ROAD NIRMARAN (SHYAM LAL BHAINA GHAR SE NADI KI ORE)","29-Aug-2024","999941","17-Sep-2024"
"1176","Normal/Others","WS/MP18278/2024-2025/137680-Construction of roads, link roads, pathways or any other road with or without drainage system","Chhattisgarh","JANJGIR-CHAMPA(DISTRICT COLLECTOR JANJGIR CHAMPA_IDA)","KAMLESH JANGDE","JANJGIR CHAMPA(SC)","GRAM DURPA ME C.C. ROAD NIRMARAN (DAURAM SIDAR GHAR SE CHHEDI LAL GHAR KI ORE)","29-Aug-2024","984661","17-Sep-2024"
"1177","Normal/Others","WS/MP561/2024-2025/137684-Development of playfields and sports grounds","Bihar","PATNA(DISTRICT PLANNING OFFICER PATNA_IDA)","Ravi Shankar Prasad","PATNA SAHIB","Development work of playground next to Thakurwadi in Alwalpur village under Fatua Legislative Assembly.","29-Aug-2024","1450000","07-Feb-2025"
"1178","Normal/Others","WS/MP561/2024-2025/137685-Construction of community centers and community halls","Bihar","PATNA(DISTRICT PLANNING OFFICER PATNA_IDA)","Ravi Shankar Prasad","PATNA SAHIB","Construction work of the first floor of the pre-built community building near the school in Chipurakhurd in Sampatchak block under Fatua Legislative Assembly.","29-Aug-2024","1485921","19-Nov-2024"
"1179","Normal/Others","WS/MP561/2024-2025/137686-Construction of community centers and community halls","Bihar","PATNA(DISTRICT PLANNING OFFICER PATNA_IDA)","Ravi Shankar Prasad","PATNA SAHIB","Construction work of community hall near Bhagwati place in Kandap village of Sampatchak block under Fatua Legislative Assembly.","29-Aug-2024","1326673","19-Nov-2024"
"1180","Normal/Others","WS/MP18278/2024-2025/137687-Construction of roads, link roads, pathways or any other road with or without drainage system","Chhattisgarh","SAKTI(COLLECTOR SAKTI_IDA)","KAMLESH JANGDE","JANJGIR CHAMPA(SC)","GRAM SULAUNI ME C.C. ROAD NIRMARAN (RADHELAL GHAR SE SULIPALI KI ORE)","29-Aug-2024","800000","18-Sep-2024"
"1181","Normal/Others","WS/MP18278/2024-2025/137688-Construction of roads, link roads, pathways or any other road with or without drainage system","Chhattisgarh","SAKTI(COLLECTOR SAKTI_IDA)","KAMLESH JANGDE","JANJGIR CHAMPA(SC)","GRAM BANDORA ME C.C. ROAD NIRMARAN ( MUKHY MARG SE BASTI KI ORE)","29-Aug-2024","999710","24-Sep-2024"
"1182","Normal/Others","WS/MP18278/2024-2025/137689-Construction of roads, link roads, pathways or any other road with or without drainage system","Chhattisgarh","SAKTI(COLLECTOR SAKTI_IDA)","KAMLESH JANGDE","JANJGIR CHAMPA(SC)","GRAM ANDA ME C.C. ROAD NIRMARAN ( ASHOK KI KHET SE AAGE KI ORE)","29-Aug-2024","999633","18-Sep-2024"
"1183","Normal/Others","WS/MP18278/2024-2025/137691-Construction of roads, link roads, pathways or any other road with or without drainage system","Chhattisgarh","SAKTI(COLLECTOR SAKTI_IDA)","KAMLESH JANGDE","JANJGIR CHAMPA(SC)","GRAM JUDGA ME C.C. ROAD NIRMARAN ( SHIV PRASAD KAWAR GHAR SE BASTI KI ORE)","29-Aug-2024","1000000","20-Sep-2024"
"1184","Normal/Others","WS/MP18278/2024-2025/137692-Construction of roads, link roads, pathways or any other road with or without drainage system","Chhattisgarh","SAKTI(COLLECTOR SAKTI_IDA)","KAMLESH JANGDE","JANJGIR CHAMPA(SC)","GRAM RAJABHATHA GRAM PANCHAYAT BELHADIH ME C.C. ROAD NIRMARAN (RAHUL RATRE GHAR SE SURESH GHR KI ORE)","29-Aug-2024","999869","09-Oct-2024"
"1185","Normal/Others","WS/MP18019/2024-2025/137729-Construction of boundary walls of existing public and community buildings","Assam","KARBI ANGLONG(DEPUTY COMMISSIONER KARBI ANGLONG_IDA)","AMARSING TISSO","Diphu (ST)","Construction of boundary wall with fencing at Langbungdingpi Graveyard","29-Aug-2024","1000000","25-Oct-2024"
"1186","Normal/Others","WS/MP18019/2024-2025/137730-Construction of boundary walls of existing public and community buildings","Assam","KARBI ANGLONG(DEPUTY COMMISSIONER KARBI ANGLONG_IDA)","AMARSING TISSO","Diphu (ST)","Construction of Sanitary Latrine and boundary wall with GCI sheet near DC Bungalow, Diphu","29-Aug-2024","1983350","21-Dec-2024"
"1187","Normal/Others","WS/MP18032/2024-2025/137732-Construction of community centers and community halls","Bihar","KAIMUR (BHABUA)(DISTRICT PLANNING OFFICER KAIMUR BHABUA_IDA)","SUDHAKAR SINGH","BUXAR","Construction of community Hall in Mahadalit Tola","12-Sep-2024","789476","14-Jan-2025"
"1188","Normal/Others","WS/MP858/2025-2026/137760-Street lights","West Bengal","PURBA BARDHAMAN(DISTRICT MAGISTRATE PURBA BARDHAMAN_IDA)","Asit Kumar Mal","BOLPUR(SC)","Instalation  1(one) no of mini hight mast street light under AUSHGRAM -II BLOCK.Excuting Agency will be E.O.  Managing Director, West Bengal Agro Industries Corporation Ltd.23 -B, N.S. ROAD 3RD FLORE, KOLKATA - 1.","30-Aug-2024","279860","14-May-2025"
"1189","Normal/Others","WS/MP858/2025-2026/137761-Street lights","West Bengal","PURBA BARDHAMAN(DISTRICT MAGISTRATE PURBA BARDHAMAN_IDA)","Asit Kumar Mal","BOLPUR(SC)","Instalation  1(one) no of mini hight mast street light under AUSHGRAM -II BLOCK.Excuting Agency will be M.D. WEST BENGAL AGRO  INDUSTRIES CORPORATION LTD 23-B NS ROAD KOLKATA-1.","30-Aug-2024","279504","14-May-2025"
"1190","Normal/Others","WS/MP858/2025-2026/137762-Street lights","West Bengal","PURBA BARDHAMAN(DISTRICT MAGISTRATE PURBA BARDHAMAN_IDA)","Asit Kumar Mal","BOLPUR(SC)","Instalation  1(one) no of mini hight mast street light under AUSHGRAM -II BLOCK.Excuting Agency will be M.D. WEST BENGAL AGRO INDUSTRIES CORPORATION LTD 23-B ,N S ROAD KOLKATA -1","30-Aug-2024","279860","14-May-2025"
"1191","Normal/Others","WS/MP858/2025-2026/137763-Street lights","West Bengal","PURBA BARDHAMAN(DISTRICT MAGISTRATE PURBA BARDHAMAN_IDA)","Asit Kumar Mal","BOLPUR(SC)","Instalation 1 (one) no of mini hight mast street light under AUSHGRAM -II BLOCK.Excuting Agency will be M.D. WEST BENGAL AGRO INDUSTRIES CORPORATION LTD, 23-B N. S. ROAD KOLKATA -1","30-Aug-2024","279462","14-May-2025"
"1192","Normal/Others","WS/MP858/2025-2026/137764-Street lights","West Bengal","PURBA BARDHAMAN(DISTRICT MAGISTRATE PURBA BARDHAMAN_IDA)","Asit Kumar Mal","BOLPUR(SC)","Instalation 1 (one) no of mini hight mast street light under AUSHGRAM -II BLOCK.Excuting Agency will be M.D. WEST BENGAL AGRO INDUSTRIES CORPORATION LTD, 23-B N.S.ROAD, KOLKATA-1","30-Aug-2024","279462","14-May-2025"
"1193","Normal/Others","WS/MP858/2025-2026/137765-Street lights","West Bengal","PURBA BARDHAMAN(DISTRICT MAGISTRATE PURBA BARDHAMAN_IDA)","Asit Kumar Mal","BOLPUR(SC)","Instalation 1 (one) no of mini hight mast street light under AUSHGRAM -II BLOCK.Excuting Agency will be M.D. WEST BENGAL AGRO INDUSTRIES CORPORATION LTD, 23-B, N.S. ROAD,KOLKATA 1","30-Aug-2024","279462","14-May-2025"
"1194","Normal/Others","WS/MP858/2025-2026/137766-Street lights","West Bengal","PURBA BARDHAMAN(DISTRICT MAGISTRATE PURBA BARDHAMAN_IDA)","Asit Kumar Mal","BOLPUR(SC)","Instalation 1 (one) no of mini hight mast street light under AUSHGRAM -II BLOCK.Excuting Agency will be , M.D. WEST BENGAL AGRO INDUSTRIES CORPORATION LTD, 23-B , N.S. ROAD, KOLKATA -1.","30-Aug-2024","280000","03-Jun-2025"
"1195","Normal/Others","WS/MP858/2025-2026/137767-Construction of cycle tracks, cycle stand and segregated non-motorized vehicle (NMV) lanes","West Bengal","PURBA BARDHAMAN(DISTRICT MAGISTRATE PURBA BARDHAMAN_IDA)","Asit Kumar Mal","BOLPUR(SC)","CONSTRUCTION OF CYCLE STAND AT RAKHAL CHANDRA SCHOOL ,DIGNAGAR .Excuting Agency will be EO AUSHGRAM -I PANCHAYAT SAMITY.","30-Aug-2024","339202","17-Jul-2025"
"1196","Normal/Others","WS/MP858/2025-2026/137769-Renovation of ponds and lakes","West Bengal","PURBA BARDHAMAN(DISTRICT MAGISTRATE PURBA BARDHAMAN_IDA)","Asit Kumar Mal","BOLPUR(SC)","Construction of pond fancining at 5 no ward under Gushkora Municipality.Excuting Agency will be EO GUSHKORA MUNICIPALITY.","30-Aug-2024","500000","15-May-2025"
"1197","Normal/Others","WS/MP661/2024-2025/137790-Construction of community centers and community halls","Maharashtra","PUNE(DISTRICT COLLECTOR PUNE_IDA)","Amol Ramsing Kolhe","SHIRUR","Construction of community hall near kalbhairv mandir At. Mandoshi Tq. Khed Dist. Pune.","30-Aug-2024","399922","12-Sep-2024"
"1198","Normal/Others","WS/MP661/2024-2025/137791-Construction of community centers and community halls","Maharashtra","PUNE(DISTRICT COLLECTOR PUNE_IDA)","Amol Ramsing Kolhe","SHIRUR","Construction of community hall Near Maruti temple At Tokavade Tq. Khed Dist. Pune","30-Aug-2024","499493","12-Sep-2024"
"1199","Normal/Others","WS/MP727/2024-2025/137803-Crematoriums/energy efficient crematoriums or structures on burial/cremation ground","Rajasthan","KOTA(DISTRICT COLLECTOR KOTA_IDA)","Om Birla","KOTA","Gram Brnahali Mai Shamshan Ki Chardiwari, Teenshade Nirman Evam Shamshan K Samne Puliya Nirman Ka Kary Place- Barnahali , Gram - Barnahali,  Gram Panchayat- Dhipri Chambal, Block -Itawa, Recommended Amount- 7.00 Lakh Rs., Implementing Agency -Gram Panchayat Dhipri Chambal (1 )","30-Aug-2024","699924","07-Dec-2024"
"1200","Normal/Others","WS/MP356/2024-2025/137822-Purchase Books for Library","Madhya Pradesh","MANDSAUR(DISTRICT COLLECTOR MANDSAUR_IDA)","Shri Sudheer Gupta","MANDSOUR","PURCHASE OF BOOKS IN SCHOOL LIBRARY","30-Aug-2024","100000","16-Dec-2024"
"1201","Normal/Others","WS/MP356/2024-2025/137823-Purchase Books for Library","Madhya Pradesh","MANDSAUR(DISTRICT COLLECTOR MANDSAUR_IDA)","Shri Sudheer Gupta","MANDSOUR","PURCHASE OF BOOKS IN SCHOOL LIBRARY","30-Aug-2024","100000","16-Dec-2024"
"1202","Normal/Others","WS/MP356/2024-2025/137824-Purchase Books for Library","Madhya Pradesh","MANDSAUR(DISTRICT COLLECTOR MANDSAUR_IDA)","Shri Sudheer Gupta","MANDSOUR","PURCHASE OF BOOKS IN SCHOOL LIBRARY","30-Aug-2024","100000","16-Dec-2024"
"1203","Normal/Others","WS/MP356/2024-2025/137825-Purchase Books for Library","Madhya Pradesh","MANDSAUR(DISTRICT COLLECTOR MANDSAUR_IDA)","Shri Sudheer Gupta","MANDSOUR","PURCHASE OF BOOKS IN SCHOOL LIBRARY","30-Aug-2024","100000","16-Dec-2024"
"1204","Normal/Others","WS/MP356/2024-2025/137826-Purchase Books for Library","Madhya Pradesh","MANDSAUR(DISTRICT COLLECTOR MANDSAUR_IDA)","Shri Sudheer Gupta","MANDSOUR","PURCHASE OF BOOKS IN SCHOOL LIBRARY","30-Aug-2024","100000","16-Dec-2024"
"1205","Normal/Others","WS/MP356/2024-2025/137827-Purchase Books for Library","Madhya Pradesh","MANDSAUR(DISTRICT COLLECTOR MANDSAUR_IDA)","Shri Sudheer Gupta","MANDSOUR","PURCHASE OF BOOKS IN SCHOOL LIBRARY","30-Aug-2024","100000","16-Dec-2024"
"1206","Normal/Others","WS/MP356/2024-2025/137828-Purchase Books for Library","Madhya Pradesh","MANDSAUR(DISTRICT COLLECTOR MANDSAUR_IDA)","Shri Sudheer Gupta","MANDSOUR","PURCHASE OF BOOKS IN HSS GIRLS SCHOOL LIBRARY BHANPURA","30-Aug-2024","100000","16-Dec-2024"
"1207","Normal/Others","WS/MP356/2024-2025/137829-Purchase Books for Library","Madhya Pradesh","MANDSAUR(DISTRICT COLLECTOR MANDSAUR_IDA)","Shri Sudheer Gupta","MANDSOUR","PURCHASE OF BOOKS","30-Aug-2024","100000","16-Dec-2024"
"1208","Normal/Others","WS/MP356/2024-2025/137830-Purchase Books for Library","Madhya Pradesh","MANDSAUR(DISTRICT COLLECTOR MANDSAUR_IDA)","Shri Sudheer Gupta","MANDSOUR","PURCHASE FOR BOOKS","30-Aug-2024","100000","16-Dec-2024"
"1209","Normal/Others","WS/MP356/2024-2025/137831-Purchase Books for Library","Madhya Pradesh","MANDSAUR(DISTRICT COLLECTOR MANDSAUR_IDA)","Shri Sudheer Gupta","MANDSOUR","PURCHASE OF BOOK","30-Aug-2024","100000","16-Dec-2024"
"1210","Normal/Others","WS/MP356/2024-2025/137832-Purchase Books for Library","Madhya Pradesh","MANDSAUR(DISTRICT COLLECTOR MANDSAUR_IDA)","Shri Sudheer Gupta","MANDSOUR","PURCHASE OF BOOK","30-Aug-2024","100000","16-Dec-2024"
"1211","Normal/Others","WS/MP356/2024-2025/137833-Purchase Books for Library","Madhya Pradesh","MANDSAUR(DISTRICT COLLECTOR MANDSAUR_IDA)","Shri Sudheer Gupta","MANDSOUR","PURCHASE OF BOOK","30-Aug-2024","100000","16-Dec-2024"
"1212","Normal/Others","WS/MP356/2024-2025/137834-Purchase Books for Library","Madhya Pradesh","MANDSAUR(DISTRICT COLLECTOR MANDSAUR_IDA)","Shri Sudheer Gupta","MANDSOUR","PURCHASE OF BOOK","30-Aug-2024","100000","16-Dec-2024"
"1213","Normal/Others","WS/MP356/2024-2025/137835-Purchase Books for Library","Madhya Pradesh","MANDSAUR(DISTRICT COLLECTOR MANDSAUR_IDA)","Shri Sudheer Gupta","MANDSOUR","PURCHASE OF BOOK","30-Aug-2024","100000","16-Dec-2024"
"1214","Normal/Others","WS/MP356/2024-2025/137836-Purchase Books for Library","Madhya Pradesh","MANDSAUR(DISTRICT COLLECTOR MANDSAUR_IDA)","Shri Sudheer Gupta","MANDSOUR","PURCHASE OF BOOKS","30-Aug-2024","100000","16-Dec-2024"
"1215","Normal/Others","WS/MP356/2024-2025/137837-Purchase Books for Library","Madhya Pradesh","MANDSAUR(DISTRICT COLLECTOR MANDSAUR_IDA)","Shri Sudheer Gupta","MANDSOUR","PURCHASE OF BOOKS","30-Aug-2024","100000","16-Dec-2024"
"1216","Normal/Others","WS/MP356/2024-2025/137838-Purchase Books for Library","Madhya Pradesh","MANDSAUR(DISTRICT COLLECTOR MANDSAUR_IDA)","Shri Sudheer Gupta","MANDSOUR","PURCHASE OF BOOKS","30-Aug-2024","100000","16-Dec-2024"
"1217","Normal/Others","WS/MP356/2024-2025/137839-Purchase Books for Library","Madhya Pradesh","MANDSAUR(DISTRICT COLLECTOR MANDSAUR_IDA)","Shri Sudheer Gupta","MANDSOUR","PURCHASE OF BOOKS","30-Aug-2024","100000","16-Dec-2024"
"1218","Normal/Others","WS/MP356/2024-2025/137840-Purchase Books for Library","Madhya Pradesh","MANDSAUR(DISTRICT COLLECTOR MANDSAUR_IDA)","Shri Sudheer Gupta","MANDSOUR","PURCHASE OF BOOKS","30-Aug-2024","100000","16-Dec-2024"
"1219","Normal/Others","WS/MP356/2024-2025/137841-Purchase Books for Library","Madhya Pradesh","MANDSAUR(DISTRICT COLLECTOR MANDSAUR_IDA)","Shri Sudheer Gupta","MANDSOUR","PURCHASE OF BOOKS","30-Aug-2024","100000","16-Dec-2024"
"1220","Normal/Others","WS/MP356/2024-2025/137842-Purchase Books for Library","Madhya Pradesh","MANDSAUR(DISTRICT COLLECTOR MANDSAUR_IDA)","Shri Sudheer Gupta","MANDSOUR","PURCHASE OF BOOKS","30-Aug-2024","100000","16-Dec-2024"
"1221","Normal/Others","WS/MP356/2024-2025/137843-Purchase Books for Library","Madhya Pradesh","MANDSAUR(DISTRICT COLLECTOR MANDSAUR_IDA)","Shri Sudheer Gupta","MANDSOUR","PURCHASE OF BOOKS & IN GHS & HS SCHOOL","30-Aug-2024","100000","16-Dec-2024"
"1222","Normal/Others","WS/MP356/2024-2025/137844-Purchase Books for Library","Madhya Pradesh","MANDSAUR(DISTRICT COLLECTOR MANDSAUR_IDA)","Shri Sudheer Gupta","MANDSOUR","PURCHASE OF BOOK","30-Aug-2024","100000","16-Dec-2024"
"1223","Normal/Others","WS/MP356/2024-2025/137845-Purchase Books for Library","Madhya Pradesh","MANDSAUR(DISTRICT COLLECTOR MANDSAUR_IDA)","Shri Sudheer Gupta","MANDSOUR","PURCHASE OF BOOK","30-Aug-2024","100000","16-Dec-2024"
"1224","Normal/Others","WS/MP356/2024-2025/137846-Purchase Books for Library","Madhya Pradesh","MANDSAUR(DISTRICT COLLECTOR MANDSAUR_IDA)","Shri Sudheer Gupta","MANDSOUR","PURCHASE OF BOOK","30-Aug-2024","100000","16-Dec-2024"
"1225","Normal/Others","WS/MP356/2024-2025/137860-Purchase Books for Library","Madhya Pradesh","NEEMUCH(District Collector Neemuch_IDA)","Shri Sudheer Gupta","MANDSOUR","PURCHASE OF BOOK IN SCHOOL LIBRARY","30-Aug-2024","100000","20-Nov-2024"
"1226","Normal/Others","WS/MP356/2024-2025/137861-Purchase Books for Library","Madhya Pradesh","NEEMUCH(District Collector Neemuch_IDA)","Shri Sudheer Gupta","MANDSOUR","PURCHASE OF BOOK IN SCHOOL LIBRARY","30-Aug-2024","100000","20-Nov-2024"
"1227","Normal/Others","WS/MP356/2024-2025/137862-Purchase Books for Library","Madhya Pradesh","NEEMUCH(District Collector Neemuch_IDA)","Shri Sudheer Gupta","MANDSOUR","PURCHASE OF BOOK IN SCHOOL LIBRARY","30-Aug-2024","100000","20-Nov-2024"
"1228","Normal/Others","WS/MP356/2024-2025/137863-Purchase Books for Library","Madhya Pradesh","NEEMUCH(District Collector Neemuch_IDA)","Shri Sudheer Gupta","MANDSOUR","PURCHASE OF BOOK IN SCHOOL LIBRARY","30-Aug-2024","100000","20-Nov-2024"
"1229","Normal/Others","WS/MP356/2024-2025/137864-Purchase Books for Library","Madhya Pradesh","NEEMUCH(District Collector Neemuch_IDA)","Shri Sudheer Gupta","MANDSOUR","PURCHASE OF BOOK IN LIBRARY","30-Aug-2024","100000","20-Nov-2024"
"1230","Normal/Others","WS/MP356/2024-2025/137865-Purchase Books for Library","Madhya Pradesh","NEEMUCH(District Collector Neemuch_IDA)","Shri Sudheer Gupta","MANDSOUR","PURCHASE OF BOOKS","30-Aug-2024","100000","20-Nov-2024"
"1231","Normal/Others","WS/MP356/2024-2025/137866-Purchase Books for Library","Madhya Pradesh","NEEMUCH(District Collector Neemuch_IDA)","Shri Sudheer Gupta","MANDSOUR","PURCHASE OF BOOKS","30-Aug-2024","100000","20-Nov-2024"
"1232","Normal/Others","WS/MP356/2024-2025/137867-Purchase Books for Library","Madhya Pradesh","NEEMUCH(District Collector Neemuch_IDA)","Shri Sudheer Gupta","MANDSOUR","PURCHASE OF BOOKS","30-Aug-2024","100000","20-Nov-2024"
"1233","Normal/Others","WS/MP356/2024-2025/137868-Purchase Books for Library","Madhya Pradesh","NEEMUCH(District Collector Neemuch_IDA)","Shri Sudheer Gupta","MANDSOUR","PURCHASE OF BOOKS","30-Aug-2024","100000","20-Nov-2024"
"1234","Normal/Others","WS/MP356/2024-2025/137869-Purchase Books for Library","Madhya Pradesh","NEEMUCH(District Collector Neemuch_IDA)","Shri Sudheer Gupta","MANDSOUR","PURCHASE OF BOOKS","30-Aug-2024","100000","20-Nov-2024"
"1235","Normal/Others","WS/MP356/2024-2025/137870-Purchase Books for Library","Madhya Pradesh","NEEMUCH(District Collector Neemuch_IDA)","Shri Sudheer Gupta","MANDSOUR","PURCHASE OF BOOKS","30-Aug-2024","100000","20-Nov-2024"
"1236","Normal/Others","WS/MP356/2024-2025/137871-Purchase Books for Library","Madhya Pradesh","NEEMUCH(District Collector Neemuch_IDA)","Shri Sudheer Gupta","MANDSOUR","PURCHASE OF BOOKS","30-Aug-2024","100000","20-Nov-2024"
"1237","Normal/Others","WS/MP356/2024-2025/137872-Purchase Books for Library","Madhya Pradesh","NEEMUCH(District Collector Neemuch_IDA)","Shri Sudheer Gupta","MANDSOUR","PURCHASE OF BOOKS","30-Aug-2024","100000","20-Nov-2024"
"1238","Normal/Others","WS/MP356/2024-2025/137873-Purchase Books for Library","Madhya Pradesh","NEEMUCH(District Collector Neemuch_IDA)","Shri Sudheer Gupta","MANDSOUR","PURCHASE OF BOOKS","30-Aug-2024","100000","20-Nov-2024"
"1239","Normal/Others","WS/MP356/2024-2025/137874-Purchase Books for Library","Madhya Pradesh","NEEMUCH(District Collector Neemuch_IDA)","Shri Sudheer Gupta","MANDSOUR","PURCHASE OF BOOKS","30-Aug-2024","100000","20-Nov-2024"
"1240","Normal/Others","WS/MP356/2024-2025/137875-Purchase Books for Library","Madhya Pradesh","NEEMUCH(District Collector Neemuch_IDA)","Shri Sudheer Gupta","MANDSOUR","PURCHASE OF BOOKS","30-Aug-2024","100000","20-Nov-2024"
"1241","Normal/Others","WS/MP356/2024-2025/137876-Purchase Books for Library","Madhya Pradesh","NEEMUCH(District Collector Neemuch_IDA)","Shri Sudheer Gupta","MANDSOUR","PURCHASE OF BOOKS","30-Aug-2024","100000","20-Nov-2024"
"1242","Normal/Others","WS/MP356/2024-2025/137877-Purchase Books for Library","Madhya Pradesh","NEEMUCH(District Collector Neemuch_IDA)","Shri Sudheer Gupta","MANDSOUR","PURCHASE OF BOOKS","30-Aug-2024","100000","20-Nov-2024"
"1243","Normal/Others","WS/MP356/2024-2025/137878-Purchase Books for Library","Madhya Pradesh","NEEMUCH(District Collector Neemuch_IDA)","Shri Sudheer Gupta","MANDSOUR","PURCHASE OF BOOKS","30-Aug-2024","100000","20-Nov-2024"
"1244","Normal/Others","WS/MP356/2024-2025/137879-Purchase Books for Library","Madhya Pradesh","NEEMUCH(District Collector Neemuch_IDA)","Shri Sudheer Gupta","MANDSOUR","PURCHASE OF BOOKS","30-Aug-2024","100000","20-Nov-2024"
"1245","Normal/Others","WS/MP356/2024-2025/137880-Purchase Books for Library","Madhya Pradesh","NEEMUCH(District Collector Neemuch_IDA)","Shri Sudheer Gupta","MANDSOUR","PURCHASE OF BOOKS","30-Aug-2024","100000","20-Nov-2024"
"1246","Normal/Others","WS/MP356/2024-2025/137881-Purchase of books for public libraries/ digitization of library books","Madhya Pradesh","NEEMUCH(District Collector Neemuch_IDA)","Shri Sudheer Gupta","MANDSOUR","PURCHASE OF BOOKS","30-Aug-2024","100000","20-Nov-2024"
"1247","Normal/Others","WS/MP356/2024-2025/137882-Purchase of books for public libraries/ digitization of library books","Madhya Pradesh","NEEMUCH(District Collector Neemuch_IDA)","Shri Sudheer Gupta","MANDSOUR","PURCHASE OF BOOKS","30-Aug-2024","100000","20-Nov-2024"
"1248","Normal/Others","WS/MP356/2024-2025/137883-Purchase of books for public libraries/ digitization of library books","Madhya Pradesh","NEEMUCH(District Collector Neemuch_IDA)","Shri Sudheer Gupta","MANDSOUR","PURCHASE OF BOOKS","30-Aug-2024","100000","20-Nov-2024"
"1249","Normal/Others","WS/MP356/2024-2025/137884-Purchase Books for Library","Madhya Pradesh","NEEMUCH(District Collector Neemuch_IDA)","Shri Sudheer Gupta","MANDSOUR","PURCHASE OF BOOK","30-Aug-2024","94846","20-Nov-2024"
"1250","Normal/Others","WS/MP18173/2025-2026/137910-Construction of community centers and community halls","Tamil Nadu","TIRUVANNAMALAI(DISTRICT COLLECTOR TIRUVANNAMALAI_IDA)","THARANIVENTHAN M S","ARANI","Construction Threshing Floor at Arasoor Panchayat","05-Sep-2024","598966","12-Jun-2025"
"1251","Normal/Others","WS/MP18173/2024-2025/137911-Construction of roads, link roads, pathways or any other road with or without drainage system","Tamil Nadu","TIRUVANNAMALAI(DISTRICT COLLECTOR TIRUVANNAMALAI_IDA)","THARANIVENTHAN M S","ARANI","Providing Cement Concrete Pavement Kammala Street in Alathur Panchayat","05-Sep-2024","599049","25-Mar-2025"
"1252","Normal/Others","WS/MP18173/2024-2025/137912-Construction of community centers and community halls","Tamil Nadu","TIRUVANNAMALAI(DISTRICT COLLECTOR TIRUVANNAMALAI_IDA)","THARANIVENTHAN M S","ARANI","Construction Threshing Floor near Kundru at Vinnavadi Panchayat","05-Sep-2024","599943","26-Mar-2025"
"1253","Normal/Others","WS/MP18173/2024-2025/137914-Construction of additional rooms and halls in the existing public and community building","Tamil Nadu","TIRUVANNAMALAI(DISTRICT COLLECTOR TIRUVANNAMALAI_IDA)","THARANIVENTHAN M S","ARANI","Construction of Kitchen Shed with Store Room at PUE School ADC in Kanikiluppai Panchayat","05-Sep-2024","769624","24-Oct-2024"
"1254","Normal/Others","WS/MP18173/2024-2025/137915-Construction of community centers and community halls","Tamil Nadu","TIRUVANNAMALAI(DISTRICT COLLECTOR TIRUVANNAMALAI_IDA)","THARANIVENTHAN M S","ARANI","Construction of Drama Stage in Agrapalayam Panchayat","05-Sep-2024","1000000","02-Jan-2025"
"1255","Normal/Others","WS/MP18173/2024-2025/137916-Construction of roads, link roads, pathways or any other road with or without drainage system","Tamil Nadu","TIRUVANNAMALAI(DISTRICT COLLECTOR TIRUVANNAMALAI_IDA)","THARANIVENTHAN M S","ARANI","Providing Cement Concrete Pavement at Chettithangal New Street in Sirumur Panchayat","05-Sep-2024","349860","02-Jan-2025"
"1256","Normal/Others","WS/MP18173/2024-2025/137917-Construction of roads, link roads, pathways or any other road with or without drainage system","Tamil Nadu","TIRUVANNAMALAI(DISTRICT COLLECTOR TIRUVANNAMALAI_IDA)","THARANIVENTHAN M S","ARANI","Providing Cement Concrete Pavement at Kanagampattu Mettu Street at Madurai Perumpattur Panchayat","05-Sep-2024","299814","21-Oct-2024"
"1257","Normal/Others","WS/MP18173/2024-2025/137918-Construction of roads, link roads, pathways or any other road with or without drainage system","Tamil Nadu","TIRUVANNAMALAI(DISTRICT COLLECTOR TIRUVANNAMALAI_IDA)","THARANIVENTHAN M S","ARANI","Providing Cement Concrete Pavement at Pattankulam Vasantham 2nd Street at Athimalaipattu Panchayat","05-Sep-2024","499500","21-Oct-2024"
"1258","Normal/Others","WS/MP18173/2024-2025/137919-Construction of roads, link roads, pathways or any other road with or without drainage system","Tamil Nadu","TIRUVANNAMALAI(DISTRICT COLLECTOR TIRUVANNAMALAI_IDA)","THARANIVENTHAN M S","ARANI","Providing Cement Concrete Pavement at Valluvar ADC at Vinnamangalam Panchayat","05-Sep-2024","499601","21-Oct-2024"
"1259","Normal/Others","WS/MP18173/2024-2025/137920-Construction of roads, link roads, pathways or any other road with or without drainage system","Tamil Nadu","TIRUVANNAMALAI(DISTRICT COLLECTOR TIRUVANNAMALAI_IDA)","THARANIVENTHAN M S","ARANI","Providing Cement Concrete Pavement at Kunjanthangal Pillaiyar Koil Street at 5-Puthur Panchayat","05-Sep-2024","299880","21-Oct-2024"
"1260","Normal/Others","WS/MP18173/2024-2025/137921-Construction of roads, link roads, pathways or any other road with or without drainage system","Tamil Nadu","TIRUVANNAMALAI(DISTRICT COLLECTOR TIRUVANNAMALAI_IDA)","THARANIVENTHAN M S","ARANI","Providing Cement Concrete Pavement at Munieswarar Street in Randham Panchayat","05-Sep-2024","499800","21-Oct-2024"
"1261","Normal/Others","WS/MP18173/2024-2025/137922-Construction of bus-sheds or bus-stops","Tamil Nadu","TIRUVANNAMALAI(DISTRICT COLLECTOR TIRUVANNAMALAI_IDA)","THARANIVENTHAN M S","ARANI","Construction of Bus Shelter at S.V. Nagar Panchayat","05-Sep-2024","1500000","02-Jan-2025"
"1262","Normal/Others","WS/MP18173/2024-2025/137923-Construction of roads, link roads, pathways or any other road with or without drainage system","Tamil Nadu","TIRUVANNAMALAI(DISTRICT COLLECTOR TIRUVANNAMALAI_IDA)","THARANIVENTHAN M S","ARANI","Providing Cement Concrete Pavement opposite to School and Drama Stage in Eramalur Panchayat","05-Sep-2024","99990","21-Oct-2024"
"1263","Normal/Others","WS/MP18173/2025-2026/137924-Fitting of Sitting RCC Benches in Public Places","Tamil Nadu","TIRUVANNAMALAI(DISTRICT COLLECTOR TIRUVANNAMALAI_IDA)","THARANIVENTHAN M S","ARANI","Providing Desk & Bench at Aringar Art & Science College, Cheyyar","05-Sep-2024","1460000","25-Apr-2025"
"1264","Normal/Others","WS/MP18173/2024-2025/137925-Construction of community centers and community halls","Tamil Nadu","Viluppuram(DISTRICT COLLECTOR VILLUPURAM_IDA)","THARANIVENTHAN M S","ARANI","Construction of Fair Price Shop at Appampattu village in Konai Panchayat","05-Sep-2024","1352339","20-Nov-2024"
"1265","Normal/Others","WS/MP18173/2024-2025/137926-Construction of buildings for crèches and anganwadies","Tamil Nadu","Viluppuram(DISTRICT COLLECTOR VILLUPURAM_IDA)","THARANIVENTHAN M S","ARANI","Construction of New Anganwadi Building ADC in Kommamedu Panchayat","05-Sep-2024","1768860","24-Sep-2024"
"1266","Normal/Others","WS/MP18173/2024-2025/137927-Construction of buildings for community cultural activities","Tamil Nadu","Viluppuram(DISTRICT COLLECTOR VILLUPURAM_IDA)","THARANIVENTHAN M S","ARANI","Construction of Drama Stage in Thiruvadikunnam Panchayat","05-Sep-2024","849119","24-Sep-2024"
"1267","Normal/Others","WS/MP18173/2024-2025/137928-Construction of buildings for crèches and anganwadies","Tamil Nadu","Viluppuram(DISTRICT COLLECTOR VILLUPURAM_IDA)","THARANIVENTHAN M S","ARANI","Construction of New Anganwadi Building ADC in Kappalambadi Panchayat","05-Sep-2024","1768321","24-Sep-2024"
"1268","Normal/Others","WS/MP18173/2024-2025/137929-Construction of community centers and community halls","Tamil Nadu","Viluppuram(DISTRICT COLLECTOR VILLUPURAM_IDA)","THARANIVENTHAN M S","ARANI","Construction of Fair Price Shop at Melarangunam  Panchayat","05-Sep-2024","1358916","21-Oct-2024"
"1269","Normal/Others","WS/MP552/2024-2025/137930-Construction of common work sheds/ common covered sitting area","Bihar","PURBI CHAMPARAN(DISTRICT PLANNING OFFICER MOTHIHARI EAST CHAMPARAN_IDA)","Radha Mohan Singh","PURVI CHAMPARAN","Sangrampur block ke bazar me shedyukt chabutara ke samane shed ka nirman karya part-2","31-Aug-2024","858756","11-Sep-2024"
"1270","Normal/Others","WS/MP423/2024-2025/137935-Construction of roads, link roads, pathways or any other road with or without drainage system","West Bengal","South 24 Parganas(DISTRICT MAGISTRATE SOUTH TWENTY FOUR PARGANAS_IDA)","Shri Abhishek Banerjee","DIAMOND HARBOUR","Construction Of CC Road from H/O Shekhar Baidya To H/O Sandha Biswas. (200 mtr)","31-Aug-2024","300000","24-Oct-2024"
"1271","Normal/Others","WS/MP423/2024-2025/137936-Construction of roads, link roads, pathways or any other road with or without drainage system","West Bengal","South 24 Parganas(DISTRICT MAGISTRATE SOUTH TWENTY FOUR PARGANAS_IDA)","Shri Abhishek Banerjee","DIAMOND HARBOUR","Construction Of CC Road from H/O Golam Ali Mollik To H/O Alfaj Sk. (100 mtr)","31-Aug-2024","200000","24-Oct-2024"
"1272","Normal/Others","WS/MP18219/2025-2026/137939-Lighting of public spaces","Uttar Pradesh","MAHOBA(DISTRICT MAGISTRAE MAHOBA_IDA)","AJENDRA SINGH LODHI","HAMIRPUR_UP","1.High mast light balendra yadav ke makan ke pass","11-Sep-2024","400000","10-Jun-2025"
"1273","Normal/Others","WS/MP18219/2025-2026/137940-Lighting of public spaces","Uttar Pradesh","MAHOBA(DISTRICT MAGISTRAE MAHOBA_IDA)","AJENDRA SINGH LODHI","HAMIRPUR_UP","1.High mast light Ramprakash bhaiya jee ke bade ke samane","11-Sep-2024","400000","10-Jun-2025"
"1274","Normal/Others","WS/MP18219/2025-2026/137941-Lighting of public spaces","Uttar Pradesh","MAHOBA(DISTRICT MAGISTRAE MAHOBA_IDA)","AJENDRA SINGH LODHI","HAMIRPUR_UP","1.high mast light Imiliya talab ke pass.","11-Sep-2024","400000","10-Jun-2025"
"1275","Normal/Others","WS/MP18219/2025-2026/137942-Lighting of public spaces","Uttar Pradesh","MAHOBA(DISTRICT MAGISTRAE MAHOBA_IDA)","AJENDRA SINGH LODHI","HAMIRPUR_UP","1.high mast light amrat sarovar ke pass.","11-Sep-2024","400000","10-Jun-2025"
"1276","Normal/Others","WS/MP18219/2025-2026/137943-Lighting of public spaces","Uttar Pradesh","MAHOBA(DISTRICT MAGISTRAE MAHOBA_IDA)","AJENDRA SINGH LODHI","HAMIRPUR_UP","1.high mast light Jhanda chauk maidan.","11-Sep-2024","400000","10-Jun-2025"
"1277","Normal/Others","WS/MP18219/2025-2026/137944-Lighting of public spaces","Uttar Pradesh","MAHOBA(DISTRICT MAGISTRAE MAHOBA_IDA)","AJENDRA SINGH LODHI","HAMIRPUR_UP","1.High mast light Harjan basti hetram ke makan ke pass.","11-Sep-2024","400000","10-Jun-2025"
"1278","Normal/Others","WS/MP18219/2025-2026/137945-Lighting of public spaces","Uttar Pradesh","MAHOBA(DISTRICT MAGISTRAE MAHOBA_IDA)","AJENDRA SINGH LODHI","HAMIRPUR_UP","1.High mast light Bhoopendra tiwari ke makan ke pass.","11-Sep-2024","400000","10-Jun-2025"
"1279","Normal/Others","WS/MP18219/2025-2026/137946-Lighting of public spaces","Uttar Pradesh","MAHOBA(DISTRICT MAGISTRAE MAHOBA_IDA)","AJENDRA SINGH LODHI","HAMIRPUR_UP","1.High mast light Dhani maharaj ke mandir ke pass.","11-Sep-2024","400000","10-Jun-2025"
"1280","Normal/Others","WS/MP18219/2025-2026/137947-Lighting of public spaces","Uttar Pradesh","MAHOBA(DISTRICT MAGISTRAE MAHOBA_IDA)","AJENDRA SINGH LODHI","HAMIRPUR_UP","1.High Mast Light Sarkari asptal ke pass.","11-Sep-2024","400000","10-Jun-2025"
"1281","Normal/Others","WS/MP18219/2025-2026/137948-Lighting of public spaces","Uttar Pradesh","MAHOBA(DISTRICT MAGISTRAE MAHOBA_IDA)","AJENDRA SINGH LODHI","HAMIRPUR_UP","1.High mast light Police chauki ke pass","11-Sep-2024","400000","10-Jun-2025"
"1282","Normal/Others","WS/MP18219/2025-2026/137949-Lighting of public spaces","Uttar Pradesh","MAHOBA(DISTRICT MAGISTRAE MAHOBA_IDA)","AJENDRA SINGH LODHI","HAMIRPUR_UP","1.High mast Light Mahaveer ke mandir ke pass.","11-Sep-2024","400000","10-Jun-2025"
"1283","Normal/Others","WS/MP18219/2025-2026/137950-Lighting of public spaces","Uttar Pradesh","MAHOBA(DISTRICT MAGISTRAE MAHOBA_IDA)","AJENDRA SINGH LODHI","HAMIRPUR_UP","1.High Mast Light Ramkrapal ke pass.","11-Sep-2024","400000","10-Jun-2025"
"1284","Normal/Others","WS/MP18219/2025-2026/137951-Lighting of public spaces","Uttar Pradesh","MAHOBA(DISTRICT MAGISTRAE MAHOBA_IDA)","AJENDRA SINGH LODHI","HAMIRPUR_UP","1.High Mast Light Jeetendra ke makan ke pass.","11-Sep-2024","400000","10-Jun-2025"
"1285","Normal/Others","WS/MP18219/2025-2026/137952-Lighting of public spaces","Uttar Pradesh","MAHOBA(DISTRICT MAGISTRAE MAHOBA_IDA)","AJENDRA SINGH LODHI","HAMIRPUR_UP","1.High Mast light Durga mata Mandir ke pass","11-Sep-2024","400000","10-Jun-2025"
"1286","Normal/Others","WS/MP18219/2025-2026/137953-Lighting of public spaces","Uttar Pradesh","MAHOBA(DISTRICT MAGISTRAE MAHOBA_IDA)","AJENDRA SINGH LODHI","HAMIRPUR_UP","1.High Mast light Durga mata Mandir ke pass","11-Sep-2024","323000","30-Sep-2025"
"1287","Normal/Others","WS/MP18219/2025-2026/137954-Lighting of public spaces","Uttar Pradesh","MAHOBA(DISTRICT MAGISTRAE MAHOBA_IDA)","AJENDRA SINGH LODHI","HAMIRPUR_UP","1.High Mast Light Shankar jee ke mandir ke pass","11-Sep-2024","323000","30-Sep-2025"
"1288","Normal/Others","WS/MP18219/2025-2026/137955-Lighting of public spaces","Uttar Pradesh","MAHOBA(DISTRICT MAGISTRAE MAHOBA_IDA)","AJENDRA SINGH LODHI","HAMIRPUR_UP","1.High mast Light Talab ke pass","11-Sep-2024","323000","30-Sep-2025"
"1289","Normal/Others","WS/MP18219/2025-2026/137956-Lighting of public spaces","Uttar Pradesh","MAHOBA(DISTRICT MAGISTRAE MAHOBA_IDA)","AJENDRA SINGH LODHI","HAMIRPUR_UP","1.High Mast Light Surendra sain ke makan ke pass.","11-Sep-2024","323000","30-Sep-2025"
"1290","Normal/Others","WS/MP18219/2025-2026/137957-Lighting of public spaces","Uttar Pradesh","MAHOBA(DISTRICT MAGISTRAE MAHOBA_IDA)","AJENDRA SINGH LODHI","HAMIRPUR_UP","1.High mast Light  Shankar jee ke mandir ke pass.","11-Sep-2024","323000","30-Sep-2025"
"1291","Normal/Others","WS/MP18219/2025-2026/137958-Lighting of public spaces","Uttar Pradesh","MAHOBA(DISTRICT MAGISTRAE MAHOBA_IDA)","AJENDRA SINGH LODHI","HAMIRPUR_UP","1.High mast Light  Shankar jee ke mandir ke pass.","11-Sep-2024","323000","30-Sep-2025"
"1292","Normal/Others","WS/MP18219/2025-2026/137959-Lighting of public spaces","Uttar Pradesh","MAHOBA(DISTRICT MAGISTRAE MAHOBA_IDA)","AJENDRA SINGH LODHI","HAMIRPUR_UP","1.High Mast Light Ramleela Maidan ke pass","11-Sep-2024","323000","30-Sep-2025"
"1293","Normal/Others","WS/MP18219/2025-2026/137960-Lighting of public spaces","Uttar Pradesh","MAHOBA(DISTRICT MAGISTRAE MAHOBA_IDA)","AJENDRA SINGH LODHI","HAMIRPUR_UP","1.High Mast light ashok ke makan ke pass","11-Sep-2024","323000","30-Sep-2025"
"1294","Normal/Others","WS/MP18219/2025-2026/137961-Lighting of public spaces","Uttar Pradesh","MAHOBA(DISTRICT MAGISTRAE MAHOBA_IDA)","AJENDRA SINGH LODHI","HAMIRPUR_UP","1High Mast Light Panwari Tigaila","11-Sep-2024","323000","30-Sep-2025"
"1295","Normal/Others","WS/MP18219/2025-2026/137962-Lighting of public spaces","Uttar Pradesh","HAMIRPUR(DISTRICT MAGISTRATE HAMIRPUR_2)","AJENDRA SINGH LODHI","HAMIRPUR_UP","1.High Mast Light Vipin mantri ke makan ke pass","11-Sep-2024","400000","27-Nov-2025"
"1296","Normal/Others","WS/MP18219/2025-2026/137963-Lighting of public spaces","Uttar Pradesh","HAMIRPUR(DISTRICT MAGISTRATE HAMIRPUR_2)","AJENDRA SINGH LODHI","HAMIRPUR_UP","1.High Mast light Police station","11-Sep-2024","400000","27-Nov-2025"
"1297","Normal/Others","WS/MP18219/2025-2026/137964-Lighting of public spaces","Uttar Pradesh","HAMIRPUR(DISTRICT MAGISTRATE HAMIRPUR_2)","AJENDRA SINGH LODHI","HAMIRPUR_UP","1.High Mast light Manohar singh ke ghar ke pass","11-Sep-2024","400000","27-Nov-2025"
"1298","Normal/Others","WS/MP18219/2025-2026/137965-Lighting of public spaces","Uttar Pradesh","HAMIRPUR(DISTRICT MAGISTRATE HAMIRPUR_2)","AJENDRA SINGH LODHI","HAMIRPUR_UP","1.High Mast Light Bhuiya rani mandir ke pass","11-Sep-2024","400000","27-Nov-2025"
"1299","Normal/Others","WS/MP18219/2025-2026/137966-Lighting of public spaces","Uttar Pradesh","HAMIRPUR(DISTRICT MAGISTRATE HAMIRPUR_2)","AJENDRA SINGH LODHI","HAMIRPUR_UP","High Mast Light Mandir ke pass","11-Sep-2024","400000","27-Nov-2025"
"1300","Normal/Others","WS/MP18219/2025-2026/137967-Lighting of public spaces","Uttar Pradesh","HAMIRPUR(DISTRICT MAGISTRATE HAMIRPUR_2)","AJENDRA SINGH LODHI","HAMIRPUR_UP","1.High Mast Light Samajwadi Party  karyalay ke pass","11-Sep-2024","400000","27-Nov-2025"
"1301","Normal/Others","WS/MP18219/2025-2026/137968-Lighting of public spaces","Uttar Pradesh","MAHOBA(DISTRICT MAGISTRAE MAHOBA_IDA)","AJENDRA SINGH LODHI","HAMIRPUR_UP","1.High Mast Light samajwadi karyalay ke pass","11-Sep-2024","323000","30-Sep-2025"
"1302","Normal/Others","WS/MP18219/2025-2026/137969-Lighting of public spaces","Uttar Pradesh","HAMIRPUR(DISTRICT MAGISTRATE HAMIRPUR_2)","AJENDRA SINGH LODHI","HAMIRPUR_UP","1.High Mast Light BSNL tower ke pass","11-Sep-2024","400000","27-Nov-2025"
"1303","Normal/Others","WS/MP18219/2025-2026/137970-Lighting of public spaces","Uttar Pradesh","HAMIRPUR(DISTRICT MAGISTRATE HAMIRPUR_2)","AJENDRA SINGH LODHI","HAMIRPUR_UP","1.High Mast Light Jeetendra ke makan ke pass","11-Sep-2024","400000","27-Nov-2025"
"1304","Normal/Others","WS/MP18219/2025-2026/137971-Lighting of public spaces","Uttar Pradesh","HAMIRPUR(DISTRICT MAGISTRATE HAMIRPUR_2)","AJENDRA SINGH LODHI","HAMIRPUR_UP","1.High Mast Light Ram janki mandir ke pass","11-Sep-2024","400000","27-Nov-2025"
"1305","Normal/Others","WS/MP18219/2025-2026/137972-Lighting of public spaces","Uttar Pradesh","HAMIRPUR(DISTRICT MAGISTRATE HAMIRPUR_2)","AJENDRA SINGH LODHI","HAMIRPUR_UP","1.High Mast Light Rajendra ke ghar ke pass","11-Sep-2024","400000","27-Nov-2025"
"1306","Normal/Others","WS/MP18219/2025-2026/137973-Lighting of public spaces","Uttar Pradesh","HAMIRPUR(DISTRICT MAGISTRATE HAMIRPUR_2)","AJENDRA SINGH LODHI","HAMIRPUR_UP","1.High mast light","11-Sep-2024","400000","27-Nov-2025"
"1307","Normal/Others","WS/MP18206/2024-2025/137974-Lighting of public spaces","Uttar Pradesh","BANDA(DISTRICT MAGISTRATE BANDA_IDA)","KRISHNA DEVI SHIVSHANKER PATEL","BANDA","1-gram panchayat miyan barauli me ramjanki kuti ke paas sarvjanik sthan par  himax light sthapna kary","31-Aug-2024","232197.98","27-Nov-2024"
"1308","Normal/Others","WS/MP18206/2024-2025/137975-Lighting of public spaces","Uttar Pradesh","BANDA(DISTRICT MAGISTRATE BANDA_IDA)","KRISHNA DEVI SHIVSHANKER PATEL","BANDA","3-gram panchayat miyan barauli me poorv madhyamik vidyalay ke paas sarvjanik sthan par  himax light sthapna kary","31-Aug-2024","232197.98","27-Nov-2024"
"1309","Normal/Others","WS/MP18206/2024-2025/137976-Lighting of public spaces","Uttar Pradesh","BANDA(DISTRICT MAGISTRATE BANDA_IDA)","KRISHNA DEVI SHIVSHANKER PATEL","BANDA","2-gram panchayat miyan barauli me baijnath yadav ke chaurahe ke paas sarvjanik sthan par  himax light sthapna kary","31-Aug-2024","232197.98","18-Nov-2024"
"1310","Normal/Others","WS/MP18206/2024-2025/137977-Lighting of public spaces","Uttar Pradesh","BANDA(DISTRICT MAGISTRATE BANDA_IDA)","KRISHNA DEVI SHIVSHANKER PATEL","BANDA","4-gram panchayat miya barauli me ram ji khengar ke chaurahe ke paas sarvjanik sthan par himax light sthapna kary","31-Aug-2024","232197.98","18-Dec-2024"
"1311","Normal/Others","WS/MP18206/2024-2025/137978-Lighting of public spaces","Uttar Pradesh","BANDA(DISTRICT MAGISTRATE BANDA_IDA)","KRISHNA DEVI SHIVSHANKER PATEL","BANDA","gram panchayat patwan me surypal yadav ke samne kunwa ke paas sarvjanik sthan par himax light sthapna kary","31-Aug-2024","232197.98","18-Nov-2024"
"1312","Normal/Others","WS/MP18206/2024-2025/137979-Lighting of public spaces","Uttar Pradesh","BANDA(DISTRICT MAGISTRATE BANDA_IDA)","KRISHNA DEVI SHIVSHANKER PATEL","BANDA","gram panchayat daftara me bhawani dai mandir ke paas sarvjanik sthan par himax light sthapna kary","31-Aug-2024","232197.98","13-Nov-2024"
"1313","Normal/Others","WS/MP18206/2024-2025/137980-Lighting of public spaces","Uttar Pradesh","BANDA(DISTRICT MAGISTRATE BANDA_IDA)","KRISHNA DEVI SHIVSHANKER PATEL","BANDA","gram panchayt achhah me thakur bsba ke pass sarvjanik sthan par himax light sthapna kary","31-Aug-2024","232197.98","13-Nov-2024"
"1314","Normal/Others","WS/MP18206/2024-2025/137981-Lighting of public spaces","Uttar Pradesh","BANDA(DISTRICT MAGISTRATE BANDA_IDA)","KRISHNA DEVI SHIVSHANKER PATEL","BANDA","gram panchayat achhah me akhada maidan ke paas sarvjanik sthan par himax light sthapna kary","31-Aug-2024","232197.98","28-Nov-2024"
"1315","Normal/Others","WS/MP18206/2024-2025/137982-Lighting of public spaces","Uttar Pradesh","BANDA(DISTRICT MAGISTRATE BANDA_IDA)","KRISHNA DEVI SHIVSHANKER PATEL","BANDA","gram panchayat  samsuddinpur me shiv mandir talab ke paas sarvjanik sthan par himax light sthapna kary","31-Aug-2024","232197.98","13-Nov-2024"
"1316","Normal/Others","WS/MP18206/2024-2025/137983-Lighting of public spaces","Uttar Pradesh","BANDA(DISTRICT MAGISTRATE BANDA_IDA)","KRISHNA DEVI SHIVSHANKER PATEL","BANDA","gram panchayt Ban banroulee me  sarvjanik sthan par himax light sthapna kary","31-Aug-2024","232197.98","13-Nov-2024"
"1317","Normal/Others","WS/MP18206/2024-2025/137984-Lighting of public spaces","Uttar Pradesh","BANDA(DISTRICT MAGISTRATE BANDA_IDA)","KRISHNA DEVI SHIVSHANKER PATEL","BANDA","gram panchayat narayanpur me krishnpal yadav ke chaurahe ke paas sarvjanik sthan par himax light sthapna kary","31-Aug-2024","232197.98","13-Nov-2024"
"1318","Normal/Others","WS/MP18206/2024-2025/137985-Lighting of public spaces","Uttar Pradesh","BANDA(DISTRICT MAGISTRATE BANDA_IDA)","KRISHNA DEVI SHIVSHANKER PATEL","BANDA","gram panchayat banthari me jamrehinath mandir ke paas sarvjanik sthan par himax light sthapna kary","31-Aug-2024","232197.98","13-Nov-2024"
"1319","Normal/Others","WS/MP18206/2024-2025/137986-Lighting of public spaces","Uttar Pradesh","BANDA(DISTRICT MAGISTRATE BANDA_IDA)","KRISHNA DEVI SHIVSHANKER PATEL","BANDA","gram panchayt aliha me vanka dai ke sthan ke paas chaurahe me sarvjanik sthan par himax light sthapna kary","31-Aug-2024","232197.98","28-Nov-2024"
"1320","Normal/Others","WS/MP18206/2024-2025/137987-Lighting of public spaces","Uttar Pradesh","BANDA(DISTRICT MAGISTRATE BANDA_IDA)","KRISHNA DEVI SHIVSHANKER PATEL","BANDA","gram panchayat badauli me mandir maidan chaurahe ke paas sarvjanik sthan par himax light sthapna kary","31-Aug-2024","232197.98","13-Nov-2024"
"1321","Normal/Others","WS/MP18206/2024-2025/137988-Lighting of public spaces","Uttar Pradesh","BANDA(DISTRICT MAGISTRATE BANDA_IDA)","KRISHNA DEVI SHIVSHANKER PATEL","BANDA","gram panchayat kemedha sani me shankar ji ke mandir ke paas devrar kuti me sarvjanik sthan par himax light sthapna kary","31-Aug-2024","232197.98","13-Nov-2024"
"1322","Normal/Others","WS/MP18206/2024-2025/137989-Lighting of public spaces","Uttar Pradesh","BANDA(DISTRICT MAGISTRATE BANDA_IDA)","KRISHNA DEVI SHIVSHANKER PATEL","BANDA","gram panchayat kemedha sani me durga dai ke sthsn ke paas sarvjanik sthan par himax light sthapna kary","31-Aug-2024","232197.98","13-Nov-2024"
"1323","Normal/Others","WS/MP18206/2024-2025/137990-Lighting of public spaces","Uttar Pradesh","BANDA(DISTRICT MAGISTRATE BANDA_IDA)","KRISHNA DEVI SHIVSHANKER PATEL","BANDA","gram panchayat mamasi khurd ke kandhai purawa me tirahe ke paas sarvjanik sthan par himax light sthapna kary","31-Aug-2024","232197.98","13-Nov-2024"
"1324","Normal/Others","WS/MP18206/2024-2025/137991-Lighting of public spaces","Uttar Pradesh","BANDA(DISTRICT MAGISTRATE BANDA_IDA)","KRISHNA DEVI SHIVSHANKER PATEL","BANDA","gram panchayat enguva ke majara  gonda me vimlesh yadav ke ghar ke samne sarvjanik sthan par himax light sthapna kary","31-Aug-2024","232197.98","13-Nov-2024"
"1325","Normal/Others","WS/MP18206/2024-2025/137992-Lighting of public spaces","Uttar Pradesh","BANDA(DISTRICT MAGISTRATE BANDA_IDA)","KRISHNA DEVI SHIVSHANKER PATEL","BANDA","gram panchayat chakrehi me guljar yadav ke chaurahe paas sarvjanik sthan par himax light sthapna kary","31-Aug-2024","232197.98","13-Nov-2024"
"1326","Normal/Others","WS/MP18206/2024-2025/137993-Lighting of public spaces","Uttar Pradesh","BANDA(DISTRICT MAGISTRATE BANDA_IDA)","KRISHNA DEVI SHIVSHANKER PATEL","BANDA","gram panchayat andaura me mahendra pratap a d o sahab ke tirahe me sarvjanik sthan par himax light sthapna kary","31-Aug-2024","232197.98","12-Nov-2024"
"1327","Normal/Others","WS/MP18206/2024-2025/137994-Lighting of public spaces","Uttar Pradesh","BANDA(DISTRICT MAGISTRATE BANDA_IDA)","KRISHNA DEVI SHIVSHANKER PATEL","BANDA","gram panchayat dhundhui me rameshwar yadav ke makan ke chaurahe ke paas sarvjanik sthan par himax light sthapna kary","31-Aug-2024","232197.98","12-Nov-2024"
"1328","Normal/Others","WS/MP18206/2024-2025/137995-Lighting of public spaces","Uttar Pradesh","BANDA(DISTRICT MAGISTRATE BANDA_IDA)","KRISHNA DEVI SHIVSHANKER PATEL","BANDA","gram panchayat bhadanv me nanku yadav poorv pradhan ke tirahe ke paas sarvjanik sthan par himax light sthapna kary","31-Aug-2024","232197.98","12-Nov-2024"
"1329","Normal/Others","WS/MP18206/2024-2025/137996-Lighting of public spaces","Uttar Pradesh","BANDA(DISTRICT MAGISTRATE BANDA_IDA)","KRISHNA DEVI SHIVSHANKER PATEL","BANDA","gram panchayat maraulee me baberu oran marg me bade dev baba ke paas sarvjanik sthan par himax light sthapna kary","31-Aug-2024","232197.98","12-Nov-2024"
"1330","Normal/Others","WS/MP18206/2024-2025/137997-Lighting of public spaces","Uttar Pradesh","BANDA(DISTRICT MAGISTRATE BANDA_IDA)","KRISHNA DEVI SHIVSHANKER PATEL","BANDA","gram panchayat bakal me jogini mata mandir ke paas sarvjanik sthan par himax light sthapna kary","31-Aug-2024","232197.98","04-Nov-2024"
"1331","Normal/Others","WS/MP18206/2024-2025/137998-Lighting of public spaces","Uttar Pradesh","BANDA(DISTRICT MAGISTRATE BANDA_IDA)","KRISHNA DEVI SHIVSHANKER PATEL","BANDA","gram panchayat baroulee azam me bala prasad ke hnuman mandir ke paas sarvjanik sthan par himax light sthapna kary","31-Aug-2024","232197.98","09-Nov-2024"
"1332","Normal/Others","WS/MP18206/2024-2025/137999-Lighting of public spaces","Uttar Pradesh","BANDA(DISTRICT MAGISTRATE BANDA_IDA)","KRISHNA DEVI SHIVSHANKER PATEL","BANDA","gram panchayat badaganv me thakur ji ke sthan par sarvjanik sthan par himax light sthapna kary","31-Aug-2024","232197.98","09-Nov-2024"
"1333","Normal/Others","WS/MP18206/2024-2025/138000-Lighting of public spaces","Uttar Pradesh","BANDA(DISTRICT MAGISTRATE BANDA_IDA)","KRISHNA DEVI SHIVSHANKER PATEL","BANDA","gram panchayat vinvat me sabhajeet yadav ke makan ke chaurahe ke paas sarvjanik sthan par himax light sthapna kary","31-Aug-2024","232197.98","04-Nov-2024"
"1334","Normal/Others","WS/MP18206/2024-2025/138001-Lighting of public spaces","Uttar Pradesh","BANDA(DISTRICT MAGISTRATE BANDA_IDA)","KRISHNA DEVI SHIVSHANKER PATEL","BANDA","gram panchayat bhadehadu me Rajesh kumar master sahab ke paas sarvjanik sthan par himax light sthapna kary","31-Aug-2024","232197.98","04-Nov-2024"
"1335","Normal/Others","WS/MP18206/2024-2025/138002-Lighting of public spaces","Uttar Pradesh","BANDA(DISTRICT MAGISTRATE BANDA_IDA)","KRISHNA DEVI SHIVSHANKER PATEL","BANDA","gram panchyat milathu me karoo baba ke sthan par sarvjanik sthan par himax light sthapna kary","31-Aug-2024","232197.98","04-Nov-2024"
"1336","Normal/Others","WS/MP18206/2024-2025/138003-Lighting of public spaces","Uttar Pradesh","BANDA(DISTRICT MAGISTRATE BANDA_IDA)","KRISHNA DEVI SHIVSHANKER PATEL","BANDA","gram panchayat chandrayal me dhama baba mandir ke paas sarvjanik sthan par himax light sthapna kary","31-Aug-2024","232197.98","04-Nov-2024"
"1337","Normal/Others","WS/MP18206/2024-2025/138004-Lighting of public spaces","Uttar Pradesh","BANDA(DISTRICT MAGISTRATE BANDA_IDA)","KRISHNA DEVI SHIVSHANKER PATEL","BANDA","gram panchayat Beera ka majara sandi Beera ka majara sandi me shivmangal yadav ka dera  sarvjanik sthan par himax light sthapna kary","31-Aug-2024","232197.98","04-Nov-2024"
"1338","Normal/Others","WS/MP18206/2024-2025/138005-Lighting of public spaces","Uttar Pradesh","BANDA(DISTRICT MAGISTRATE BANDA_IDA)","KRISHNA DEVI SHIVSHANKER PATEL","BANDA","gram panchayat marka me mukhy tirahe me sarvjanik sthan par himax light sthapna kary","31-Aug-2024","232197.98","04-Nov-2024"
"1339","Normal/Others","WS/MP18206/2024-2025/138006-Lighting of public spaces","Uttar Pradesh","BANDA(DISTRICT MAGISTRATE BANDA_IDA)","KRISHNA DEVI SHIVSHANKER PATEL","BANDA","gram panchayat kamasin ke dando tirahe me sarvjanik sthan par himax light sthapna kary","31-Aug-2024","232197.98","04-Nov-2024"
"1340","Normal/Others","WS/MP18206/2024-2025/138007-Lighting of public spaces","Uttar Pradesh","BANDA(DISTRICT MAGISTRATE BANDA_IDA)","KRISHNA DEVI SHIVSHANKER PATEL","BANDA","gram panchayat dandau me chunubad yadav poorv pradhan ke sarvjanik sthsn par himax light sthapna kary","31-Aug-2024","232197.98","26-Oct-2024"
"1341","Normal/Others","WS/MP18206/2024-2025/138008-Lighting of public spaces","Uttar Pradesh","BANDA(DISTRICT MAGISTRATE BANDA_IDA)","KRISHNA DEVI SHIVSHANKER PATEL","BANDA","gram panchayat kalana me devi ji ke sthan par sarvjanik sthan par himax light sthapna kary","31-Aug-2024","232197.98","26-Oct-2024"
"1342","Normal/Others","WS/MP18206/2024-2025/138009-Lighting of public spaces","Uttar Pradesh","BANDA(DISTRICT MAGISTRATE BANDA_IDA)","KRISHNA DEVI SHIVSHANKER PATEL","BANDA","gram panchayat audaha ke majra amiliha purawa me ram singh yadav ke samne sarvjanik sthan par","31-Aug-2024","232197.98","28-Nov-2024"
"1343","Normal/Others","WS/MP18206/2024-2025/138010-Lighting of public spaces","Uttar Pradesh","BANDA(DISTRICT MAGISTRATE BANDA_IDA)","KRISHNA DEVI SHIVSHANKER PATEL","BANDA","gram panchayat ragoulee ke majra baghanda me bhairav baba ke sthan par sarvjanik sthan par himax light sthapna kary","31-Aug-2024","232197.98","26-Oct-2024"
"1344","Normal/Others","WS/MP18206/2024-2025/138011-Lighting of public spaces","Uttar Pradesh","BANDA(DISTRICT MAGISTRATE BANDA_IDA)","KRISHNA DEVI SHIVSHANKER PATEL","BANDA","gram panchayat hardaoulee me imambada masjid ke paas sarvjanik sthan par himax light sthapna kary","31-Aug-2024","232197.98","26-Oct-2024"
"1345","Normal/Others","WS/MP18206/2024-2025/138012-Lighting of public spaces","Uttar Pradesh","BANDA(DISTRICT MAGISTRATE BANDA_IDA)","KRISHNA DEVI SHIVSHANKER PATEL","BANDA","gram panchayat armar me jind baba ke sthsn par sarvjanik sthan par himax light sthapna kary","31-Aug-2024","232197.98","26-Oct-2024"
"1346","Normal/Others","WS/MP18206/2024-2025/138013-Lighting of public spaces","Uttar Pradesh","BANDA(DISTRICT MAGISTRATE BANDA_IDA)","KRISHNA DEVI SHIVSHANKER PATEL","BANDA","gram panchayat pindaran ke muhalla bajar koora me shankar ji ke sthan par sarvjanik sthan par himax light sthapna kary","31-Aug-2024","232197.98","26-Oct-2024"
"1347","Normal/Others","WS/MP18206/2024-2025/138014-Lighting of public spaces","Uttar Pradesh","BANDA(DISTRICT MAGISTRATE BANDA_IDA)","KRISHNA DEVI SHIVSHANKER PATEL","BANDA","gram panchayat kairee me chaukadi dai ke sthan par sarvjanik sthan par himax light sthapna kary","31-Aug-2024","232197.98","22-Oct-2024"
"1348","Normal/Others","WS/MP18206/2024-2025/138015-Lighting of public spaces","Uttar Pradesh","BANDA(DISTRICT MAGISTRATE BANDA_IDA)","KRISHNA DEVI SHIVSHANKER PATEL","BANDA","gram panchayat anvan me kuti me talab ke paas sarvjanik sthan par himax light sthapna kary","31-Aug-2024","232197.98","22-Oct-2024"
"1349","Normal/Others","WS/MP18206/2024-2025/138016-Lighting of public spaces","Uttar Pradesh","BANDA(DISTRICT MAGISTRATE BANDA_IDA)","KRISHNA DEVI SHIVSHANKER PATEL","BANDA","gram panchayat badaulee ke majra kyotara me prathmik vidyalay ke paas sarvjanik sthan par himax light sthapna kary","31-Aug-2024","232197.98","22-Oct-2024"
"1350","Normal/Others","WS/MP18206/2024-2025/138017-Lighting of public spaces","Uttar Pradesh","BANDA(DISTRICT MAGISTRATE BANDA_IDA)","KRISHNA DEVI SHIVSHANKER PATEL","BANDA","gram panchayat devartha me dyaram patel ke bada ke paas tirahe me sarvjanik sthan par himax light sthapna kary","31-Aug-2024","232197.98","22-Oct-2024"
"1351","Normal/Others","WS/MP423/2024-2025/138018-Construction of roads, link roads, pathways or any other road with or without drainage system","West Bengal","South 24 Parganas(DISTRICT MAGISTRATE SOUTH TWENTY FOUR PARGANAS_IDA)","Shri Abhishek Banerjee","DIAMOND HARBOUR","Construction Of CC Road from Rakhakalitala (Bindupara) to H/O Sanat Bindu Via H/O Arun Bindu. (120 mtr)","31-Aug-2024","200000","24-Oct-2024"
"1352","Normal/Others","WS/MP423/2024-2025/138021-Construction of roads, link roads, pathways or any other road with or without drainage system","West Bengal","South 24 Parganas(DISTRICT MAGISTRATE SOUTH TWENTY FOUR PARGANAS_IDA)","Shri Abhishek Banerjee","DIAMOND HARBOUR","Construction of CC Road from H/O Gopal Das to H/O Dukhiram Das. (150 mtr)","31-Aug-2024","300000","24-Oct-2024"
"1353","Normal/Others","WS/MP423/2024-2025/138024-Construction of roads, link roads, pathways or any other road with or without drainage system","West Bengal","South 24 Parganas(DISTRICT MAGISTRATE SOUTH TWENTY FOUR PARGANAS_IDA)","Shri Abhishek Banerjee","DIAMOND HARBOUR","Construction Of CC Road from H/O Dilip Mal to H/O Kanai Mal. (75 mtr)","31-Aug-2024","150000","24-Oct-2024"
"1354","Normal/Others","WS/MP423/2024-2025/138025-Providing drains and gutters for public drainage","West Bengal","South 24 Parganas(DISTRICT MAGISTRATE SOUTH TWENTY FOUR PARGANAS_IDA)","Shri Abhishek Banerjee","DIAMOND HARBOUR","Construction of CC Drain from H/O Latika Mondal to Shamalesh Halder's land Via H/O Sanat Haldar. (120 mtr)","31-Aug-2024","199993","24-Oct-2024"
"1355","Normal/Others","WS/MP423/2024-2025/138026-Construction of roads, link roads, pathways or any other road with or without drainage system","West Bengal","South 24 Parganas(DISTRICT MAGISTRATE SOUTH TWENTY FOUR PARGANAS_IDA)","Shri Abhishek Banerjee","DIAMOND HARBOUR","Construction of CC Road from H/O Monirul Sk to H/O liyakat Sipai. (120 mtr)","31-Aug-2024","200000","24-Oct-2024"
"1356","Normal/Others","WS/MP423/2024-2025/138027-Construction of roads, link roads, pathways or any other road with or without drainage system","West Bengal","South 24 Parganas(DISTRICT MAGISTRATE SOUTH TWENTY FOUR PARGANAS_IDA)","Shri Abhishek Banerjee","DIAMOND HARBOUR","Construction of CC Road from Sri Krishna Builders to  H/O Bimal Mukherjee. (135 mtr)","31-Aug-2024","250000","24-Oct-2024"
"1357","Normal/Others","WS/MP423/2024-2025/138028-Construction of roads, link roads, pathways or any other road with or without drainage system","West Bengal","South 24 Parganas(DISTRICT MAGISTRATE SOUTH TWENTY FOUR PARGANAS_IDA)","Shri Abhishek Banerjee","DIAMOND HARBOUR","Construction of CC Road from Mukta Kanta Club to Rail Line Kali Temple.(150 mtr)","31-Aug-2024","300000","24-Oct-2024"
"1358","Normal/Others","WS/MP423/2024-2025/138029-Construction of roads, link roads, pathways or any other road with or without drainage system","West Bengal","South 24 Parganas(DISTRICT MAGISTRATE SOUTH TWENTY FOUR PARGANAS_IDA)","Shri Abhishek Banerjee","DIAMOND HARBOUR","Construction of CC Road from H/O Anis Gayen to H/O Uttam Gayen Via H/O Amar Gayen to H/O Bijoy Gayen at Harish Pur. (100 mtr)","31-Aug-2024","200000","24-Oct-2024"
"1359","Normal/Others","WS/MP423/2024-2025/138030-Construction of roads, link roads, pathways or any other road with or without drainage system","West Bengal","South 24 Parganas(DISTRICT MAGISTRATE SOUTH TWENTY FOUR PARGANAS_IDA)","Shri Abhishek Banerjee","DIAMOND HARBOUR","Construction of CC Road from the H/O Ganesh Parui To H/O Sudip Parui Via H/O Panchu Parui At Kantaria. (100 mtr)","31-Aug-2024","200000","24-Oct-2024"
"1360","Normal/Others","WS/MP423/2024-2025/138031-Construction of roads, link roads, pathways or any other road with or without drainage system","West Bengal","South 24 Parganas(DISTRICT MAGISTRATE SOUTH TWENTY FOUR PARGANAS_IDA)","Shri Abhishek Banerjee","DIAMOND HARBOUR","Construction of CC Road from H/O Hamanto Dalui to H/O Madhai Khamaru.(100 mtr)","31-Aug-2024","200000","24-Oct-2024"
"1361","Normal/Others","WS/MP423/2024-2025/138039-Construction of roads, link roads, pathways or any other road with or without drainage system","West Bengal","South 24 Parganas(DISTRICT MAGISTRATE SOUTH TWENTY FOUR PARGANAS_IDA)","Shri Abhishek Banerjee","DIAMOND HARBOUR","Construction of CC Road from H/O Pratap Shee to H/O Sanjoy Shee. (150 mtr)","31-Aug-2024","299999","24-Oct-2024"
"1362","Normal/Others","WS/MP423/2024-2025/138040-Construction of roads, link roads, pathways or any other road with or without drainage system","West Bengal","South 24 Parganas(DISTRICT MAGISTRATE SOUTH TWENTY FOUR PARGANAS_IDA)","Shri Abhishek Banerjee","DIAMOND HARBOUR","Construction of CC Road from H/O Pradyut Chowdhury  to H/O Arun Chowdhury. (300 mtr)","31-Aug-2024","400000","24-Oct-2024"
"1363","Normal/Others","WS/MP423/2024-2025/138041-Construction of roads, link roads, pathways or any other road with or without drainage system","West Bengal","South 24 Parganas(DISTRICT MAGISTRATE SOUTH TWENTY FOUR PARGANAS_IDA)","Shri Abhishek Banerjee","DIAMOND HARBOUR","Construction of CC Road from H/O Hafija Beoya to H/O Naju Molla. (100 mtr)","31-Aug-2024","199993","24-Oct-2024"
"1364","Normal/Others","WS/MP423/2024-2025/138042-Construction of roads, link roads, pathways or any other road with or without drainage system","West Bengal","South 24 Parganas(DISTRICT MAGISTRATE SOUTH TWENTY FOUR PARGANAS_IDA)","Shri Abhishek Banerjee","DIAMOND HARBOUR","Construction of CC Road from Sargoria Pole  To Netaji Stachu. (400 mtr)","31-Aug-2024","499982","24-Oct-2024"
"1365","Normal/Others","WS/MP423/2024-2025/138043-Construction of roads, link roads, pathways or any other road with or without drainage system","West Bengal","South 24 Parganas(DISTRICT MAGISTRATE SOUTH TWENTY FOUR PARGANAS_IDA)","Shri Abhishek Banerjee","DIAMOND HARBOUR","Construction of CC Road from H/O Rafik Sekh to H/O Khalek Sekh. (45 mtr)","31-Aug-2024","149859","24-Oct-2024"
"1366","Normal/Others","WS/MP423/2024-2025/138044-Construction of roads, link roads, pathways or any other road with or without drainage system","West Bengal","South 24 Parganas(DISTRICT MAGISTRATE SOUTH TWENTY FOUR PARGANAS_IDA)","Shri Abhishek Banerjee","DIAMOND HARBOUR","Construction of CC Road with Brick Soling from H/O Suvendu Mondal to H/O Pintu Halder. (105 mtr)","31-Aug-2024","200000","24-Oct-2024"
"1367","Normal/Others","WS/MP423/2024-2025/138045-Construction of roads, link roads, pathways or any other road with or without drainage system","West Bengal","South 24 Parganas(DISTRICT MAGISTRATE SOUTH TWENTY FOUR PARGANAS_IDA)","Shri Abhishek Banerjee","DIAMOND HARBOUR","Construction of CC Road with Brick Soling from H/O Swapan Natuya to H/O Samiya Sk. (150 mtr)","31-Aug-2024","299999","24-Oct-2024"
"1368","Normal/Others","WS/MP423/2024-2025/138046-Construction of roads, link roads, pathways or any other road with or without drainage system","West Bengal","South 24 Parganas(DISTRICT MAGISTRATE SOUTH TWENTY FOUR PARGANAS_IDA)","Shri Abhishek Banerjee","DIAMOND HARBOUR","Construction of CC Road from H/O Ramprasad Kunti to H/O Kalipada Kunti. (115 mtr)","31-Aug-2024","200000","24-Oct-2024"
"1369","Normal/Others","WS/MP423/2024-2025/138047-Construction of roads, link roads, pathways or any other road with or without drainage system","West Bengal","South 24 Parganas(DISTRICT MAGISTRATE SOUTH TWENTY FOUR PARGANAS_IDA)","Shri Abhishek Banerjee","DIAMOND HARBOUR","Construction of CC Road from H/O Manas Prodhan to H/O Nepal Jana.(106 mtr)","31-Aug-2024","200000","24-Oct-2024"
"1370","Normal/Others","WS/MP423/2024-2025/138048-Construction of roads, link roads, pathways or any other road with or without drainage system","West Bengal","South 24 Parganas(DISTRICT MAGISTRATE SOUTH TWENTY FOUR PARGANAS_IDA)","Shri Abhishek Banerjee","DIAMOND HARBOUR","Construction of CC Road from H/O Sakim Khan to Bonhogla Sardar Para. (150 mtr)","31-Aug-2024","250000","24-Oct-2024"
"1371","Normal/Others","WS/MP423/2024-2025/138049-Construction of roads, link roads, pathways or any other road with or without drainage system","West Bengal","South 24 Parganas(DISTRICT MAGISTRATE SOUTH TWENTY FOUR PARGANAS_IDA)","Shri Abhishek Banerjee","DIAMOND HARBOUR","Construction of CC Road with  Brick Soling from H/O Ashis Sardar to H/O Kachari Sardar. (120 mtr)","31-Aug-2024","200000","24-Oct-2024"
"1372","Normal/Others","WS/MP423/2024-2025/138050-Construction of roads, link roads, pathways or any other road with or without drainage system","West Bengal","South 24 Parganas(DISTRICT MAGISTRATE SOUTH TWENTY FOUR PARGANAS_IDA)","Shri Abhishek Banerjee","DIAMOND HARBOUR","Construction of CC Road with Brick Soling from Mudi dokan of Sabir Sk to H/O Jantu Sk via H/O Alamin Molla at Gopalpur-I. (150 mtr)","31-Aug-2024","300000","24-Oct-2024"
"1373","Normal/Others","WS/MP423/2024-2025/138051-Construction of roads, link roads, pathways or any other road with or without drainage system","West Bengal","South 24 Parganas(DISTRICT MAGISTRATE SOUTH TWENTY FOUR PARGANAS_IDA)","Shri Abhishek Banerjee","DIAMOND HARBOUR","Construction of CC Road with Brick Soling from Daluipur Khalpar to H/O Dipak Mondal via Pachanantala at Daluipur. (150 mtr)","31-Aug-2024","300000","24-Oct-2024"
"1374","Normal/Others","WS/MP423/2024-2025/138052-Construction of roads, link roads, pathways or any other road with or without drainage system","West Bengal","South 24 Parganas(DISTRICT MAGISTRATE SOUTH TWENTY FOUR PARGANAS_IDA)","Shri Abhishek Banerjee","DIAMOND HARBOUR","Construction of CC Road with Brick Soling from Mudidokan of Najrul Sk to Bonmalipur Tea Stall of Abdul Sk at Krishnamadhabpur. (115 mtr)","31-Aug-2024","200000","24-Oct-2024"
"1375","Normal/Others","WS/MP423/2024-2025/138053-Construction of roads, link roads, pathways or any other road with or without drainage system","West Bengal","South 24 Parganas(DISTRICT MAGISTRATE SOUTH TWENTY FOUR PARGANAS_IDA)","Shri Abhishek Banerjee","DIAMOND HARBOUR","Construction of CC Road with Brick Soling from Saifuddin Molla's Shop to Ajijul's Shop,at Mulpunja. (300 mtr)","31-Aug-2024","399987","24-Oct-2024"
"1376","Normal/Others","WS/MP423/2024-2025/138054-Construction of roads, link roads, pathways or any other road with or without drainage system","West Bengal","South 24 Parganas(DISTRICT MAGISTRATE SOUTH TWENTY FOUR PARGANAS_IDA)","Shri Abhishek Banerjee","DIAMOND HARBOUR","Construction of CC Road from H/O Bapan Naskar to H/O Souvik Naskar. (100 mtr)","31-Aug-2024","200000","24-Oct-2024"
"1377","Normal/Others","WS/MP18161/2024-2025/138055-Construction of roads, link roads, pathways or any other road with or without drainage system","Rajasthan","ALWAR(DISTRICT COLLECTOR ALWAR_IDA)","SANJNA JATAV","BHARATPUR(SC)","CC interlocking sadak Nirman karya harchandi ve madan jatav ke Makan se Amar Singh v jal Singh wali gali hote hue Ravindra sarpanch ke Makan ki taraf gram lathki","31-Aug-2024","986008","02-Dec-2024"
"1378","Normal/Others","WS/MP18161/2024-2025/138056-Installing hand pumps","Rajasthan","ALWAR(DISTRICT COLLECTOR ALWAR_IDA)","SANJNA JATAV","BHARATPUR(SC)","Sarvjanik handpump Nirman karya vipti jatav ke pass gram pipalkheda WORK AGENCY SALWARI","31-Aug-2024","99063","03-Dec-2024"
"1379","Normal/Others","WS/MP18161/2024-2025/138057-Construction of roads, link roads, pathways or any other road with or without drainage system","Rajasthan","ALWAR(DISTRICT COLLECTOR ALWAR_IDA)","SANJNA JATAV","BHARATPUR(SC)","CC kharanja Nirman Bairwa mohalla samudayik bhavan se lekar catra Bairwa ki or gram khokhar work agency g p khokhar","31-Aug-2024","492196","03-Dec-2024"
"1380","Normal/Others","WS/MP18161/2024-2025/138058-Construction of roads, link roads, pathways or any other road with or without drainage system","Rajasthan","ALWAR(DISTRICT COLLECTOR ALWAR_IDA)","SANJNA JATAV","BHARATPUR(SC)","Sarvjanik Grewal sadak Nirman karya jahadu se danda ki or gram jahadu work agency GP jahadu","31-Aug-2024","660917","03-Dec-2024"
"1381","Normal/Others","WS/MP18161/2024-2025/138060-Construction of roads, link roads, pathways or any other road with or without drainage system","Rajasthan","ALWAR(DISTRICT COLLECTOR ALWAR_IDA)","SANJNA JATAV","BHARATPUR(SC)","CC sadak Nirman karya AmarSingh ke Makan se tikri road ki or gram Katehada; work agency GP Kheda Kalyanpur","31-Aug-2024","785757","02-Dec-2024"
"1382","Normal/Others","WS/MP18161/2024-2025/138061-Construction of roads, link roads, pathways or any other road with or without drainage system","Rajasthan","ALWAR(DISTRICT COLLECTOR ALWAR_IDA)","SANJNA JATAV","BHARATPUR(SC)","CC interlocking sadak Nirman karya Babulal ward panch ke Makan se school ki taraf gram Rampura Patan work agency GP Rampura Patan","01-Sep-2024","498308","02-Dec-2024"
"1383","Normal/Others","WS/MP18161/2024-2025/138062-Construction of roads, link roads, pathways or any other road with or without drainage system","Rajasthan","ALWAR(DISTRICT COLLECTOR ALWAR_IDA)","SANJNA JATAV","BHARATPUR(SC)","CC interlocking sadak Nirman karya rajkiya prathmik vidhyalaya nagla khooba work agency GP daroda","01-Sep-2024","399290","03-Dec-2024"
"1384","Normal/Others","WS/MP18161/2024-2025/138063-Construction of roads, link roads, pathways or any other road with or without drainage system","Rajasthan","ALWAR(DISTRICT COLLECTOR ALWAR_IDA)","SANJNA JATAV","BHARATPUR(SC)","CC interlocking sadak Nirman karya Dhawan ki kothi se AmarSingh member ke ghar ki taraf nangla madhopur work agency GP daroda","01-Sep-2024","494008","03-Dec-2024"
"1385","Normal/Others","WS/MP18161/2024-2025/138064-Construction of roads, link roads, pathways or any other road with or without drainage system","Rajasthan","ALWAR(DISTRICT COLLECTOR ALWAR_IDA)","SANJNA JATAV","BHARATPUR(SC)","CC interlocking sadak Nirman karya kalvaRam ke Makan se kalli ke Ghar ki or gram dantiya work agency GP Dantiya","01-Sep-2024","596907","02-Dec-2024"
"1386","Normal/Others","WS/MP18161/2024-2025/138065-Construction of roads, link roads, pathways or any other road with or without drainage system","Rajasthan","ALWAR(DISTRICT COLLECTOR ALWAR_IDA)","SANJNA JATAV","BHARATPUR(SC)","CC interlocking sadak Nirman karya Nandlal jatav ke Makan se munesh ke Makan hote hue catar jatav ke Makan ki taraf gram sonkhri work agency G P sonkhri","01-Sep-2024","498664","02-Dec-2024"
"1387","Normal/Others","WS/MP18161/2024-2025/138066-Construction of roads, link roads, pathways or any other road with or without drainage system","Rajasthan","ALWAR(DISTRICT COLLECTOR ALWAR_IDA)","SANJNA JATAV","BHARATPUR(SC)","CC interlocking sadak Nirman karya shishram Gurjar ke Ghar se ration dealer ki dukaan ki or gram Gurjar ka nagla work agency GP sonkhAri","01-Sep-2024","399142","11-Dec-2024"
"1388","Normal/Others","WS/MP18161/2024-2025/138067-Installing hand pumps","Rajasthan","ALWAR(DISTRICT COLLECTOR ALWAR_IDA)","SANJNA JATAV","BHARATPUR(SC)","Sarvjanik handpump Nirman karya navab ke ghar ke pass gram dantiya work agency GP Dantiya","01-Sep-2024","95187","02-Dec-2024"
"1389","Normal/Others","WS/MP18161/2024-2025/138068-Construction of roads, link roads, pathways or any other road with or without drainage system","Rajasthan","ALWAR(DISTRICT COLLECTOR ALWAR_IDA)","SANJNA JATAV","BHARATPUR(SC)","Interlocking sadak Nirman karya vishram ke Makan se sodan ke Makan ki or gram Bahupada work agency GP nahar khora","01-Sep-2024","499304","02-Dec-2024"
"1390","Normal/Others","WS/MP18161/2024-2025/138069-Construction of community centers and community halls","Rajasthan","ALWAR(DISTRICT COLLECTOR ALWAR_IDA)","SANJNA JATAV","BHARATPUR(SC)","Samudayik bhavan Bairwa mohalla mein chardiwari may gate Nirman karya gram Nagal Rupa work agency GP Nagal Rupa","01-Sep-2024","499545","03-Dec-2024"
"1391","Normal/Others","WS/MP18161/2024-2025/138070-Construction of roads, link roads, pathways or any other road with or without drainage system","Rajasthan","ALWAR(DISTRICT COLLECTOR ALWAR_IDA)","SANJNA JATAV","BHARATPUR(SC)","Interlocking sadak Nirman karya main road se khel maidan ke pichhle kinare ki or mOLIya work agency GP mOLiya","01-Sep-2024","498285","05-Dec-2024"
"1392","Normal/Others","WS/MP18161/2024-2025/138071-Installing hand pumps","Rajasthan","ALWAR(DISTRICT COLLECTOR ALWAR_IDA)","SANJNA JATAV","BHARATPUR(SC)","Sarvjanik handpump Nirman karya school wala Mandir ke pass gram Hulyana work agency GP tikri","01-Sep-2024","99296","06-Dec-2024"
"1393","Normal/Others","WS/MP18161/2024-2025/138072-Construction of roads, link roads, pathways or any other road with or without drainage system","Rajasthan","Deeg(DISTRICT COLLECTOR Deeg_IDA)","SANJNA JATAV","BHARATPUR(SC)","Interlocking kharanja may nali Nirman karya aansu ke nohare se school ki or gram Pharaska work agency GP Fatehpur Kala","01-Sep-2024","500000","20-Dec-2024"
"1394","Normal/Others","WS/MP18161/2024-2025/138073-Construction of roads, link roads, pathways or any other road with or without drainage system","Rajasthan","Deeg(DISTRICT COLLECTOR Deeg_IDA)","SANJNA JATAV","BHARATPUR(SC)","Interlocking kharanja Nirman karya Mohan ke Ghar se Laxman ki dukaan ki taraf gram adhavli work agency GP nigohi","01-Sep-2024","500000","20-Dec-2024"
"1395","Normal/Others","WS/MP18161/2024-2025/138074-Construction of roads, link roads, pathways or any other road with or without drainage system","Rajasthan","BHARATPUR(DISTRICT COLLECTOR BHARATPUR_IDA)","SANJNA JATAV","BHARATPUR(SC)","Interlocking sadak Nirman karya DharmSingh jatav ke Ghar se Ashok ke Makan ki or may gali jatav mohalla Luhasa work agency GP Luhasa","01-Sep-2024","600000","12-Dec-2024"
"1396","Normal/Others","WS/MP18161/2024-2025/138075-Crematoriums/energy efficient crematoriums or structures on burial/cremation ground","Rajasthan","BHARATPUR(DISTRICT COLLECTOR BHARATPUR_IDA)","SANJNA JATAV","BHARATPUR(SC)","Suraksha Deewar shamshan Ghat bhadeera work agency GP bhadeera","01-Sep-2024","600000","12-Dec-2024"
"1397","Normal/Others","WS/MP18161/2024-2025/138076-Construction of roads, link roads, pathways or any other road with or without drainage system","Rajasthan","BHARATPUR(DISTRICT COLLECTOR BHARATPUR_IDA)","SANJNA JATAV","BHARATPUR(SC)","Interlocking bricks kharanja may nali Nirman karya bugli ke Ghar se Prem jatav ke Makan ki or raIsees work agency GP raIsees","01-Sep-2024","400000","17-Dec-2024"
"1398","Normal/Others","WS/MP18161/2024-2025/138077-Construction of roads, link roads, pathways or any other road with or without drainage system","Rajasthan","BHARATPUR(DISTRICT COLLECTOR BHARATPUR_IDA)","SANJNA JATAV","BHARATPUR(SC)","Interlocking bricks kharanja May nali Nirman karya Leela patni Lachchhi ke Ghar se Manoj ke Makan ki or raIsees work agency GP raIsees","01-Sep-2024","300000","17-Dec-2024"
"1399","Normal/Others","WS/MP18161/2024-2025/138078-Construction of roads, link roads, pathways or any other road with or without drainage system","Rajasthan","BHARATPUR(DISTRICT COLLECTOR BHARATPUR_IDA)","SANJNA JATAV","BHARATPUR(SC)","Interlocking bricks kharanja May nali Nirman karya puran vijjo ke Ghar se Gambhir ke khet ki or dayawali work agency GP parsawara","01-Sep-2024","500000","13-Dec-2024"
"1400","Normal/Others","WS/MP18161/2024-2025/138079-Construction of community centers and community halls","Rajasthan","BHARATPUR(DISTRICT COLLECTOR BHARATPUR_IDA)","SANJNA JATAV","BHARATPUR(SC)","Ambedkar bhavan ki chardiwari Nirman karya kareeli work agency GP kareeli","01-Sep-2024","400000","27-Nov-2024"
"1401","Normal/Others","WS/MP18161/2024-2025/138080-Construction of roads, link roads, pathways or any other road with or without drainage system","Rajasthan","BHARATPUR(DISTRICT COLLECTOR BHARATPUR_IDA)","SANJNA JATAV","BHARATPUR(SC)","CC/ INTERLOCKING with nali nirman rasta Nirman karya damar sadak se dudhiya ke ghar ki or gram aganpura work agency GP kareeli","01-Sep-2024","300000","27-Nov-2024"
"1402","Normal/Others","WS/MP18161/2024-2025/138081-Construction of roads, link roads, pathways or any other road with or without drainage system","Rajasthan","Deeg(DISTRICT COLLECTOR Deeg_IDA)","SANJNA JATAV","BHARATPUR(SC)","CC/Interlocking sadak Nirman karya may nali ShriRam ke Ghar se jatavo ke Kuan ki or chulhera work agency GP chulhera","01-Sep-2024","150000","20-Dec-2024"
"1403","Normal/Others","WS/MP18161/2024-2025/138083-Construction of roads, link roads, pathways or any other road with or without drainage system","Rajasthan","BHARATPUR(DISTRICT COLLECTOR BHARATPUR_IDA)","SANJNA JATAV","BHARATPUR(SC)","Cement interlocking kharanja Nirman karya purendra ke Ghar se main raste ki AVN vibhinn galiyan gram banji work agency GP Ekta","01-Sep-2024","500000","17-Oct-2024"
"1404","Normal/Others","WS/MP18161/2024-2025/138084-Construction of roads, link roads, pathways or any other road with or without drainage system","Rajasthan","Deeg(DISTRICT COLLECTOR Deeg_IDA)","SANJNA JATAV","BHARATPUR(SC)","CC interlocking sadak may nali Nirman karya Padam Singh neta ki dukaan se atar ke nohare tak gram Narena Katatta work agency GP Bandhachauth","01-Sep-2024","500000","23-Dec-2024"
"1405","Normal/Others","WS/MP18161/2024-2025/138087-Construction of roads, link roads, pathways or any other road with or without drainage system","Rajasthan","ALWAR(DISTRICT COLLECTOR ALWAR_IDA)","SANJNA JATAV","BHARATPUR(SC)","Interlocking sadak Nirman karya bharosi ke Makan se bhuteshwar Mandir ki taraf samOOchi work agency GP samOOchi","01-Sep-2024","551993","12-Dec-2024"
"1406","Normal/Others","WS/MP18161/2024-2025/138088-Construction of roads, link roads, pathways or any other road with or without drainage system","Rajasthan","BHARATPUR(DISTRICT COLLECTOR BHARATPUR_IDA)","SANJNA JATAV","BHARATPUR(SC)","Interlocking Eat karanja Nirman karya tirahe se UdayBhan Gurjar ke ghar ki or Avam Anya galiyan gaon Ghehari work agency gp Kalyanpur","01-Sep-2024","500000","12-Dec-2024"
"1407","Normal/Others","WS/MP18161/2024-2025/138089-Construction of roads, link roads, pathways or any other road with or without drainage system","Rajasthan","Deeg(DISTRICT COLLECTOR Deeg_IDA)","SANJNA JATAV","BHARATPUR(SC)","Cc road Nirman karya Rajendra doctor ke Ghar se shamshan Ghat ki or sahsan work agency GP sahsan","01-Sep-2024","500000","20-Dec-2024"
"1408","Normal/Others","WS/MP18161/2024-2025/138090-Construction of roads, link roads, pathways or any other road with or without drainage system","Rajasthan","Deeg(DISTRICT COLLECTOR Deeg_IDA)","SANJNA JATAV","BHARATPUR(SC)","Wbm sadak Nirman karya may sapat pokhar se Azad ke ghar ki or Kherla Chajju work agency GP sihawali","01-Sep-2024","600000","20-Dec-2024"
"1409","Normal/Others","WS/MP18161/2024-2025/138091-Construction of roads, link roads, pathways or any other road with or without drainage system","Rajasthan","BHARATPUR(DISTRICT COLLECTOR BHARATPUR_IDA)","SANJNA JATAV","BHARATPUR(SC)","Interlocking Nirman karya ratiram khati ke Ghar se puran naee ke ghar ki or Singarwali; work agency GP rahimgarh","01-Sep-2024","600000","13-Dec-2024"
"1410","Normal/Others","WS/MP18161/2024-2025/138092-Construction of roads, link roads, pathways or any other road with or without drainage system","Rajasthan","BHARATPUR(DISTRICT COLLECTOR BHARATPUR_IDA)","SANJNA JATAV","BHARATPUR(SC)","Cement interlocking kharanja Nirman may nali Jagan ke Ghar se Hari ke Ghar ki or va Anya galiyan malaha work agency GP malaha","01-Sep-2024","500000","12-Dec-2024"
"1411","Normal/Others","WS/MP18161/2024-2025/138093-Installing hand pumps","Rajasthan","BHARATPUR(DISTRICT COLLECTOR BHARATPUR_IDA)","SANJNA JATAV","BHARATPUR(SC)","Navin handpump Mahesh Putra DeviSingh ke khet ke pass shergarh work agency GP shergarh","01-Sep-2024","170000","10-Jan-2025"
"1412","Normal/Others","WS/MP18161/2024-2025/138094-Installing hand pumps","Rajasthan","BHARATPUR(DISTRICT COLLECTOR BHARATPUR_IDA)","SANJNA JATAV","BHARATPUR(SC)","Navin handphone Dilip Putra Pratap ke khet ke pass shergarh","01-Sep-2024","170000","13-Jan-2025"
"1413","Normal/Others","WS/MP18161/2024-2025/138095-Installing hand pumps","Rajasthan","BHARATPUR(DISTRICT COLLECTOR BHARATPUR_IDA)","SANJNA JATAV","BHARATPUR(SC)","Navin handpump Narad Putra Doli ke ghar ke pass shergarh work agency GP shergarh","01-Sep-2024","170000","10-Jan-2025"
"1414","Normal/Others","WS/MP18161/2024-2025/138096-Installing hand pumps","Rajasthan","BHARATPUR(DISTRICT COLLECTOR BHARATPUR_IDA)","SANJNA JATAV","BHARATPUR(SC)","Naveen handpump vedPrakash Putra Daya ke ghar ke pass shergarh work agency GP shergarh","01-Sep-2024","170000","10-Jan-2025"
"1415","Normal/Others","WS/MP18161/2024-2025/138097-Construction of roads, link roads, pathways or any other road with or without drainage system","Rajasthan","Deeg(DISTRICT COLLECTOR Deeg_IDA)","SANJNA JATAV","BHARATPUR(SC)","CC interlocking kharanja Nirman karya may nali masjid se jatav mohalla ki or parla work agency Gp kakda","01-Sep-2024","500000","20-Dec-2024"
"1416","Normal/Others","WS/MP18161/2024-2025/138099-Construction of roads, link roads, pathways or any other road with or without drainage system","Rajasthan","Deeg(DISTRICT COLLECTOR Deeg_IDA)","SANJNA JATAV","BHARATPUR(SC)","Interlocking kharanja Nirman karya Pappu ke Ghar se Rajji ke Ghar ki or Banaini Dhonkla work agency GP padalvas","01-Sep-2024","499858","20-Dec-2024"
"1417","Normal/Others","WS/MP18161/2024-2025/138100-Construction of roads, link roads, pathways or any other road with or without drainage system","Rajasthan","Deeg(DISTRICT COLLECTOR Deeg_IDA)","SANJNA JATAV","BHARATPUR(SC)","Interlocking Nirman karya bhullan ke Ghar se ramjeet master ke Ghar ki or dhamari work agency GP dhamari","01-Sep-2024","500000","02-Jan-2025"
"1418","Normal/Others","NA-Construction of roads, link roads, pathways or any other road with or without drainage system","Rajasthan","ALWAR(DISTRICT COLLECTOR ALWAR_IDA)","SANJNA JATAV","BHARATPUR(SC)","CC interlocking v Soundarya Nirman karya Suraj kund ke Charon taraf gram samOOchi work agency GP samOOchi","01-Sep-2024","100000","NA"
"1419","Normal/Others","WS/MP18161/2024-2025/138102-Construction of roads, link roads, pathways or any other road with or without drainage system","Rajasthan","Deeg(DISTRICT COLLECTOR Deeg_IDA)","SANJNA JATAV","BHARATPUR(SC)","CC interlocking kharanja May nali Nirman karya Kamaal ke kamre se akwali ke Ghar ki or kawan ka bas work agency GP Garhi Mewat","01-Sep-2024","500000","29-Nov-2024"
"1420","Normal/Others","WS/MP18161/2024-2025/138104-Construction of roads, link roads, pathways or any other road with or without drainage system","Rajasthan","BHARATPUR(DISTRICT COLLECTOR BHARATPUR_IDA)","SANJNA JATAV","BHARATPUR(SC)","Interlocking sadak Nirman karya mukhya sadak se atar Singh jatav ke ghar ki or work agency GP khareri","01-Sep-2024","600000","07-Jan-2025"
"1421","Normal/Others","WS/MP18161/2024-2025/138105-Construction of roads, link roads, pathways or any other road with or without drainage system","Rajasthan","BHARATPUR(DISTRICT COLLECTOR BHARATPUR_IDA)","SANJNA JATAV","BHARATPUR(SC)","panchayat bhawan parishar me baundry waal avm cc nirman karya gram murwara work agency GP  murwara","01-Sep-2024","500000","10-Jan-2025"
"1422","Normal/Others","WS/MP18161/2024-2025/138106-Construction of roads, link roads, pathways or any other road with or without drainage system","Rajasthan","BHARATPUR(DISTRICT COLLECTOR BHARATPUR_IDA)","SANJNA JATAV","BHARATPUR(SC)","Interlocking eat kharanja Nirman karya mukhya sadak se Ishwar ke Ghar ki or fulwara work agency GP Phulwara","01-Sep-2024","400000","18-Dec-2024"
"1423","Normal/Others","WS/MP18161/2024-2025/138107-Construction of roads, link roads, pathways or any other road with or without drainage system","Rajasthan","BHARATPUR(DISTRICT COLLECTOR BHARATPUR_IDA)","SANJNA JATAV","BHARATPUR(SC)","Cc interlocking eat kharanja Nirman karya main road se balveer ke nohare ki or theI work agency uNdra","01-Sep-2024","400000","12-Dec-2024"
"1424","Normal/Others","WS/MP18161/2024-2025/138108-Construction of roads, link roads, pathways or any other road with or without drainage system","Rajasthan","BHARATPUR(DISTRICT COLLECTOR BHARATPUR_IDA)","SANJNA JATAV","BHARATPUR(SC)","CC  interlocking kharanja Nirman karya achnera road se RamKishor Baghel ke Makan ki or Baghel mohalla work agency GP Bachhanmadi","01-Sep-2024","400000","12-Dec-2024"
"1425","Normal/Others","WS/MP18161/2024-2025/138109-Construction of roads, link roads, pathways or any other road with or without drainage system","Rajasthan","BHARATPUR(DISTRICT COLLECTOR BHARATPUR_IDA)","SANJNA JATAV","BHARATPUR(SC)","CC interlocking eat kharanja Nirman karya RatanSingh ke Ghar se Mangal ke Ghar ki or Avam vibhinn galiyan BhiriGanj work agency GP khemra","01-Sep-2024","400000","12-Dec-2024"
"1426","Normal/Others","WS/MP18161/2024-2025/138110-Construction of roads, link roads, pathways or any other road with or without drainage system","Rajasthan","BHARATPUR(DISTRICT COLLECTOR BHARATPUR_IDA)","SANJNA JATAV","BHARATPUR(SC)","CC interlocking eat kharanja  Nirman karya mein sadak se Sundar master wali gali Avam vibhinn galiyon ke liye pipla work agency GP peepla","01-Sep-2024","500000","12-Dec-2024"
"1427","Normal/Others","WS/MP18161/2024-2025/138111-Construction of roads, link roads, pathways or any other road with or without drainage system","Rajasthan","BHARATPUR(DISTRICT COLLECTOR BHARATPUR_IDA)","SANJNA JATAV","BHARATPUR(SC)","Rajkiya uchch madhyamik vidyalaya parisar mein interlocking Eat kharanja  Nirman karya Halena work agency GP Halena","01-Sep-2024","600000","12-Dec-2024"
"1428","Normal/Others","WS/MP347/2024-2025/138112-Construction of roads, link roads, pathways or any other road with or without drainage system","Kerala","KOLLAM(DISTRICT COLLECTOR KOLLAM_IDA)","Shri Suresh Kodikunnil","MAVELIKKARA(SC)","Construction of side protection wall and concreating of Erattakottu Palanirappil road in ward 8, Neduvathur Grama Panchayath (SC)","01-Sep-2024","1254628","07-Sep-2024"
"1429","Normal/Others","WS/MP345/2024-2025/138113-Construction of buildings for crèches and anganwadies","Kerala","KOLLAM(DISTRICT COLLECTOR KOLLAM_IDA)","Shri NK Premachandran","KOLLAM","Construction of Anganwadi building in Thekkumbhagom Grama Panchayat","01-Sep-2024","1285000","21-Mar-2025"
"1430","Normal/Others","WS/MP345/2024-2025/138114-Construction of roads, link roads, pathways or any other road with or without drainage system","Kerala","KOLLAM(DISTRICT COLLECTOR KOLLAM_IDA)","Shri NK Premachandran","KOLLAM","Concereting of Ambalamukku-Attara road in Kulinjiyil ward 6 in Elamad GP","01-Sep-2024","369047","04-Feb-2025"
"1431","Normal/Others","WS/MP345/2024-2025/138116-Construction of buildings for crèches and anganwadies","Kerala","KOLLAM(DISTRICT COLLECTOR KOLLAM_IDA)","Shri NK Premachandran","KOLLAM","Construction of Anganwadi building No. 83 of Panmana Grama Panchayat","01-Sep-2024","1250000","15-Mar-2025"
"1432","Normal/Others","WS/MP345/2024-2025/138117-Construction of roads, link roads, pathways or any other road with or without drainage system","Kerala","KOLLAM(DISTRICT COLLECTOR KOLLAM_IDA)","Shri NK Premachandran","KOLLAM","Concreting of road from Ambolil Junction to Polinjambalam Junction in Mukundapuram, ward in Chavara Grama Panchayat","01-Sep-2024","1350000","15-Mar-2025"
"1433","Normal/Others","WS/MP345/2024-2025/138118-Construction of buildings for community cultural activities","Kerala","KOLLAM(DISTRICT COLLECTOR KOLLAM_IDA)","Shri NK Premachandran","KOLLAM","Construction of building Njarummoodu Arts, Sports & Cultural Association (NASCA) in Thekkumbhagom Grama Panchayat in Chavara Constituency","01-Sep-2024","1200000","15-Mar-2025"
"1434","Normal/Others","WS/MP18161/2024-2025/138119-Construction of roads, link roads, pathways or any other road with or without drainage system","Rajasthan","BHARATPUR(DISTRICT COLLECTOR BHARATPUR_IDA)","SANJNA JATAV","BHARATPUR(SC)","Interlocking eat kharanja mein nali Nirman karya mukhya sadak se Amar Singh jatav ke ghar ki or Avam Anya galiyan gram Kheda Thakur work agency GP khera Thakur","01-Sep-2024","499566","17-Dec-2024"
"1435","Normal/Others","WS/MP18161/2024-2025/138120-Construction of roads, link roads, pathways or any other road with or without drainage system","Rajasthan","Deeg(DISTRICT COLLECTOR Deeg_IDA)","SANJNA JATAV","BHARATPUR(SC)","Interlocking Eat kharanja May nali Maharaj Singh ke Ghar se lalchand jatav ke Ghar ki or mavai work agency GP mavai","01-Sep-2024","400000","02-Jan-2025"
"1436","Normal/Others","WS/MP18161/2024-2025/138121-Construction of roads, link roads, pathways or any other road with or without drainage system","Rajasthan","Deeg(DISTRICT COLLECTOR Deeg_IDA)","SANJNA JATAV","BHARATPUR(SC)","Interlocking Eat kharanja May nali lalaram ke Ghar se men sadak ki or gram dantlothi work agency GP dantlothi","01-Sep-2024","300000","02-Jan-2025"
"1437","Normal/Others","WS/MP18161/2024-2025/138122-Construction of roads, link roads, pathways or any other road with or without drainage system","Rajasthan","Deeg(DISTRICT COLLECTOR Deeg_IDA)","SANJNA JATAV","BHARATPUR(SC)","Interlocking Eat kharnja may nali Rajendra ke Ghar se Girdhar sibbi ke Ghar ki or gram Janoothar work agency GP Janoothar","01-Sep-2024","400000","20-Dec-2024"
"1438","Normal/Others","WS/MP499/2024-2025/138127-Construction of roads, link roads, pathways or any other road with or without drainage system","West Bengal","BIRBHUM(DISTRICT MAGISTRATE BIRBHUM_IDA)","Smt Satabdi Roy (Banerjee)","BIRBHUM","at Abdul Majid house to sk Eliyam house, Mouja- Bataspur, J.L- 132, Dag- 556 to 156, G.P- Fulur, Sainthia","02-Sep-2024","495551","02-Dec-2024"
"1439","Normal/Others","WS/MP499/2024-2025/138128-Construction of roads, link roads, pathways or any other road with or without drainage system","West Bengal","BIRBHUM(DISTRICT MAGISTRATE BIRBHUM_IDA)","Smt Satabdi Roy (Banerjee)","BIRBHUM","From sk Nur Alam house to Nur Haque house, Mouja- Baharapur, J.L- 119, Dag- 396 to 399, G.P- Fulur, Sainthia.","02-Sep-2024","247699","02-Dec-2024"
"1440","Normal/Others","WS/MP499/2024-2025/138129-Providing drains and gutters for public drainage","West Bengal","BIRBHUM(DISTRICT MAGISTRATE BIRBHUM_IDA)","Smt Satabdi Roy (Banerjee)","BIRBHUM","From House of Kandiram Bagdi towords Natun pukur, J.L- 185, Dag- 162, Mouja- Nohadihi, G.P- Nagari, Suri - I","02-Sep-2024","299676","27-Sep-2024"
"1441","Normal/Others","WS/MP499/2024-2025/138130-Installing community drinking water plants","West Bengal","BIRBHUM(DISTRICT MAGISTRATE BIRBHUM_IDA)","Smt Satabdi Roy (Banerjee)","BIRBHUM","Instalation of Community Cold drinking water","02-Sep-2024","300000","27-Nov-2024"
"1442","Normal/Others","WS/MP499/2024-2025/138131-Construction of stadiums","West Bengal","BIRBHUM(DISTRICT MAGISTRATE BIRBHUM_IDA)","Smt Satabdi Roy (Banerjee)","BIRBHUM","Constitution of Double Coust Badminton","02-Sep-2024","4381277","12-Nov-2024"
"1443","Normal/Others","WS/MP499/2024-2025/138132-Construction of roads, link roads, pathways or any other road with or without drainage system","West Bengal","BIRBHUM(DISTRICT MAGISTRATE BIRBHUM_IDA)","Smt Satabdi Roy (Banerjee)","BIRBHUM","at Gokulpur Primary School to Nur Danga, J.L- 130, Dag- 733- 609, G.P- Noapara, Nalhati -II","02-Sep-2024","993182","06-Dec-2024"
"1444","Normal/Others","WS/MP499/2024-2025/138133-Construction of roads, link roads, pathways or any other road with or without drainage system","West Bengal","BIRBHUM(DISTRICT MAGISTRATE BIRBHUM_IDA)","Smt Satabdi Roy (Banerjee)","BIRBHUM","from Ataur house to Mukul ration Shop house, Vill- Kumarsanda, G.P- Nowapara, J.L- 109, Dag- 1037-1033, Nalhati - II","02-Sep-2024","249613","06-Dec-2024"
"1445","Normal/Others","WS/MP499/2024-2025/138134-Construction of buildings for community cultural activities","West Bengal","BIRBHUM(DISTRICT MAGISTRATE BIRBHUM_IDA)","Smt Satabdi Roy (Banerjee)","BIRBHUM","Vill- Raipur, Near Raipur Pally Mangal Samitee, J.L- 136, Dag- 143, G.P- Bhadrapur- I, Nalhati- II","02-Sep-2024","399756","30-Dec-2024"
"1446","Normal/Others","WS/MP529/2024-2025/138161-Construction of roads, link roads, pathways or any other road with or without drainage system","Andhra Pradesh","Tirupati(DISTRICT COLLECTOR TIRUPATI_IDA)","Maddila Gurumoorthy","TIRUPATI(SC)","Construction of CC Raods from Puttu-Sathyavedu road to Market yard in Nagalapuram H/w of Nagalapuram GP in Nagalapuram Mandal.","02-Sep-2024","1423237","17-Sep-2024"
"1447","Normal/Others","WS/MP479/2024-2025/138169-Street lights","West Bengal","BANKURA(DISTRICT MAGISTRATE BANKURA_IDA)","Saumitra khan","BISHNUPUR(SC)","Installation of Solar LED Street Light with Pole (Pole- 6mtr, 18Watt, Battery- 12.8V, 24 AH Lithium Ferro Battery, Module- 75Wp Solar Panel) Total 91 Nos. x 38000/-each","02-Sep-2024","3458000","13-Dec-2024"
"1448","Normal/Others","WS/MP479/2024-2025/138178-Street lights","West Bengal","BANKURA(DISTRICT MAGISTRATE BANKURA_IDA)","Saumitra khan","BISHNUPUR(SC)","Installation of Solar LED Street Light with Pole (Pole- 6mtr, 18Watt, Battery- 12.8V, 24 AH Lithium Ferro Battery, Module- 75Wp Solar Panel) Total Nos. 51Nos. x 38000/- Each","02-Sep-2024","1734149","13-Dec-2024"
"1449","Normal/Others","WS/MP552/2024-2025/138179-Development of public parks","Bihar","PURBI CHAMPARAN(DISTRICT PLANNING OFFICER MOTHIHARI EAST CHAMPARAN_IDA)","Radha Mohan Singh","PURVI CHAMPARAN","Motihari Nagar ke Shubhash Park me 12'0"" Uncha  Chabutara ka Nirman karya.","02-Sep-2024","1479192","02-Nov-2024"
"1450","Normal/Others","WS/MP479/2024-2025/138180-Street lights","West Bengal","BANKURA(DISTRICT MAGISTRATE BANKURA_IDA)","Saumitra khan","BISHNUPUR(SC)","Installation of Solar LED Street Light with Pole (Pole- 6mtr, 18Watt, Battery- 12.8V, 24 AH Lithium Ferro Battery, Module- 75Wp Solar Panel) Total Nos. 52Nos. x 38000/- Each","02-Sep-2024","1768329","13-Dec-2024"
"1451","Normal/Others","WS/MP479/2024-2025/138187-Street lights","West Bengal","BANKURA(DISTRICT MAGISTRATE BANKURA_IDA)","Saumitra khan","BISHNUPUR(SC)","Installation of Solar LED Street Light with Pole (Pole- 6mtr, 18Watt, Battery- 12.8V, 24 AH Lithium Ferro Battery, Module- 75Wp Solar Panel) Total Nos. 44 Nos. x 38000/- Each","02-Sep-2024","1496129","13-Dec-2024"
"1452","Normal/Others","WS/MP479/2024-2025/138217-Street lights","West Bengal","BANKURA(DISTRICT MAGISTRATE BANKURA_IDA)","Saumitra khan","BISHNUPUR(SC)","Installation of Solar LED Street Light with Pole (Pole- 6mtr, 18Watt, Battery- 12.8V, 24 AH Lithium Ferro Battery, Module- 75Wp Solar Panel) Total Nos. 31 Nos. x 38000/- Each","02-Sep-2024","1054618","13-Dec-2024"
"1453","Normal/Others","WS/MP479/2024-2025/138219-Street lights","West Bengal","BANKURA(DISTRICT MAGISTRATE BANKURA_IDA)","Saumitra khan","BISHNUPUR(SC)","Installation of Solar LED Street Light with Pole (Pole- 6mtr, 18Watt, Battery- 12.8V, 24 AH Lithium Ferro Battery, Module- 75Wp Solar Panel) Total Nos. 21 Nos. x 38000/- Each","02-Sep-2024","710846","13-Dec-2024"
"1454","Normal/Others","WS/MP479/2024-2025/138225-Street lights","West Bengal","BANKURA(DISTRICT MAGISTRATE BANKURA_IDA)","Saumitra khan","BISHNUPUR(SC)","Installation of Solar LED Street Light with Pole (Pole- 6mtr, 18Watt, Battery- 12.8V, 24 AH Lithium Ferro Battery, Module- 75Wp Solar Panel) Total Nos. 46 Nos. x 38000/- Each","02-Sep-2024","1564917","13-Dec-2024"
"1455","Normal/Others","WS/MP479/2024-2025/138231-Street lights","West Bengal","BANKURA(DISTRICT MAGISTRATE BANKURA_IDA)","Saumitra khan","BISHNUPUR(SC)","Installation of Solar LED Street Light with Pole (Pole- 6mtr, 18Watt, Battery- 12.8V, 24 AH Lithium Ferro Battery, Module- 75Wp Solar Panel) Total Nos. 41 Nos. x 38000/- Each","02-Sep-2024","1394817","13-Dec-2024"
"1456","Normal/Others","WS/MP18328/2024-2025/138238-Development of playground","Himachal Pradesh","KULLU(DEPUTY COMMISSIONER KULLU_IDA)","Kangana Ranaut","MANDI","Development of playground C/o Playground Lachar in village Shaleen, Gram Panchayat Shaleen, Tehsil Manali, District Kullu, HP, Work Execute By- BDO Naggar(Manali), Eastimate attached","02-Sep-2024","463740","26-Oct-2024"
"1457","Normal/Others","WS/MP18328/2024-2025/138239-Construction of boundary walls of existing public and community buildings","Himachal Pradesh","KULLU(DEPUTY COMMISSIONER KULLU_IDA)","Kangana Ranaut","MANDI","Construction of protection walls of existing public and community buildings. C/o PCC wall behind school building of GHS Chansari, District Kullu. HP. Work Execute By-HPPWD Kullu, Eastimate attached","02-Sep-2024","1900000","04-Jan-2025"
"1458","Normal/Others","WS/MP18328/2024-2025/138241-Construction of additional rooms and halls in the existing public and community building","Himachal Pradesh","MANDI(DEPUTY COMMISSIONER MANDI_IDA)","Kangana Ranaut","MANDI","Construction of additional rooms and halls in the existing public and community building. Name of work:-Constuction  (Upgradation) of Panchayat Ghar  of Gram Panchayat Sulpur Jaboth, Block Development  Gopalpur, District  Mandi Himachal Pradesh . Eastimate Attached, Work Execute BY GP Sulpur Jaboth.","02-Sep-2024","1400000","11-Oct-2024"
"1459","Normal/Others","WS/MP18328/2024-2025/138242-Lighting of public spaces","Himachal Pradesh","MANDI(DEPUTY COMMISSIONER MANDI_IDA)","Kangana Ranaut","MANDI","Installation of Solar Lights, Lightning of Public Spaces. Installation of One Solar Light (12 Watt) to the house of Jamna Devi W/o Late Sh. Devki Nandan, Village Khuiri Dom, PO- Rajgarh, Tehsil-Balh, District-Mandi, H.P. PIN-175027, Ph- 8219147679","02-Sep-2024","14805","10-Sep-2024"
"1460","Normal/Others","WS/MP18328/2024-2025/138243-Lighting of public spaces","Himachal Pradesh","MANDI(DEPUTY COMMISSIONER MANDI_IDA)","Kangana Ranaut","MANDI","Installation of Solar Lights, Lightning of Public Spaces. Installation of One Solar Light (12 Watt) to the house of Deepak Thakur S/o Late Sh. Devki Nandan, Village Khuiri Dom, PO- Rajgarh, Tehsil-Balh, District-Mandi, H.P. PIN-175027, Ph- 7986677538","02-Sep-2024","14805","10-Sep-2024"
"1461","Normal/Others","WS/MP18328/2024-2025/138244-Lighting of public spaces","Himachal Pradesh","MANDI(DEPUTY COMMISSIONER MANDI_IDA)","Kangana Ranaut","MANDI","Installation of Solar Lights, Lightning of Public Spaces. Installation of One Solar Light (12 Watt) near the house of Suneel Kumar S/o Gulaba Ram, Village Kalehri, PO- Balhara, Tehsil-Baldwara, District-Mandi, H.P. PIN-175033, Ph- 7590053551","02-Sep-2024","14805","10-Sep-2024"
"1462","Normal/Others","WS/MP313/2024-2025/138257-Providing drains and gutters for public drainage","Arunachal Pradesh","NAMSAI(Deputy Commisioner Namsai_IDA)","Shri Tapir Gao","ARUNACHAL EAST","C/o Drain at Chongkham III in Namsai District","15-Sep-2024","499185","24-Nov-2024"
"1463","Normal/Others","WS/MP313/2024-2025/138260-Construction of culverts and bridges","Arunachal Pradesh","NAMSAI(Deputy Commisioner Namsai_IDA)","Shri Tapir Gao","ARUNACHAL EAST","C/o Culvert (2 Nos) at Sengsap Village in Namsai District (PWD)","15-Sep-2024","497873","24-Nov-2024"
"1464","Normal/Others","WS/MP313/2024-2025/138262-Construction of roads, link roads, pathways or any other road with or without drainage system","Arunachal Pradesh","NAMSAI(Deputy Commisioner Namsai_IDA)","Shri Tapir Gao","ARUNACHAL EAST","C/o Sand gravel road at Kungsung Village 2nd mile area in Namsai District","15-Sep-2024","1000000","24-Nov-2024"
"1465","Normal/Others","WS/MP423/2024-2025/138263-Construction of roads, link roads, pathways or any other road with or without drainage system","West Bengal","South 24 Parganas(DISTRICT MAGISTRATE SOUTH TWENTY FOUR PARGANAS_IDA)","Shri Abhishek Banerjee","DIAMOND HARBOUR","Construction of CC Road from H/O Pulak Das to land of Kashinath Poddar. (138 mtr)","02-Sep-2024","332672","24-Dec-2024"
"1466","Normal/Others","WS/MP423/2024-2025/138264-Construction of roads, link roads, pathways or any other road with or without drainage system","West Bengal","South 24 Parganas(DISTRICT MAGISTRATE SOUTH TWENTY FOUR PARGANAS_IDA)","Shri Abhishek Banerjee","DIAMOND HARBOUR","Construction of CC Road from H/O Gunodhar Maity to H/O Laltu Porey. (125.62 mtr)","02-Sep-2024","325777","12-Mar-2025"
"1467","Normal/Others","WS/MP423/2024-2025/138265-Construction of roads, link roads, pathways or any other road with or without drainage system","West Bengal","South 24 Parganas(DISTRICT MAGISTRATE SOUTH TWENTY FOUR PARGANAS_IDA)","Shri Abhishek Banerjee","DIAMOND HARBOUR","Construction of Road with Pilling from Goffer Molla's shop to H/O Lokman Sekh At Sultanganja. (100 mtr)","02-Sep-2024","329103","24-Dec-2024"
"1468","Normal/Others","WS/MP423/2024-2025/138266-Construction of roads, link roads, pathways or any other road with or without drainage system","West Bengal","South 24 Parganas(DISTRICT MAGISTRATE SOUTH TWENTY FOUR PARGANAS_IDA)","Shri Abhishek Banerjee","DIAMOND HARBOUR","Construction of CC road with pilling from H/O Joydev Shee to H/O Baddinath Shee. (120 mtr)","02-Sep-2024","398072","24-Dec-2024"
"1469","Normal/Others","WS/MP423/2024-2025/138267-Construction of roads, link roads, pathways or any other road with or without drainage system","West Bengal","South 24 Parganas(DISTRICT MAGISTRATE SOUTH TWENTY FOUR PARGANAS_IDA)","Shri Abhishek Banerjee","DIAMOND HARBOUR","Construction of CC Road from H/O Abu Molla to H/O  Mehebub Molla. (95 mtr)","02-Sep-2024","335816","24-Dec-2024"
"1470","Normal/Others","WS/MP423/2024-2025/138268-Construction of roads, link roads, pathways or any other road with or without drainage system","West Bengal","South 24 Parganas(DISTRICT MAGISTRATE SOUTH TWENTY FOUR PARGANAS_IDA)","Shri Abhishek Banerjee","DIAMOND HARBOUR","Construction of CC Road from H/O Nemai Santra to H/O Khokan sekh. (100 mtr)","02-Sep-2024","399673","24-Dec-2024"
"1471","Normal/Others","WS/MP423/2024-2025/138269-Construction of roads, link roads, pathways or any other road with or without drainage system","West Bengal","South 24 Parganas(DISTRICT MAGISTRATE SOUTH TWENTY FOUR PARGANAS_IDA)","Shri Abhishek Banerjee","DIAMOND HARBOUR","Construction of CC Road from H/O Gandhi Jana to H/O Amit Jana at Bakhrahat GP. (98 mtr)","02-Sep-2024","289413","24-Dec-2024"
"1472","Normal/Others","WS/MP423/2024-2025/138270-Construction of roads, link roads, pathways or any other road with or without drainage system","West Bengal","South 24 Parganas(DISTRICT MAGISTRATE SOUTH TWENTY FOUR PARGANAS_IDA)","Shri Abhishek Banerjee","DIAMOND HARBOUR","Construction of CC Road from Shop of Habi Mondal to H/O Moinuddin Mondal. (120 mtr)","02-Sep-2024","355999","27-Nov-2024"
"1473","Normal/Others","WS/MP423/2024-2025/138271-Construction of roads, link roads, pathways or any other road with or without drainage system","West Bengal","South 24 Parganas(DISTRICT MAGISTRATE SOUTH TWENTY FOUR PARGANAS_IDA)","Shri Abhishek Banerjee","DIAMOND HARBOUR","Construction of CC Road with Guard Wall from Nibaran Dutta Road to Vidyanagar Karmatirtha. (110 mtr)","02-Sep-2024","335555","27-Nov-2024"
"1474","Normal/Others","WS/MP423/2024-2025/138272-Construction of roads, link roads, pathways or any other road with or without drainage system","West Bengal","South 24 Parganas(DISTRICT MAGISTRATE SOUTH TWENTY FOUR PARGANAS_IDA)","Shri Abhishek Banerjee","DIAMOND HARBOUR","Construction of CC Road from H/O Jaydeb Sardar to H/O Asim Sau. (95 mtr)","02-Sep-2024","350000","27-Nov-2024"
"1475","Normal/Others","WS/MP423/2024-2025/138273-Construction of roads, link roads, pathways or any other road with or without drainage system","West Bengal","South 24 Parganas(DISTRICT MAGISTRATE SOUTH TWENTY FOUR PARGANAS_IDA)","Shri Abhishek Banerjee","DIAMOND HARBOUR","Construction of CC Road from H/O Abur Ali Jamadar to H/O Aslam Jamadar.(132 mtr)","02-Sep-2024","332461","27-Nov-2024"
"1476","Normal/Others","WS/MP423/2024-2025/138274-Construction of roads, link roads, pathways or any other road with or without drainage system","West Bengal","South 24 Parganas(DISTRICT MAGISTRATE SOUTH TWENTY FOUR PARGANAS_IDA)","Shri Abhishek Banerjee","DIAMOND HARBOUR","Construction of CC Road from H/O Sk Ejajul to H/O Habibur. (106 mtr)","02-Sep-2024","379459","12-Feb-2025"
"1477","Normal/Others","WS/MP423/2024-2025/138275-Construction of roads, link roads, pathways or any other road with or without drainage system","West Bengal","South 24 Parganas(DISTRICT MAGISTRATE SOUTH TWENTY FOUR PARGANAS_IDA)","Shri Abhishek Banerjee","DIAMOND HARBOUR","Construction of C C Road from Aima Masjid to H/O Sajamal at Aima. (36 mtr)","02-Sep-2024","296972","12-Feb-2025"
"1478","Normal/Others","WS/MP423/2024-2025/138276-Construction of roads, link roads, pathways or any other road with or without drainage system","West Bengal","South 24 Parganas(DISTRICT MAGISTRATE SOUTH TWENTY FOUR PARGANAS_IDA)","Shri Abhishek Banerjee","DIAMOND HARBOUR","Construction of C C Road with Pilling from H/O Sk Jalal to H/O Sk Jahangir.(86 mtr)","02-Sep-2024","393322","12-Feb-2025"
"1479","Normal/Others","WS/MP423/2024-2025/138277-Construction of roads, link roads, pathways or any other road with or without drainage system","West Bengal","South 24 Parganas(DISTRICT MAGISTRATE SOUTH TWENTY FOUR PARGANAS_IDA)","Shri Abhishek Banerjee","DIAMOND HARBOUR","Construction of CC Road from H/O Sanjoy Das to Mohonpur Foot Ball Ground. (138 mtr)","02-Sep-2024","409336","12-Feb-2025"
"1480","Normal/Others","WS/MP423/2024-2025/138278-Construction of roads, link roads, pathways or any other road with or without drainage system","West Bengal","South 24 Parganas(DISTRICT MAGISTRATE SOUTH TWENTY FOUR PARGANAS_IDA)","Shri Abhishek Banerjee","DIAMOND HARBOUR","Construction of PCC Road with Pilling from H/O Mahadeb Mondal to H/O Pradip Mondal. (111 mtr)","02-Sep-2024","397308","12-Feb-2025"
"1481","Normal/Others","WS/MP423/2024-2025/138279-Construction of roads, link roads, pathways or any other road with or without drainage system","West Bengal","South 24 Parganas(DISTRICT MAGISTRATE SOUTH TWENTY FOUR PARGANAS_IDA)","Shri Abhishek Banerjee","DIAMOND HARBOUR","Construction of CC Road from Deshbandhu Club to H/O Subhas Mallick at Chakparan.(167 mtr)","02-Sep-2024","389748","12-Feb-2025"
"1482","Normal/Others","WS/MP423/2024-2025/138280-Construction of roads, link roads, pathways or any other road with or without drainage system","West Bengal","South 24 Parganas(DISTRICT MAGISTRATE SOUTH TWENTY FOUR PARGANAS_IDA)","Shri Abhishek Banerjee","DIAMOND HARBOUR","Construction of CC Road from H/O Basudeb Mistry to H/O Mithu Mondal. (42 mtr)","02-Sep-2024","200047","12-Feb-2025"
"1483","Normal/Others","WS/MP423/2024-2025/138281-Construction of roads, link roads, pathways or any other road with or without drainage system","West Bengal","South 24 Parganas(DISTRICT MAGISTRATE SOUTH TWENTY FOUR PARGANAS_IDA)","Shri Abhishek Banerjee","DIAMOND HARBOUR","Construction of CC Road from H/O Ranajit Naskar to H/O Punna Ch. Mondal. (70 mtr)","02-Sep-2024","207056","12-Feb-2025"
"1484","Normal/Others","WS/MP18272/2024-2025/138305-Construction of rooms and halls in school and colleges","West Bengal","Jhargram(DISTRICT MAGISTRATE JHARGRAM_IDA)","KALIPADA SAREN","JHARGRAM(ST)","Construction of New Hostel Building and infrastructure development of Morchi Golapnath S.C. High School (H.S.).","02-Sep-2024","2911701","31-Dec-2024"
"1485","Normal/Others","WS/MP479/2024-2025/138308-Lighting of public spaces","West Bengal","BANKURA(DISTRICT MAGISTRATE BANKURA_IDA)","Saumitra khan","BISHNUPUR(SC)","Installation of Solar LED Light with Pole (Lights-24Watt x 2, Pole-7mtr. Octagonal with Manual Ladder, Battery 12.8V,30AH Lithium ferro, Module-150Wp Solar Panel) Total 2 Nos. X 65000/- each","02-Sep-2024","129932","13-Dec-2024"
"1486","Normal/Others","WS/MP479/2024-2025/138313-Lighting of public spaces","West Bengal","BANKURA(DISTRICT MAGISTRATE BANKURA_IDA)","Saumitra khan","BISHNUPUR(SC)","Installation of Solar LED Light with Pole (Lights-24Watt x 2, Pole-7mtr. Octagonal with Manual Ladder, Battery 12.8V,30AH Lithium ferro, Module-150Wp Solar Panel) Total 4 Nos. X 65000/- each","02-Sep-2024","259864","13-Dec-2024"
"1487","Normal/Others","WS/MP479/2024-2025/138322-Lighting of public spaces","West Bengal","BANKURA(DISTRICT MAGISTRATE BANKURA_IDA)","Saumitra khan","BISHNUPUR(SC)","Installation of Solar LED High Mast Light with Pole (Pole- 9mtr, 40Watt LED Flood Light 4 pcs, Battery- 12.8 V, 30-36 AH Lithium Ferro Battery, Panel- 150 Wp) Total No. 2nos. X 310000 /-each.","02-Sep-2024","574443","13-Dec-2024"
"1488","Normal/Others","WS/MP479/2024-2025/138325-Lighting of public spaces","West Bengal","BANKURA(DISTRICT MAGISTRATE BANKURA_IDA)","Saumitra khan","BISHNUPUR(SC)","Installation of Solar LED High Mast Light with Pole (Pole- 9mtr, 40Watt LED Flood Light 4 pcs, Battery- 12.8 V, 30-36 AH Lithium Ferro Battery, Panel- 150 Wp) Total No. 1no. X 310000 /-","02-Sep-2024","287221","13-Dec-2024"
"1489","Normal/Others","WS/MP479/2024-2025/138330-Construction of rooms and halls in school and colleges","West Bengal","BANKURA(DISTRICT MAGISTRATE BANKURA_IDA)","Saumitra khan","BISHNUPUR(SC)","Construction of additional class room.","02-Sep-2024","650000","13-Dec-2024"
"1490","Repair and Renovation","WS/MP479/2024-2025/138331-Construction of buildings for community cultural activities","West Bengal","BANKURA(DISTRICT MAGISTRATE BANKURA_IDA)","Saumitra khan","BISHNUPUR(SC)","Repair and Renovation work of building.","02-Sep-2024","348999","06-Jan-2025"
"1491","Normal/Others","WS/MP479/2024-2025/138334-Construction of cycle tracks, cycle stand and segregated non-motorized vehicle (NMV) lanes","West Bengal","BANKURA(DISTRICT MAGISTRATE BANKURA_IDA)","Saumitra khan","BISHNUPUR(SC)","Construction of cycle stand.","02-Sep-2024","499031","13-Dec-2024"
"1492","Normal/Others","WS/MP479/2024-2025/138341-Construction of common work sheds/ common covered sitting area","West Bengal","BANKURA(DISTRICT MAGISTRATE BANKURA_IDA)","Saumitra khan","BISHNUPUR(SC)","Construction of Krishi Charcha Kendra. ( 2 Nos. X 650000 /- each) = Rs.1300000/-","02-Sep-2024","1300000","06-Jan-2025"
"1493","Normal/Others","WS/MP479/2024-2025/138368-Installing community drinking water plants","West Bengal","BANKURA(DISTRICT MAGISTRATE BANKURA_IDA)","Saumitra khan","BISHNUPUR(SC)","Installation of water Purifier. (2 Nos. X 135000/-each)= Rs.270000/-","02-Sep-2024","269808","13-Dec-2024"
"1494","Normal/Others","WS/MP423/2024-2025/138441-Construction of roads, link roads, pathways or any other road with or without drainage system","West Bengal","South 24 Parganas(DISTRICT MAGISTRATE SOUTH TWENTY FOUR PARGANAS_IDA)","Shri Abhishek Banerjee","DIAMOND HARBOUR","Construction of C.C road from H/O Arjun Sardar to Haribasartala.(79 mtr)","02-Sep-2024","190783","21-Nov-2024"
"1495","Normal/Others","WS/MP423/2024-2025/138442-Construction of roads, link roads, pathways or any other road with or without drainage system","West Bengal","South 24 Parganas(DISTRICT MAGISTRATE SOUTH TWENTY FOUR PARGANAS_IDA)","Shri Abhishek Banerjee","DIAMOND HARBOUR","Construction of C.C road from H/O Paritosh Safui to H/O Sarama Safui at Prasadpur.(52 mtr)","02-Sep-2024","149044","21-Nov-2024"
"1496","Normal/Others","WS/MP423/2024-2025/138443-Construction of roads, link roads, pathways or any other road with or without drainage system","West Bengal","South 24 Parganas(DISTRICT MAGISTRATE SOUTH TWENTY FOUR PARGANAS_IDA)","Shri Abhishek Banerjee","DIAMOND HARBOUR","Construction of C.C road from H/O Mantu Mondal near Panarala F.P. School to H/O Manas Mondal. (60 mtr)","02-Sep-2024","137255","21-Nov-2024"
"1497","Normal/Others","WS/MP423/2024-2025/138444-Construction of roads, link roads, pathways or any other road with or without drainage system","West Bengal","South 24 Parganas(DISTRICT MAGISTRATE SOUTH TWENTY FOUR PARGANAS_IDA)","Shri Abhishek Banerjee","DIAMOND HARBOUR","Construction of C.C road from H/O Bulo Kumar to H/O Naresh Kumar at Hanta. (45 mtr)","02-Sep-2024","149876","21-Nov-2024"
"1498","Normal/Others","WS/MP423/2024-2025/138445-Construction of roads, link roads, pathways or any other road with or without drainage system","West Bengal","South 24 Parganas(DISTRICT MAGISTRATE SOUTH TWENTY FOUR PARGANAS_IDA)","Shri Abhishek Banerjee","DIAMOND HARBOUR","Construction of C.C. road with protection  wall from Shop of Babulala Sardar to H/O Judhistri Sardar at Raskhali. (86 mtr)","02-Sep-2024","267517","31-Dec-2024"
"1499","Normal/Others","WS/MP423/2024-2025/138446-Construction of roads, link roads, pathways or any other road with or without drainage system","West Bengal","South 24 Parganas(DISTRICT MAGISTRATE SOUTH TWENTY FOUR PARGANAS_IDA)","Shri Abhishek Banerjee","DIAMOND HARBOUR","Construction of C.C road from H/O Bablu Mondal to H/O Nantu Purkait.(61 mtr)","02-Sep-2024","348342","21-Nov-2024"
"1500","Normal/Others","WS/MP423/2024-2025/138447-Construction of roads, link roads, pathways or any other road with or without drainage system","West Bengal","South 24 Parganas(DISTRICT MAGISTRATE SOUTH TWENTY FOUR PARGANAS_IDA)","Shri Abhishek Banerjee","DIAMOND HARBOUR","Construction of C.C road from H/O Altaf Sepai to H/O Sabina Bibi at Gandhabaduli. (121 mtr)","02-Sep-2024","203187","21-Nov-2024"
"1501","Normal/Others","WS/MP423/2024-2025/138448-Construction of roads, link roads, pathways or any other road with or without drainage system","West Bengal","South 24 Parganas(DISTRICT MAGISTRATE SOUTH TWENTY FOUR PARGANAS_IDA)","Shri Abhishek Banerjee","DIAMOND HARBOUR","Construction of C.C road from H/O Ayesh Pramanik towards Ghuna Naru's House. (69 mtr)","02-Sep-2024","235581","10-Dec-2024"
"1502","Normal/Others","WS/MP423/2024-2025/138449-Construction of roads, link roads, pathways or any other road with or without drainage system","West Bengal","South 24 Parganas(DISTRICT MAGISTRATE SOUTH TWENTY FOUR PARGANAS_IDA)","Shri Abhishek Banerjee","DIAMOND HARBOUR","Construction of C.C road from H/O Karim Sardar to H/O Sekendar Kazi. (80 mtr)","02-Sep-2024","153261","21-Nov-2024"
"1503","Normal/Others","WS/MP423/2024-2025/138450-Construction of roads, link roads, pathways or any other road with or without drainage system","West Bengal","South 24 Parganas(DISTRICT MAGISTRATE SOUTH TWENTY FOUR PARGANAS_IDA)","Shri Abhishek Banerjee","DIAMOND HARBOUR","Construction of C.C road from H/O Bimal Santra towards H/O Kayem Molla.(126.5 mtr)","02-Sep-2024","349963","21-Nov-2024"
"1504","Normal/Others","WS/MP423/2024-2025/138451-Construction of roads, link roads, pathways or any other road with or without drainage system","West Bengal","South 24 Parganas(DISTRICT MAGISTRATE SOUTH TWENTY FOUR PARGANAS_IDA)","Shri Abhishek Banerjee","DIAMOND HARBOUR","Construction of C.C road from 18 No ICDS Centre towards H/O Kalipada Mondal at Uttar Kazirhat. (48 mtr)","02-Sep-2024","199362","21-Nov-2024"
"1505","Normal/Others","WS/MP423/2024-2025/138452-Construction of roads, link roads, pathways or any other road with or without drainage system","West Bengal","South 24 Parganas(DISTRICT MAGISTRATE SOUTH TWENTY FOUR PARGANAS_IDA)","Shri Abhishek Banerjee","DIAMOND HARBOUR","Construction of C.C road from Jora Kali Mandir towards H/O Laxman Das at Gotberia. (42 mtr)","02-Sep-2024","149635","21-Nov-2024"
"1506","Normal/Others","WS/MP423/2024-2025/138453-Construction of roads, link roads, pathways or any other road with or without drainage system","West Bengal","South 24 Parganas(DISTRICT MAGISTRATE SOUTH TWENTY FOUR PARGANAS_IDA)","Shri Abhishek Banerjee","DIAMOND HARBOUR","Construction of C.C road from H/O Jayanta Sardar to H/O Dilip Naskar at Chakrasunmamud. (126 mtr)","02-Sep-2024","349830","26-Dec-2024"
"1507","Normal/Others","WS/MP423/2024-2025/138454-Construction of roads, link roads, pathways or any other road with or without drainage system","West Bengal","South 24 Parganas(DISTRICT MAGISTRATE SOUTH TWENTY FOUR PARGANAS_IDA)","Shri Abhishek Banerjee","DIAMOND HARBOUR","Construction of C.C road with Protection Wall from H/O Bablu Gazi to H/O  Ambiya Molla at Baidyapara. (32 mtr)","02-Sep-2024","194994","21-Nov-2024"
"1508","Normal/Others","WS/MP423/2024-2025/138455-Construction of roads, link roads, pathways or any other road with or without drainage system","West Bengal","South 24 Parganas(DISTRICT MAGISTRATE SOUTH TWENTY FOUR PARGANAS_IDA)","Shri Abhishek Banerjee","DIAMOND HARBOUR","Construction of C.C road with Protection Wall from H/O Younus Khan to H/O Hafizul Molla. (24.10 mtr)","02-Sep-2024","148064","26-Dec-2024"
"1509","Normal/Others","WS/MP423/2024-2025/138456-Construction of roads, link roads, pathways or any other road with or without drainage system","West Bengal","South 24 Parganas(DISTRICT MAGISTRATE SOUTH TWENTY FOUR PARGANAS_IDA)","Shri Abhishek Banerjee","DIAMOND HARBOUR","Construction of C.C road from H/O Badan Bar to Ghosh Para Culvert. (120 mtr)","02-Sep-2024","247885","21-Nov-2024"
"1510","Normal/Others","WS/MP423/2024-2025/138457-Construction of roads, link roads, pathways or any other road with or without drainage system","West Bengal","South 24 Parganas(DISTRICT MAGISTRATE SOUTH TWENTY FOUR PARGANAS_IDA)","Shri Abhishek Banerjee","DIAMOND HARBOUR","Construction of C.C road from H/O Javed Mallick to H/O Iliyash Molla. (53 mtr)","02-Sep-2024","110431","21-Nov-2024"
"1511","Normal/Others","WS/MP423/2024-2025/138458-Construction of culverts and bridges","West Bengal","South 24 Parganas(DISTRICT MAGISTRATE SOUTH TWENTY FOUR PARGANAS_IDA)","Shri Abhishek Banerjee","DIAMOND HARBOUR","Construction of Concrete Culvert near the H/O Ramprasad Kayal at Kalmikhali.","02-Sep-2024","293375","21-Nov-2024"
"1512","Repair and Renovation","WS/MP423/2024-2025/138459-Construction of rooms and facilities for hospitals, FWC , PHC Centers and ANM centers","West Bengal","South 24 Parganas(DISTRICT MAGISTRATE SOUTH TWENTY FOUR PARGANAS_IDA)","Shri Abhishek Banerjee","DIAMOND HARBOUR","Beutification and Renovation of Chandi Doulatabad BPHC.","02-Sep-2024","449568","21-Nov-2024"
"1513","Normal/Others","WS/MP423/2024-2025/138460-Construction of roads, link roads, pathways or any other road with or without drainage system","West Bengal","South 24 Parganas(DISTRICT MAGISTRATE SOUTH TWENTY FOUR PARGANAS_IDA)","Shri Abhishek Banerjee","DIAMOND HARBOUR","Construction of C.C road from Jagannathpur H/O Gour Mohan Dey to H/O Pintu Halder Under Ashuti-II GP. (150 mtr)","02-Sep-2024","449616","09-Jan-2025"
"1514","Normal/Others","WS/MP423/2024-2025/138461-Construction of roads, link roads, pathways or any other road with or without drainage system","West Bengal","South 24 Parganas(DISTRICT MAGISTRATE SOUTH TWENTY FOUR PARGANAS_IDA)","Shri Abhishek Banerjee","DIAMOND HARBOUR","Construction of C.C road with road protection wall from Rasapunja H/O Balai Naskar to H/O Montu Naskar at Rasapunja. (55 mtr)","02-Sep-2024","199845","09-Jan-2025"
"1515","Normal/Others","WS/MP423/2025-2026/138462-Construction of roads, link roads, pathways or any other road with or without drainage system","West Bengal","South 24 Parganas(DISTRICT MAGISTRATE SOUTH TWENTY FOUR PARGANAS_IDA)","Shri Abhishek Banerjee","DIAMOND HARBOUR","Construction of C.C road from house of Manu Mallick to house of Rustam Mallick under Chatta GP. (148.5 mtr)","02-Sep-2024","800000","02-May-2025"
"1516","Normal/Others","WS/MP423/2024-2025/138463-Construction of roads, link roads, pathways or any other road with or without drainage system","West Bengal","South 24 Parganas(DISTRICT MAGISTRATE SOUTH TWENTY FOUR PARGANAS_IDA)","Shri Abhishek Banerjee","DIAMOND HARBOUR","Construction of C.C road with road protection wall from H/O Prabir Mondal to H/O Krishnendu Das at Ganneygangadharpur. (145 mtr)","02-Sep-2024","349139","09-Jan-2025"
"1517","Normal/Others","WS/MP18074/2024-2025/138464-Development of playfields and sports grounds","Jharkhand","SIMDEGA(Deputy Commissioner simdega_IDA)","KALI CHARAN MUNDA","KHUNTI(ST)","Construction work of playground at Ursaline Convent Samtoli in the town of Simdega block.","02-Sep-2024","1300000","14-Oct-2024"
"1518","Normal/Others","WS/MP18074/2024-2025/138465-Construction of roads, link roads, pathways or any other road with or without drainage system","Jharkhand","SIMDEGA(Deputy Commissioner simdega_IDA)","KALI CHARAN MUNDA","KHUNTI(ST)","Construction of PCC path from Praveen Baah's house towards James Dungdung's house in Banghatoli village of Konjoba Panchayat of Kersai block.","02-Sep-2024","600000","02-Oct-2024"
"1519","Normal/Others","WS/MP18074/2024-2025/138466-Providing drains and gutters for public drainage","Jharkhand","SIMDEGA(Deputy Commissioner simdega_IDA)","KALI CHARAN MUNDA","KHUNTI(ST)","Construction of drain from Turi Toli resident Sandeep Kumar's house towards Guddu Turi's house in Konjoba Panchayat of Kersai block.","02-Sep-2024","400000","14-Oct-2024"
"1520","Normal/Others","WS/MP18074/2024-2025/138467-Construction of roads, link roads, pathways or any other road with or without drainage system","Jharkhand","SIMDEGA(Deputy Commissioner simdega_IDA)","KALI CHARAN MUNDA","KHUNTI(ST)","Construction of PCC path near Rameshwar's farm in Kutmakchar Panchayat of Kurdeg block.","02-Sep-2024","400000","02-Oct-2024"
"1521","Normal/Others","WS/MP18074/2024-2025/138468-Construction of roads, link roads, pathways or any other road with or without drainage system","Jharkhand","SIMDEGA(Deputy Commissioner simdega_IDA)","KALI CHARAN MUNDA","KHUNTI(ST)","Construction of PCC Road near Salaya tree located in Banghatoli in Kutmakchar Panchayat of Kurdeg block.","02-Sep-2024","400000","02-Oct-2024"
"1522","Normal/Others","WS/MP18074/2024-2025/138469-Construction of roads, link roads, pathways or any other road with or without drainage system","Jharkhand","SIMDEGA(Deputy Commissioner simdega_IDA)","KALI CHARAN MUNDA","KHUNTI(ST)","Construction of PCC Road from Jhimri to Dhori Patra path of Kutmakchar Panchayat of Kurdeg block.","02-Sep-2024","600000","02-Oct-2024"
"1523","Normal/Others","WS/MP18074/2024-2025/138470-Construction of roads, link roads, pathways or any other road with or without drainage system","Jharkhand","SIMDEGA(Deputy Commissioner simdega_IDA)","KALI CHARAN MUNDA","KHUNTI(ST)","Construction of PCC Road in Naneshera Devantoli in Kesalpur Panchayat of Pakar tanr block.","02-Sep-2024","600000","02-Oct-2024"
"1524","Normal/Others","WS/MP18074/2024-2025/138471-Construction of roads, link roads, pathways or any other road with or without drainage system","Jharkhand","SIMDEGA(Deputy Commissioner simdega_IDA)","KALI CHARAN MUNDA","KHUNTI(ST)","Construction of PCC Road in Naneshera Tongritoli path in Keshalapur Panchayat of Pakar tanr block.","02-Sep-2024","600000","02-Oct-2024"
"1525","Normal/Others","WS/MP18074/2024-2025/138472-Construction of public libraries and reading rooms","Jharkhand","SIMDEGA(Deputy Commissioner simdega_IDA)","KALI CHARAN MUNDA","KHUNTI(ST)","Construction of library building near (Maktab) Madrasa in Khairantoli under Simdega block.","02-Sep-2024","1000000","14-Oct-2024"
"1526","Normal/Others","WS/MP18074/2024-2025/138473-Construction of roads, link roads, pathways or any other road with or without drainage system","Jharkhand","SIMDEGA(Deputy Commissioner simdega_IDA)","KALI CHARAN MUNDA","KHUNTI(ST)","Construction of PCC Road from Barwadih road towards Sebartoli under Kolebira block.","02-Sep-2024","700000","02-Oct-2024"
"1527","Normal/Others","WS/MP18074/2024-2025/138474-Construction of roads, link roads, pathways or any other road with or without drainage system","Jharkhand","SIMDEGA(Deputy Commissioner simdega_IDA)","KALI CHARAN MUNDA","KHUNTI(ST)","Construction of PCC Road from Bano Road Bongram Pucca Road towards Pahantoli under Kolebira block.","02-Sep-2024","600000","02-Oct-2024"
"1528","Normal/Others","WS/MP18074/2024-2025/138475-Construction of roads, link roads, pathways or any other road with or without drainage system","Jharkhand","SIMDEGA(Deputy Commissioner simdega_IDA)","KALI CHARAN MUNDA","KHUNTI(ST)","Construction of PCC Road from Bolba main road via PHC towards Doctor Quarter under Bolba block.","02-Sep-2024","500000","02-Oct-2024"
"1529","Normal/Others","WS/MP18074/2024-2025/138476-Construction of roads, link roads, pathways or any other road with or without drainage system","Jharkhand","SIMDEGA(Deputy Commissioner simdega_IDA)","KALI CHARAN MUNDA","KHUNTI(ST)","Construction of PCC Road from village Ginikera Bartoli Sadam Chaaki towards Jamgachh of Urte Panchayat under Bansjor Block.","02-Sep-2024","600000","02-Oct-2024"
"1530","Normal/Others","WS/MP18074/2024-2025/138477-Construction of roads, link roads, pathways or any other road with or without drainage system","Jharkhand","SIMDEGA(Deputy Commissioner simdega_IDA)","KALI CHARAN MUNDA","KHUNTI(ST)","Construction of PCC road in Gidiburu of Urate Panchayat under Bansjor Block.","02-Sep-2024","600000","02-Oct-2024"
"1531","Normal/Others","WS/MP18074/2024-2025/138478-Construction of roads, link roads, pathways or any other road with or without drainage system","Jharkhand","SIMDEGA(Deputy Commissioner simdega_IDA)","KALI CHARAN MUNDA","KHUNTI(ST)","Construction of PCC road in Bendosera Kudatoli of Parka Revenue Village under Jaldega Block.","02-Sep-2024","600000","02-Oct-2024"
"1532","Normal/Others","WS/MP18074/2024-2025/138479-Construction of roads, link roads, pathways or any other road with or without drainage system","Jharkhand","SIMDEGA(Deputy Commissioner simdega_IDA)","KALI CHARAN MUNDA","KHUNTI(ST)","Construction of PCC road in Kusumtoli of Thethaitanger Panchayat under Thethaitanger Block.","02-Sep-2024","500000","02-Oct-2024"
"1533","Normal/Others","WS/MP18023/2024-2025/138480-Construction of boundary walls of existing public and community buildings","Assam","KAMRUP METRO(DEPUTY COMMISSIONER KAMRUP METROPOLITAN_IDA)","BIJULI KALITA MEDHI","GUWAHATI","Construction of boundary wall of community hall at Bhetapara Jyoti Path","02-Sep-2024","700000","15-Oct-2024"
"1534","Normal/Others","WS/MP18023/2024-2025/138481-Construction of community centers and community halls","Assam","KAMRUP METRO(DEPUTY COMMISSIONER KAMRUP METROPOLITAN_IDA)","BIJULI KALITA MEDHI","GUWAHATI","Construction of Community Hall at Amiya Nagar Unnayan Samity , Chandmari.","02-Sep-2024","1300000","10-Dec-2024"
"1535","Repair and Renovation","WS/MP18023/2025-2026/138482-Retrofitting in essential lifeline buildings","Assam","KAMRUP METRO(DEPUTY COMMISSIONER KAMRUP METROPOLITAN_IDA)","BIJULI KALITA MEDHI","GUWAHATI","Retrofitting in buliding at Krishna nagar Bikash Kendra . Chandmari","02-Sep-2024","300000","20-Aug-2025"
"1536","Normal/Others","WS/MP18023/2024-2025/138483-Construction of boundary walls of existing public and community buildings","Assam","KAMRUP METRO(DEPUTY COMMISSIONER KAMRUP METROPOLITAN_IDA)","BIJULI KALITA MEDHI","GUWAHATI","Construction of boundary wall at Ujjal Nagar Namghar , Hengrabari .","02-Sep-2024","1000000","27-Dec-2024"
"1537","Normal/Others","WS/MP18023/2024-2025/138485-Construction of community centers and community halls","Assam","KAMRUP METRO(DEPUTY COMMISSIONER KAMRUP METROPOLITAN_IDA)","BIJULI KALITA MEDHI","GUWAHATI","Construction of Community hall at Piyali Phukan Nagar near lakshmi mandir","02-Sep-2024","1200000","10-Feb-2025"
"1538","Normal/Others","WS/MP18354/2024-2025/138486-Purchase of IT systems, including hardware and software for educational purposes","Chhattisgarh","SURGUJA(Collector Surguja_IDA)","CHINTAMANI MAHARAJ","SARGUJA(ST)","Purchase of IT systems. including hardware and software for educational purposes Girls Higher Secondary School Sitapur","02-Sep-2024","999500","25-Nov-2024"
"1539","Normal/Others","WS/MP18354/2024-2025/138487-Purchase of IT systems, including hardware and software for educational purposes","Chhattisgarh","SURGUJA(Collector Surguja_IDA)","CHINTAMANI MAHARAJ","SARGUJA(ST)","Purchase of IT systems. including hardware and software for educational purposes Government Girls Higher Secondary School Darima","02-Sep-2024","999500","25-Nov-2024"
"1540","Normal/Others","WS/MP18354/2024-2025/138488-Purchase of IT systems, including hardware and software for educational purposes","Chhattisgarh","SURGUJA(Collector Surguja_IDA)","CHINTAMANI MAHARAJ","SARGUJA(ST)","Purchase of IT systems. including hardware and software for educational purposes Government Multipurpose Higher Secondary School Ambikapur","02-Sep-2024","999500","25-Nov-2024"
"1541","Normal/Others","WS/MP18354/2024-2025/138489-Purchase of IT systems, including hardware and software for educational purposes","Chhattisgarh","SURGUJA(Collector Surguja_IDA)","CHINTAMANI MAHARAJ","SARGUJA(ST)","Purchase of IT systems. including hardware and software for educational purposes NEET/JE, Weekly Coaching Institute Ambikapur","02-Sep-2024","999500","25-Nov-2024"
"1542","Normal/Others","WS/MP18354/2024-2025/138490-Purchase of IT systems, including hardware and software for educational purposes","Chhattisgarh","SURGUJA(Collector Surguja_IDA)","CHINTAMANI MAHARAJ","SARGUJA(ST)","Purchase of IT systems. including hardware and software for educational purposes Girls Higher Secondary School Salka","02-Sep-2024","999500","25-Nov-2024"
"1543","Normal/Others","WS/MP18173/2024-2025/138501-Construction of roads, link roads, pathways or any other road with or without drainage system","Tamil Nadu","Viluppuram(DISTRICT COLLECTOR VILLUPURAM_IDA)","THARANIVENTHAN M S","ARANI","Providing Cement Concrete Pavement at Kalaingar Nagar in Vengandur Panchayat","05-Sep-2024","399856","24-Sep-2024"
"1544","Normal/Others","WS/MP18173/2024-2025/138502-Construction of community centers and community halls","Tamil Nadu","Viluppuram(DISTRICT COLLECTOR VILLUPURAM_IDA)","THARANIVENTHAN M S","ARANI","Construction of Waiting Shed at Nanalmedu Village in Vengandur Panchayat","05-Sep-2024","599480","24-Sep-2024"
"1545","Normal/Others","WS/MP575/2024-2025/138505-Construction of roads, link roads, pathways or any other road with or without drainage system","Gujarat","NAVSARI(DISTRICT COLLECTOR NAVSARI_IDA)","C R Patil","NAVSARI","for block Paving in Patel Faliya, Talav Faliya At Rahej Village","03-Sep-2024","500000","17-Oct-2024"
"1546","Normal/Others","WS/MP745/2025-2026/138563-Lighting of public spaces","Tamil Nadu","TIRUPPUR(DISTRICT COLLECTOR TIRUPPUR_IDA)","K Subbarayan","TIRUPPUR","Providing Highmass light at ward no-32 Golden nagar -Tiruppur corporation","03-Sep-2024","511070","03-Jul-2025"
"1547","Normal/Others","WS/MP745/2024-2025/138564-Lighting of public spaces","Tamil Nadu","TIRUPPUR(DISTRICT COLLECTOR TIRUPPUR_IDA)","K Subbarayan","TIRUPPUR","Providing Highmass light at ward no 43 Vetathallankadu Ration shop near - Tiruppur corporation","03-Sep-2024","539160","27-Mar-2025"
"1548","Normal/Others","WS/MP745/2025-2026/138565-Lighting of public spaces","Tamil Nadu","TIRUPPUR(DISTRICT COLLECTOR TIRUPPUR_IDA)","K Subbarayan","TIRUPPUR","Providing Highmass light at ward no 24 Sathya nagar - Tiruppur corporation","03-Sep-2024","509737","03-Jul-2025"
"1549","Normal/Others","WS/MP745/2025-2026/138566-Construction of community centers and community halls","Tamil Nadu","TIRUPPUR(DISTRICT COLLECTOR TIRUPPUR_IDA)","K Subbarayan","TIRUPPUR","Construction of New Ration Shop building at ward no.20 Ramanathapuram 3rd street(32BB003PN) - Tiruppur corporation","03-Sep-2024","1345965","24-Sep-2025"
"1550","Normal/Others","WS/MP745/2026-2027/138567-Installing tube-wells and borewells","Tamil Nadu","TIRUPPUR(DISTRICT COLLECTOR TIRUPPUR_IDA)","K Subbarayan","TIRUPPUR","Supply of New Borewell at Ward no.11, K.P.S Street,Shastri Street, Tiruppur Corporation.","03-Sep-2024","1000000","23-Jun-2026"
"1551","Normal/Others","WS/MP745/2025-2026/138568-Construction of rooms and halls in school and colleges","Tamil Nadu","TIRUPPUR(DISTRICT COLLECTOR TIRUPPUR_IDA)","K Subbarayan","TIRUPPUR","Construction of Two classroom building at ward no.14 Periyar colony MMS - Triruppur corporation","03-Sep-2024","3245416","30-Oct-2025"
"1552","Normal/Others","WS/MP745/2025-2026/138569-Construction of community centers and community halls","Tamil Nadu","TIRUPPUR(DISTRICT COLLECTOR TIRUPPUR_IDA)","K Subbarayan","TIRUPPUR","Construction of Ration shop Building at ward no.1 Priyanka nagar - Tiruppur corporation","03-Sep-2024","1350000","24-Sep-2025"
"1553","Normal/Others","WS/MP313/2024-2025/138570-Construction of boundary walls of existing public and community buildings","Arunachal Pradesh","EAST SIANG(Deputy Commisioner East Siang_IDA)","Shri Tapir Gao","ARUNACHAL EAST","C/o Wall near Petrol Pump, Dura- Rengging in East Siang District","15-Sep-2024","2500000","10-Jan-2025"
"1554","Normal/Others","WS/MP745/2024-2025/138572-Construction of water tanks","Tamil Nadu","TIRUPPUR(DISTRICT COLLECTOR TIRUPPUR_IDA)","K Subbarayan","TIRUPPUR","Construction of 30000 ltr OHT at Aathiyur Kalaivani garden H/o. Veliampathi, Uthukuli Block","03-Sep-2024","998871","14-Mar-2025"
"1555","Normal/Others","WS/MP745/2025-2026/138574-Construction of roads, link roads, pathways or any other road with or without drainage system","Tamil Nadu","TIRUPPUR(DISTRICT COLLECTOR TIRUPPUR_IDA)","K Subbarayan","TIRUPPUR","Providing BT Road at Mallankattupudur H/o. Punjaithalavaipalayam, Uthukuli block","03-Sep-2024","1501451","19-Jun-2025"
"1556","Normal/Others","WS/MP423/2024-2025/138575-Providing drains and gutters for public drainage","West Bengal","South 24 Parganas(DISTRICT MAGISTRATE SOUTH TWENTY FOUR PARGANAS_IDA)","Shri Abhishek Banerjee","DIAMOND HARBOUR","Construction of CC Cover Slab Drain from H/O Sintu Sadhukhan to Mahadevpur Khal At Sadhukhan Para. (90 mtr)","03-Sep-2024","299987","09-Dec-2024"
"1557","Normal/Others","WS/MP423/2024-2025/138576-Construction of roads, link roads, pathways or any other road with or without drainage system","West Bengal","South 24 Parganas(DISTRICT MAGISTRATE SOUTH TWENTY FOUR PARGANAS_IDA)","Shri Abhishek Banerjee","DIAMOND HARBOUR","Construction of CC Road & Slab from H/O Jahangir Thander to H/O Anisur Purkait at Thander Para. (126 mtr)","03-Sep-2024","299999","28-Nov-2024"
"1558","Normal/Others","WS/MP423/2024-2025/138577-Construction of roads, link roads, pathways or any other road with or without drainage system","West Bengal","South 24 Parganas(DISTRICT MAGISTRATE SOUTH TWENTY FOUR PARGANAS_IDA)","Shri Abhishek Banerjee","DIAMOND HARBOUR","Construction of CC Road From  H/O Saud Molla to H/O Miraj Molla at Laskar Para. (59.9 mtr)","03-Sep-2024","99926","28-Nov-2024"
"1559","Normal/Others","WS/MP423/2024-2025/138578-Construction of roads, link roads, pathways or any other road with or without drainage system","West Bengal","South 24 Parganas(DISTRICT MAGISTRATE SOUTH TWENTY FOUR PARGANAS_IDA)","Shri Abhishek Banerjee","DIAMOND HARBOUR","Construction of CC Road From H/O Saidul Sarder to H/O Rausun Sarder(50 mtr)","03-Sep-2024","99973","28-Nov-2024"
"1560","Normal/Others","WS/MP423/2024-2025/138579-Construction of roads, link roads, pathways or any other road with or without drainage system","West Bengal","South 24 Parganas(DISTRICT MAGISTRATE SOUTH TWENTY FOUR PARGANAS_IDA)","Shri Abhishek Banerjee","DIAMOND HARBOUR","Construction of CC Road From V.K.Pally H/O Swapan Dey To H/O Sanjib Kar.(100 mtr)","03-Sep-2024","300000","28-Nov-2024"
"1561","Normal/Others","WS/MP423/2024-2025/138580-Construction of roads, link roads, pathways or any other road with or without drainage system","West Bengal","South 24 Parganas(DISTRICT MAGISTRATE SOUTH TWENTY FOUR PARGANAS_IDA)","Shri Abhishek Banerjee","DIAMOND HARBOUR","Construction of CC Road From H/O Akash Nandi to H/O Uttam Halder. (70 mtr)","03-Sep-2024","299974","28-Nov-2024"
"1562","Normal/Others","WS/MP423/2024-2025/138581-Construction of roads, link roads, pathways or any other road with or without drainage system","West Bengal","South 24 Parganas(DISTRICT MAGISTRATE SOUTH TWENTY FOUR PARGANAS_IDA)","Shri Abhishek Banerjee","DIAMOND HARBOUR","Construction of CC New Road at 4No Pole From H/O Uma Sankar Shaw To H/O Ashok Mondal Tample.(22 mtr)","03-Sep-2024","79954","09-Dec-2024"
"1563","Normal/Others","WS/MP423/2024-2025/138582-Providing drains and gutters for public drainage","West Bengal","South 24 Parganas(DISTRICT MAGISTRATE SOUTH TWENTY FOUR PARGANAS_IDA)","Shri Abhishek Banerjee","DIAMOND HARBOUR","Construction of CC New Drain at 3No Pole From H/O Manoshi Mukharjee to H/O Raja Tamang and H/O Birendro Shaw. (50 mtr)","03-Sep-2024","119975","09-Dec-2024"
"1564","Normal/Others","WS/MP423/2024-2025/138583-Providing drains and gutters for public drainage","West Bengal","South 24 Parganas(DISTRICT MAGISTRATE SOUTH TWENTY FOUR PARGANAS_IDA)","Shri Abhishek Banerjee","DIAMOND HARBOUR","Construction of CC Drain from Ganipur Nayaner Chara Soshan Kali Bari To  Green Field City Gate. (70 mtr)","03-Sep-2024","299935","09-Dec-2024"
"1565","Normal/Others","WS/MP423/2024-2025/138584-Providing drains and gutters for public drainage","West Bengal","South 24 Parganas(DISTRICT MAGISTRATE SOUTH TWENTY FOUR PARGANAS_IDA)","Shri Abhishek Banerjee","DIAMOND HARBOUR","Construction of CC Road & Drain With Cover Slab From H/O Narayan Manna to Maa Sitala Mandir At Akra Ferry Ghat Road. (50 mtr)","03-Sep-2024","199912","28-Nov-2024"
"1566","Normal/Others","WS/MP423/2024-2025/138585-Construction of roads, link roads, pathways or any other road with or without drainage system","West Bengal","South 24 Parganas(DISTRICT MAGISTRATE SOUTH TWENTY FOUR PARGANAS_IDA)","Shri Abhishek Banerjee","DIAMOND HARBOUR","Construction of CC Road With Guardwall - Both Side Natunhat Bamonpara Road to H/O Delip Gharami. (25 mtr)","03-Sep-2024","199986","09-Dec-2024"
"1567","Normal/Others","WS/MP423/2024-2025/138586-Construction of roads, link roads, pathways or any other road with or without drainage system","West Bengal","South 24 Parganas(DISTRICT MAGISTRATE SOUTH TWENTY FOUR PARGANAS_IDA)","Shri Abhishek Banerjee","DIAMOND HARBOUR","Construction of CC Road With Drain With Cover Slab from H/O Azadul to H/O Tuttun Khan at Boganoa Para. (98.3 mtr)","03-Sep-2024","199947","09-Dec-2024"
"1568","Normal/Others","WS/MP423/2024-2025/138587-Construction of roads, link roads, pathways or any other road with or without drainage system","West Bengal","South 24 Parganas(DISTRICT MAGISTRATE SOUTH TWENTY FOUR PARGANAS_IDA)","Shri Abhishek Banerjee","DIAMOND HARBOUR","Construction of CC Road from H/O Laxmi Kanta Sukla to Loknath Mandir. (100 mtr)","03-Sep-2024","299996","28-Nov-2024"
"1569","Normal/Others","WS/MP423/2024-2025/138588-Construction of roads, link roads, pathways or any other road with or without drainage system","West Bengal","South 24 Parganas(DISTRICT MAGISTRATE SOUTH TWENTY FOUR PARGANAS_IDA)","Shri Abhishek Banerjee","DIAMOND HARBOUR","Construction of CC Road from Dr. Ashish Bhuiya's Medical Clinic to H/O Swapan Mishra. (80 mtr)","03-Sep-2024","199960","09-Dec-2024"
"1570","Normal/Others","WS/MP423/2024-2025/138589-Construction of roads, link roads, pathways or any other road with or without drainage system","West Bengal","South 24 Parganas(DISTRICT MAGISTRATE SOUTH TWENTY FOUR PARGANAS_IDA)","Shri Abhishek Banerjee","DIAMOND HARBOUR","Construction of CC Road from H/O Debashish to H/O Swapon & Vombol's shop to H/O Bimol Halder and H/O Bishonath Mondal to H/O Uttom Mondal (127 mtr)","03-Sep-2024","299994","09-Dec-2024"
"1571","Normal/Others","WS/MP745/2024-2025/138590-Purchase of prosthetics, wheel chairs, tricycles (manual or motorized), elect scooties, hearing aids","Tamil Nadu","ERODE(DISTRICT_COLLECTORE_ERODE_IDA)","K Subbarayan","TIRUPPUR","Providing speech processor Nucleus -8 OT the Cochlear Medical Device company Restore hearing at the very earliest  at S.P.shivani priya D/o. shanmugarm, Thendral nagar, Perundurai.","03-Sep-2024","730000","28-Feb-2025"
"1572","Normal/Others","WS/MP745/2025-2026/138591-Lighting of public spaces","Tamil Nadu","TIRUPPUR(DISTRICT COLLECTOR TIRUPPUR_IDA)","K Subbarayan","TIRUPPUR","Providing Highmass light at ward no.25 near Solipalayam Bus stop - Tiruppur corporation","03-Sep-2024","535393","03-Jul-2025"
"1573","Normal/Others","NA-Installing tube-wells and borewells","Tamil Nadu","TIRUPPUR(DISTRICT COLLECTOR TIRUPPUR_IDA)","K Subbarayan","TIRUPPUR","Providing new borewell and water supply facilities at ward no-21, Tiruppur corporation","03-Sep-2024","800000","NA"
"1574","Normal/Others","WS/MP313/2024-2025/138626-Construction of public irrigation facilities","Arunachal Pradesh","EAST SIANG(Deputy Commisioner East Siang_IDA)","Shri Tapir Gao","ARUNACHAL EAST","C/o MIC at Jone WRC Field, Rayang Village in East Siang District","15-Sep-2024","1000000","05-Feb-2025"
"1575","Normal/Others","WS/MP313/2024-2025/138631-Construction of boundary walls of existing public and community buildings","Arunachal Pradesh","EAST SIANG(Deputy Commisioner East Siang_IDA)","Shri Tapir Gao","ARUNACHAL EAST","C/o Fencing wall at Niglok Village in East Siang District","15-Sep-2024","1000000","05-Feb-2025"
"1576","Normal/Others","WS/MP18353/2024-2025/138632-Construction of toilet blocks","West Bengal","HOOGHLY(DISTRICT MAGISTRATE HOOGHLY_IDA)","RACHNA BANERJEE","HOOGHLY","Construction of (Community) Girls Sanitary Complex at Chinsurah Deshbandhu Memorial Girls High School (HS)","03-Sep-2024","347080","06-Jan-2025"
"1577","Normal/Others","WS/MP18353/2024-2025/138633-Construction of toilet blocks","West Bengal","HOOGHLY(DISTRICT MAGISTRATE HOOGHLY_IDA)","RACHNA BANERJEE","HOOGHLY","Construction of (Community) Girls Sanitary Complex at Chinsurah Balika Bani Mandir","03-Sep-2024","345565","06-Jan-2025"
"1578","Normal/Others","WS/MP18353/2024-2025/138634-Construction of toilet blocks","West Bengal","HOOGHLY(DISTRICT MAGISTRATE HOOGHLY_IDA)","RACHNA BANERJEE","HOOGHLY","Construction of (Community) Girls Sanitary Complex at Ilsoba Mondali Girls High School (HS)","03-Sep-2024","347080","04-Mar-2025"
"1579","Normal/Others","WS/MP18353/2024-2025/138635-Construction of toilet blocks","West Bengal","HOOGHLY(DISTRICT MAGISTRATE HOOGHLY_IDA)","RACHNA BANERJEE","HOOGHLY","Construction of (Community) Girls Sanitary Complex at Horal Belaboti  Balika Vidhyalaya","03-Sep-2024","347080","04-Mar-2025"
"1580","Normal/Others","WS/MP18353/2024-2025/138636-Construction of toilet blocks","West Bengal","HOOGHLY(DISTRICT MAGISTRATE HOOGHLY_IDA)","RACHNA BANERJEE","HOOGHLY","Construction of (Community) Girls Sanitary Complex at Banchi Balika Girls Uccha Vidhyalay","03-Sep-2024","347080","04-Mar-2025"
"1581","Normal/Others","WS/MP18353/2025-2026/138637-Construction of toilet blocks","West Bengal","HOOGHLY(DISTRICT MAGISTRATE HOOGHLY_IDA)","RACHNA BANERJEE","HOOGHLY","Construction of (Community) Girls Sanitary Complex at Adisaptagram High School","03-Sep-2024","347023","15-Dec-2025"
"1582","Normal/Others","WS/MP18353/2024-2025/138638-Construction of toilet blocks","West Bengal","HOOGHLY(DISTRICT MAGISTRATE HOOGHLY_IDA)","RACHNA BANERJEE","HOOGHLY","Construction of (Community) Girls Sanitary Complex at Ramkrishna High School","03-Sep-2024","347080","05-Dec-2024"
"1583","Normal/Others","WS/MP18353/2024-2025/138639-Construction of rooms and facilities for hospitals, FWC , PHC Centers and ANM centers","West Bengal","HOOGHLY(DISTRICT MAGISTRATE HOOGHLY_IDA)","RACHNA BANERJEE","HOOGHLY","Seating Arregment at the premises of Dhanikhali State General Hospital","03-Sep-2024","3093826","05-Dec-2024"
"1584","Normal/Others","NA-Construction of bus-sheds or bus-stops","West Bengal","HOOGHLY(DISTRICT MAGISTRATE HOOGHLY_IDA)","RACHNA BANERJEE","HOOGHLY","Construction of Bus Stand Waiting Shed at Dumurdaha Nityanandapur-1 Gram Panchyat Under Balagarh Panchayat Samity","03-Sep-2024","349953","NA"
"1585","Normal/Others","NA-Construction of common work sheds/ common covered sitting area","West Bengal","HOOGHLY(DISTRICT MAGISTRATE HOOGHLY_IDA)","RACHNA BANERJEE","HOOGHLY","Construction of Bus Stand Waiting Shade at Jothnarayan More near N.N Girls High School at Bakulia Dhobapara Gram Panchyat under Balagarh Panchayat Samity.","03-Sep-2024","349953","NA"
"1586","Normal/Others","WS/MP18353/2024-2025/138643-Purchase of ambulances (Four, three and two wheelers)","West Bengal","HOOGHLY(DISTRICT MAGISTRATE HOOGHLY_IDA)","RACHNA BANERJEE","HOOGHLY","Purchase Mahindra Neo+ Bolero Ac Ambulance at Dadpur Police station","03-Sep-2024","1420000","04-Feb-2025"
"1587","Normal/Others","WS/MP18353/2024-2025/138644-Purchase of ambulances (Four, three and two wheelers)","West Bengal","HOOGHLY(DISTRICT MAGISTRATE HOOGHLY_IDA)","RACHNA BANERJEE","HOOGHLY","Purchase Mahindra Neo+ Bolero Ac Ambulance at Gurap Police station","03-Sep-2024","1395000","04-Mar-2025"
"1588","Normal/Others","WS/MP18353/2024-2025/138645-Purchase of ambulances (Four, three and two wheelers)","West Bengal","HOOGHLY(DISTRICT MAGISTRATE HOOGHLY_IDA)","RACHNA BANERJEE","HOOGHLY","Purchase Mahindra Neo+ Bolero Ac Ambulance at Dhaniakhali Police station","03-Sep-2024","1395000","04-Mar-2025"
"1589","Normal/Others","NA-Purchase of ambulances (Four, three and two wheelers)","West Bengal","HOOGHLY(DISTRICT MAGISTRATE HOOGHLY_IDA)","RACHNA BANERJEE","HOOGHLY","Purchase Mahindra Neo+ Bolero Ac Ambulance at Sreepur Balagarh Gram Panchayat","03-Sep-2024","1420000","NA"
"1590","Normal/Others","WS/MP313/2024-2025/138651-Construction of flood control embankments/ protection walls along riverbanks, hilltops, roadsides","Arunachal Pradesh","EAST SIANG(Deputy Commisioner East Siang_IDA)","Shri Tapir Gao","ARUNACHAL EAST","FDR work at lepir mize agriculture area (arik), sibut Village in East Siang District","15-Sep-2024","1000000","10-Jan-2025"
"1591","Normal/Others","WS/MP18353/2024-2025/138653-Construction of toilet blocks","West Bengal","HOOGHLY(DISTRICT MAGISTRATE HOOGHLY_IDA)","RACHNA BANERJEE","HOOGHLY","Construction of (Community) Girls Sanitary Complex  at Chinsurah Balika Siksha Mandir High School (HS)","03-Sep-2024","347080","06-Jan-2025"
"1592","Normal/Others","WS/MP313/2024-2025/138663-Construction of buildings for community cultural activities","Arunachal Pradesh","LOWER DIBANG VALLEY(Deputy Commisioner Lower Dibang Valley_IDA)","Shri Tapir Gao","ARUNACHAL EAST","C/o of Welcome Gate at Anpum Village in Lower Dibang Valley District","14-Sep-2024","2000000","25-Nov-2024"
"1593","Normal/Others","WS/MP313/2024-2025/138665-Construction of public irrigation facilities","Arunachal Pradesh","LOWER DIBANG VALLEY(Deputy Commisioner Lower Dibang Valley_IDA)","Shri Tapir Gao","ARUNACHAL EAST","C/o MIC at Desali in Lower Dibang Valley District","14-Sep-2024","2000000","25-Nov-2024"
"1594","Normal/Others","WS/MP479/2024-2025/138666-Construction of community centers and community halls","West Bengal","BANKURA(DISTRICT MAGISTRATE BANKURA_IDA)","Saumitra khan","BISHNUPUR(SC)","Construction of Community Hall (2Nos.X650000/-each) =Rs.1300000/-","03-Sep-2024","1300000","06-Jan-2025"
"1595","Normal/Others","WS/MP479/2024-2025/138670-Construction of community centers and community halls","West Bengal","BANKURA(DISTRICT MAGISTRATE BANKURA_IDA)","Saumitra khan","BISHNUPUR(SC)","Construction of Community Hall","03-Sep-2024","450000","06-Jan-2025"
"1596","Normal/Others","WS/MP479/2024-2025/138671-Construction of common work sheds/ common covered sitting area","West Bengal","BANKURA(DISTRICT MAGISTRATE BANKURA_IDA)","Saumitra khan","BISHNUPUR(SC)","Construction of Colour Roof Shed with Concrete floor","03-Sep-2024","447332","06-Jan-2025"
"1597","Normal/Others","WS/MP423/2024-2025/138672-Construction of roads, link roads, pathways or any other road with or without drainage system","West Bengal","South 24 Parganas(DISTRICT MAGISTRATE SOUTH TWENTY FOUR PARGANAS_IDA)","Shri Abhishek Banerjee","DIAMOND HARBOUR","Construction of CC Road from Jagroto Sangha to H/O Asokh Gayen and Pintu Naskar to Bapi Pandey and Ajoy Mistry to Khokon Mistry and Haran Naskar to H/O Horen Naskar. (211 mtr)","03-Sep-2024","299985","30-Jan-2025"
"1598","Normal/Others","WS/MP423/2024-2025/138673-Construction of roads, link roads, pathways or any other road with or without drainage system","West Bengal","South 24 Parganas(DISTRICT MAGISTRATE SOUTH TWENTY FOUR PARGANAS_IDA)","Shri Abhishek Banerjee","DIAMOND HARBOUR","Construction of CC Road From H/O Sk Ramjan to H/O Rafikul Halder. (85 mtr)","03-Sep-2024","299999","28-Nov-2024"
"1599","Normal/Others","WS/MP423/2024-2025/138674-Construction of roads, link roads, pathways or any other road with or without drainage system","West Bengal","South 24 Parganas(DISTRICT MAGISTRATE SOUTH TWENTY FOUR PARGANAS_IDA)","Shri Abhishek Banerjee","DIAMOND HARBOUR","Construction of CC Road from H/O Akkas Ali Molla to H/O Soidul Haqe Molla.(69 mtr)","03-Sep-2024","299967","28-Nov-2024"
"1600","Normal/Others","WS/MP423/2024-2025/138675-Construction of roads, link roads, pathways or any other road with or without drainage system","West Bengal","South 24 Parganas(DISTRICT MAGISTRATE SOUTH TWENTY FOUR PARGANAS_IDA)","Shri Abhishek Banerjee","DIAMOND HARBOUR","Construction of CC Road From Taltala Colony Sitala Kali Mandir towards Khal Par Soni Mondir. (90 mtr)","03-Sep-2024","299889","28-Nov-2024"
"1601","Normal/Others","WS/MP423/2024-2025/138676-Construction of roads, link roads, pathways or any other road with or without drainage system","West Bengal","South 24 Parganas(DISTRICT MAGISTRATE SOUTH TWENTY FOUR PARGANAS_IDA)","Shri Abhishek Banerjee","DIAMOND HARBOUR","Construction of CC Road from H/O Pradip Mukherjee to H/O Ashok Dutta.(155 mtr)","03-Sep-2024","349746","28-Nov-2024"
"1602","Normal/Others","WS/MP423/2024-2025/138677-Construction of roads, link roads, pathways or any other road with or without drainage system","West Bengal","South 24 Parganas(DISTRICT MAGISTRATE SOUTH TWENTY FOUR PARGANAS_IDA)","Shri Abhishek Banerjee","DIAMOND HARBOUR","Construction of CC Road at Doulatpur Transfer Road from H/O Rinku Das to H/O Sahadeb Mondal. (100 mtr)","03-Sep-2024","349913","09-Dec-2024"
"1603","Normal/Others","WS/MP423/2024-2025/138678-Construction of roads, link roads, pathways or any other road with or without drainage system","West Bengal","South 24 Parganas(DISTRICT MAGISTRATE SOUTH TWENTY FOUR PARGANAS_IDA)","Shri Abhishek Banerjee","DIAMOND HARBOUR","Construction of CC Road from H/O Apu Deb to H/O Ramen Sarkel. (75.40 mtr)","03-Sep-2024","299675","09-Dec-2024"
"1604","Normal/Others","WS/MP423/2024-2025/138679-Construction of roads, link roads, pathways or any other road with or without drainage system","West Bengal","South 24 Parganas(DISTRICT MAGISTRATE SOUTH TWENTY FOUR PARGANAS_IDA)","Shri Abhishek Banerjee","DIAMOND HARBOUR","Construction of CC Road From Bablu's Tea Stall to H/O Dilip Das. (45 mtr)","03-Sep-2024","199944","28-Nov-2024"
"1605","Normal/Others","WS/MP423/2024-2025/138680-Construction of roads, link roads, pathways or any other road with or without drainage system","West Bengal","South 24 Parganas(DISTRICT MAGISTRATE SOUTH TWENTY FOUR PARGANAS_IDA)","Shri Abhishek Banerjee","DIAMOND HARBOUR","Construction of CC Road From H/O Dilbahar Sardar to H/O Late Syed Laskar. (93 mtr)","03-Sep-2024","299950","09-Dec-2024"
"1606","Normal/Others","WS/MP423/2024-2025/138681-Construction of roads, link roads, pathways or any other road with or without drainage system","West Bengal","South 24 Parganas(DISTRICT MAGISTRATE SOUTH TWENTY FOUR PARGANAS_IDA)","Shri Abhishek Banerjee","DIAMOND HARBOUR","Construction of CC Road from Durga Mandir to Tufan Ice Creamr (293 mtr)","03-Sep-2024","999574","09-Dec-2024"
"1607","Normal/Others","WS/MP479/2024-2025/138682-Construction of common work sheds/ common covered sitting area","West Bengal","BANKURA(DISTRICT MAGISTRATE BANKURA_IDA)","Saumitra khan","BISHNUPUR(SC)","Construction of Krishi Charcha Kendra","03-Sep-2024","647613","06-Jan-2025"
"1608","Normal/Others","WS/MP313/2024-2025/138683-Construction of night shelters for homeless","Arunachal Pradesh","SIANG(Deputy Commisioner Siang_IDA)","Shri Tapir Gao","ARUNACHAL EAST","C/o Shelters for homeless at Pareng Village in Siang District","14-Sep-2024","1000000","11-Nov-2024"
"1609","Normal/Others","WS/MP479/2024-2025/138684-Construction of common work sheds/ common covered sitting area","West Bengal","BANKURA(DISTRICT MAGISTRATE BANKURA_IDA)","Saumitra khan","BISHNUPUR(SC)","Construction of Krishi Charcha Kendra","03-Sep-2024","649868","06-Jan-2025"
"1610","Normal/Others","WS/MP313/2024-2025/138685-Construction of flood control embankments/ protection walls along riverbanks, hilltops, roadsides","Arunachal Pradesh","LOWER DIBANG VALLEY(Deputy Commisioner Lower Dibang Valley_IDA)","Shri Tapir Gao","ARUNACHAL EAST","Flood control work at Anpum River at Bizari Village in Lower Dibang District","14-Sep-2024","1000000","25-Nov-2024"
"1611","Normal/Others","WS/MP313/2024-2025/138687-Development of playground","Arunachal Pradesh","UPPER SIANG(DISTRICT PLANNING OFFICER,YINGKIONG)","Shri Tapir Gao","ARUNACHAL EAST","Development of land near Bitin Patuk Community Hall at Lower Dalbing in Upper Siang District","14-Sep-2024","2000000","13-Mar-2025"
"1612","Normal/Others","WS/MP313/2025-2026/138689-Construction of boundary walls of existing public and community buildings","Arunachal Pradesh","DIBANG VALLEY(Deputy Commisioner Dibang Valley_IDA)","Shri Tapir Gao","ARUNACHAL EAST","C/o Protection wall near ITBP camp at Etalin in Dibang Valley District","14-Sep-2024","1200000","21-Jul-2025"
"1613","Normal/Others","WS/MP313/2024-2025/138693-Construction of boundary walls of existing public and community buildings","Arunachal Pradesh","TIRAP(DEPUTY COMMISSIONER TIRAP_IDA)","Shri Tapir Gao","ARUNACHAL EAST","C/o Retaining Wall at New Kothin (Humroi Colony) in Tirap District","14-Sep-2024","1000000","22-Oct-2024"
"1614","Normal/Others","WS/MP313/2024-2025/138705-Construction of common work sheds/ common covered sitting area","Arunachal Pradesh","LONGDING(Deputy Commisioner Longding_IDA)","Shri Tapir Gao","ARUNACHAL EAST","C/o Market Shed at Wakka SDO HQ in Longding District","14-Sep-2024","1000000","29-Oct-2024"
"1615","Normal/Others","WS/MP313/2024-2025/138706-Construction of boundary walls of existing public and community buildings","Arunachal Pradesh","LONGDING(Deputy Commisioner Longding_IDA)","Shri Tapir Gao","ARUNACHAL EAST","C/o Retaining wall at Chingdam Colony, Khasa Village in Longding District","14-Sep-2024","1000000","29-Oct-2024"
"1616","Normal/Others","WS/MP18153/2024-2025/138710-Construction of public irrigation facilities","Punjab","FAZILKA(DEPUTY COMMISSIONER FAZILKA_IDA)","SHER SINGH GHUBAYA","FIROZPUR","RCC PIPE LINE FOR MOGHA No.76370 VILLAGE KOTHA","03-Sep-2024","249330","20-Sep-2024"
"1617","Normal/Others","WS/MP18074/2024-2025/138713-Construction of roads, link roads, pathways or any other road with or without drainage system","Jharkhand","RANCHI(DEPUTY COMMISSIONER RANCHI_IDA)","KALI CHARAN MUNDA","KHUNTI(ST)","Construction of PCC Road from Gutuhatu main road towards the house of Pritnath Munda (Durga Temple) in village Gutuhatu of Panchayat Kanchi under Bundu block.","03-Sep-2024","832000","27-Sep-2024"
"1618","Normal/Others","WS/MP18074/2024-2025/138714-Construction of roads, link roads, pathways or any other road with or without drainage system","Jharkhand","RANCHI(DEPUTY COMMISSIONER RANCHI_IDA)","KALI CHARAN MUNDA","KHUNTI(ST)","Construction of PCC road from Amit Munda's house towards Vrindavan Mahato's house in village Datamda of Panchayat Sumandih under Bundu block.","03-Sep-2024","359000","27-Sep-2024"
"1619","Normal/Others","WS/MP18074/2024-2025/138715-Providing drains and gutters for public drainage","Jharkhand","RANCHI(DEPUTY COMMISSIONER RANCHI_IDA)","KALI CHARAN MUNDA","KHUNTI(ST)","Construction of drain from Amit Mandal's house towards Umapado Mandal's house in village Gutuhatu of Panchayat Kanchi under Bundu block.","03-Sep-2024","783000","27-Sep-2024"
"1620","Normal/Others","WS/MP18074/2024-2025/138716-Construction of buildings for community cultural activities","Jharkhand","RANCHI(DEPUTY COMMISSIONER RANCHI_IDA)","KALI CHARAN MUNDA","KHUNTI(ST)","Construction of Community Building in village Laundra of Panchayat Birgaon under Tamar block.","03-Sep-2024","915000","27-Sep-2024"
"1621","Normal/Others","WS/MP18074/2024-2025/138717-Construction of roads, link roads, pathways or any other road with or without drainage system","Jharkhand","RANCHI(DEPUTY COMMISSIONER RANCHI_IDA)","KALI CHARAN MUNDA","KHUNTI(ST)","Construction of PCC road from Lal Talab towards Jagarnath Munda's house in village Kitadih of Panchayat Mankidih under Tamar block.","03-Sep-2024","649000","27-Sep-2024"
"1622","Normal/Others","WS/MP18074/2024-2025/138718-Construction of roads, link roads, pathways or any other road with or without drainage system","Jharkhand","RANCHI(DEPUTY COMMISSIONER RANCHI_IDA)","KALI CHARAN MUNDA","KHUNTI(ST)","Construction of PCC road from Govt High School towards Gambhir Mahato's house in village Dimbujarda of Panchayat Dimbujarda under Tamar Block.","03-Sep-2024","542000","27-Sep-2024"
"1623","Normal/Others","WS/MP18074/2024-2025/138719-Construction of culverts and bridges","Jharkhand","RANCHI(DEPUTY COMMISSIONER RANCHI_IDA)","KALI CHARAN MUNDA","KHUNTI(ST)","Construction of culvert in the drain near Peepal tree in village Sarubeda of Panchayat Tamar East under Tamar block.","03-Sep-2024","793000","27-Sep-2024"
"1624","Normal/Others","WS/MP18074/2024-2025/138720-Construction of roads, link roads, pathways or any other road with or without drainage system","Jharkhand","RANCHI(DEPUTY COMMISSIONER RANCHI_IDA)","KALI CHARAN MUNDA","KHUNTI(ST)","Construction of PCC road from Ravidas Mohalla towards Ganesh Pramanik's house in village Tamar of Panchayat Tamar East under Tamar block.","03-Sep-2024","535000","27-Sep-2024"
"1625","Normal/Others","WS/	 MP443/2024-2025/138721-Construction of common work sheds/ common covered sitting area","Madhya Pradesh","RAJGARH(DISTRICT COLLECTOR RAJGARH_IDA)","Rodmal Nagar","RAJGARH","General workshed with toilets (125×80feet)","03-Sep-2024","16177075","12-Nov-2024"
"1626","Normal/Others","WS/	 MP443/2024-2025/138722-Construction of common work sheds/ common covered sitting area","Madhya Pradesh","RAJGARH(DISTRICT COLLECTOR RAJGARH_IDA)","Rodmal Nagar","RAJGARH","General workshed with toilets (40×30feet)","03-Sep-2024","1443000","09-Nov-2024"
"1627","Normal/Others","WS/	 MP443/2024-2025/138723-Construction of common work sheds/ common covered sitting area","Madhya Pradesh","RAJGARH(DISTRICT COLLECTOR RAJGARH_IDA)","Rodmal Nagar","RAJGARH","General workshed with toilets full brick work (40×30feet)","03-Sep-2024","2353000","09-Nov-2024"
"1628","Normal/Others","WS/	 MP443/2024-2025/138724-Construction of common work sheds/ common covered sitting area","Madhya Pradesh","RAJGARH(DISTRICT COLLECTOR RAJGARH_IDA)","Rodmal Nagar","RAJGARH","General workshed (40×30feet)","03-Sep-2024","1443000","09-Nov-2024"
"1629","Normal/Others","WS/	 MP443/2024-2025/138725-Construction of common work sheds/ common covered sitting area","Madhya Pradesh","RAJGARH(DISTRICT COLLECTOR RAJGARH_IDA)","Rodmal Nagar","RAJGARH","General workshed with toilets full brick work (40×30feet)","03-Sep-2024","2353000","09-Nov-2024"
"1630","Normal/Others","WS/MP577/2025-2026/138726-Construction of public irrigation facilities","Gujarat","Dahod(DISTRICT COLLECTOR DOHAD_IDA)","Jaswantsinh Sumanbhai Bhabhor","DAHOD(ST)","nani sanjeli game mandir faliya ma samuhik kuva nu kam","06-Sep-2024","350000","30-Jan-2026"
"1631","Normal/Others","WS/MP577/2024-2025/138727-Construction of roads, link roads, pathways or any other road with or without drainage system","Gujarat","Dahod(DISTRICT COLLECTOR DOHAD_IDA)","Jaswantsinh Sumanbhai Bhabhor","DAHOD(ST)","bhursingbhai tersinh damor na ghar thi talavni paal thai rupaabhai narsingbhai na ghar sudhi c.c.road nu kam","06-Sep-2024","500000","31-Jan-2025"
"1632","Normal/Others","WS/MP577/2025-2026/138728-Construction of flood control embankments/ protection walls along riverbanks, hilltops, roadsides","Gujarat","Dahod(DISTRICT COLLECTOR DOHAD_IDA)","Jaswantsinh Sumanbhai Bhabhor","DAHOD(ST)","motahathidhara game arts college ni bajuma sanrakshan diwal nu kam","06-Sep-2024","1000000","11-Apr-2025"
"1633","Normal/Others","WS/MP577/2024-2025/138729-Construction of public irrigation facilities","Gujarat","Mahisagar(COLLECTOR MAHISAGAR_IDA)","Jaswantsinh Sumanbhai Bhabhor","DAHOD(ST)","mundvada koyabhai surjibhai na sarve number 144 ni najik na sarkari kotar par chekdem nu kam","06-Sep-2024","500000","22-Jan-2025"
"1634","Normal/Others","WS/MP577/2025-2026/138730-Construction of boundary walls of existing public and community buildings","Gujarat","Mahisagar(COLLECTOR MAHISAGAR_IDA)","Jaswantsinh Sumanbhai Bhabhor","DAHOD(ST)","unnati maadhymik shala hirapur ma compaund wall nu kam","06-Sep-2024","500000","30-Apr-2025"
"1635","Normal/Others","WS/MP577/2025-2026/138731-Construction of roads, link roads, pathways or any other road with or without drainage system","Gujarat","Mahisagar(COLLECTOR MAHISAGAR_IDA)","Jaswantsinh Sumanbhai Bhabhor","DAHOD(ST)","unnati madhymik shala hirapur ma pevr block nu kam","06-Sep-2024","500000","30-Apr-2025"
"1636","Normal/Others","WS/MP577/2024-2025/138732-Construction of roads, link roads, pathways or any other road with or without drainage system","Gujarat","Dahod(DISTRICT COLLECTOR DOHAD_IDA)","Jaswantsinh Sumanbhai Bhabhor","DAHOD(ST)","navyuvak secondary highschool ma c.c.road nu kam 200 mtr","06-Sep-2024","250000","31-Jan-2025"
"1637","Normal/Others","WS/MP577/2024-2025/138733-Construction of roads, link roads, pathways or any other road with or without drainage system","Gujarat","Dahod(DISTRICT COLLECTOR DOHAD_IDA)","Jaswantsinh Sumanbhai Bhabhor","DAHOD(ST)","limkheda pragati girls school ma C.C. road nu kam 300 mtr","06-Sep-2024","300000","16-Mar-2025"
"1638","Normal/Others","WS/MP577/2024-2025/138734-Construction of roads, link roads, pathways or any other road with or without drainage system","Gujarat","Dahod(DISTRICT COLLECTOR DOHAD_IDA)","Jaswantsinh Sumanbhai Bhabhor","DAHOD(ST)","adivasi ashram shala dudhiya ma damar road thi c.c. road nu kam","06-Sep-2024","399897","16-Mar-2025"
"1639","Normal/Others","WS/MP577/2025-2026/138735-Installing community drinking water plants","Gujarat","Dahod(DISTRICT COLLECTOR DOHAD_IDA)","Jaswantsinh Sumanbhai Bhabhor","DAHOD(ST)","jhalod game nagarpalika  vistarma  pani na parab nu kam","06-Sep-2024","1000000","05-May-2025"
"1640","Normal/Others","WS/MP577/2024-2025/138736-Construction of roads, link roads, pathways or any other road with or without drainage system","Gujarat","Dahod(DISTRICT COLLECTOR DOHAD_IDA)","Jaswantsinh Sumanbhai Bhabhor","DAHOD(ST)","haighway road thi bhuriya chuniya maniya na ghar sudhi c.c.road nu kam 200 mtr","06-Sep-2024","250000","16-Mar-2025"
"1641","Normal/Others","WS/MP577/2024-2025/138737-Construction of roads, link roads, pathways or any other road with or without drainage system","Gujarat","Dahod(DISTRICT COLLECTOR DOHAD_IDA)","Jaswantsinh Sumanbhai Bhabhor","DAHOD(ST)","fulpuri primary school thi damor varsinhbhai alaljibhai na ghr sudhi c.c.road nu kam 300 mtr","06-Sep-2024","298500","16-Mar-2025"
"1642","Normal/Others","WS/MP577/2024-2025/138738-Construction of roads, link roads, pathways or any other road with or without drainage system","Gujarat","Dahod(DISTRICT COLLECTOR DOHAD_IDA)","Jaswantsinh Sumanbhai Bhabhor","DAHOD(ST)","haighway road thi pargi samsubhai titabhai na ghar sudhi c.c.road nu kam 300 mtr","06-Sep-2024","294400","16-Mar-2025"
"1643","Normal/Others","WS/MP577/2024-2025/138739-Construction of roads, link roads, pathways or any other road with or without drainage system","Gujarat","Dahod(DISTRICT COLLECTOR DOHAD_IDA)","Jaswantsinh Sumanbhai Bhabhor","DAHOD(ST)","haighway road thi bhabhor bhavsingbhai virsingbhai na ghar sudhi c.c.road nu kam 200 mtr","06-Sep-2024","244100","16-Mar-2025"
"1644","Normal/Others","WS/MP18245/2024-2025/138740-Lighting of public spaces","West Bengal","HOOGHLY(DISTRICT MAGISTRATE HOOGHLY_IDA)","BAG MITALI","ARAMBAG(SC)","SOLAR PANEL HIGH MAST LIGHT AT MADANMOHANPUR WITHIN GOGHAT GP UNDER GOGHTA-I DEV. BLOCK","12-Sep-2024","377924","02-Dec-2024"
"1645","Normal/Others","WS/MP18245/2024-2025/138741-Lighting of public spaces","West Bengal","HOOGHLY(DISTRICT MAGISTRATE HOOGHLY_IDA)","BAG MITALI","ARAMBAG(SC)","SOLAR PANEL HIGH MAST LIGHT AT HAZIPUR WITHIN HAZIPUR GP UNDER GOGHAT-II DEV. BLOCK","12-Sep-2024","377924","02-Dec-2024"
"1646","Normal/Others","WS/MP18245/2024-2025/138742-Lighting of public spaces","West Bengal","HOOGHLY(DISTRICT MAGISTRATE HOOGHLY_IDA)","BAG MITALI","ARAMBAG(SC)","SOLAR PANEL HIGH MAST LIGHT AT DARIAHAR MUSLIM PARA WITHIN HAZIPUR GP UNDER GOGHAT-II DEV. BLOCK","12-Sep-2024","377924","02-Dec-2024"
"1647","Normal/Others","WS/MP18245/2024-2025/138743-Construction of cycle tracks, cycle stand and segregated non-motorized vehicle (NMV) lanes","West Bengal","HOOGHLY(DISTRICT MAGISTRATE HOOGHLY_IDA)","BAG MITALI","ARAMBAG(SC)","CONSTRUCTION OF CYCLE STAND WITHIN NAKUNDA KATYAYANI HIGH SCHOOL AT NAKUNDA GP UNDER GOGHAT-I DEV. BLOCK","29-Oct-2024","500000","22-Jan-2025"
"1648","Normal/Others","WS/MP18354/2024-2025/138745-Purchase of IT systems, including hardware and software for educational purposes","Chhattisgarh","Balrampur-Ramanujganj(District Collector BALRAMPUR_IDA)","CHINTAMANI MAHARAJ","SARGUJA(ST)","Purchase of IT systems, including hardware and software for educational purposes at Government Boys Higher Secondary School Rajpur","04-Sep-2024","1000000","26-Mar-2025"
"1649","Normal/Others","WS/MP18354/2024-2025/138746-Purchase of IT systems, including hardware and software for educational purposes","Chhattisgarh","Balrampur-Ramanujganj(District Collector BALRAMPUR_IDA)","CHINTAMANI MAHARAJ","SARGUJA(ST)","Purchase of IT systems, including hardware and software for educational purposes at Government Higher Secondary School Samri","04-Sep-2024","1000000","26-Mar-2025"
"1650","Normal/Others","WS/MP18354/2024-2025/138747-Purchase of IT systems, including hardware and software for educational purposes","Chhattisgarh","Balrampur-Ramanujganj(District Collector BALRAMPUR_IDA)","CHINTAMANI MAHARAJ","SARGUJA(ST)","Purchase of IT systems, including hardware and software for educational purposes at Government Higher Secoandary School Shankargarh","04-Sep-2024","1000000","26-Mar-2025"
"1651","Normal/Others","WS/MP18354/2024-2025/138748-Purchase of IT systems, including hardware and software for educational purposes","Chhattisgarh","Balrampur-Ramanujganj(District Collector BALRAMPUR_IDA)","CHINTAMANI MAHARAJ","SARGUJA(ST)","Purchase of IT systems, including hardware and software for educational purposes at Government Higher Secondary School Chando","04-Sep-2024","1000000","26-Mar-2025"
"1652","Normal/Others","WS/MP18354/2024-2025/138749-Purchase of IT systems, including hardware and software for educational purposes","Chhattisgarh","Balrampur-Ramanujganj(District Collector BALRAMPUR_IDA)","CHINTAMANI MAHARAJ","SARGUJA(ST)","Purchase of IT systems, including hardware and software for educational purposes at Government Girls Higher Secondary School Kusmi","04-Sep-2024","1000000","26-Mar-2025"
"1653","Normal/Others","WS/MP313/2024-2025/138757-Construction of boundary walls of existing public and community buildings","Arunachal Pradesh","LONGDING(Deputy Commisioner Longding_IDA)","Shri Tapir Gao","ARUNACHAL EAST","C/o Protection wall at Nginu Village under Longchan Circle in Longding District","14-Sep-2024","1000000","29-Oct-2024"
"1654","Trust and Society","WS/MP352/2025-2026/138758-Construction of public libraries and reading rooms","Kerala","ERNAKULAM(DISTRICT COLLECTOR ERNAKULAM_IDA)","Shri Hibi Eden","ERNAKULAM","Construction of Building for Eroor Grameena Vayanashala at Ward 48, Tripunithura Muncipality","04-Sep-2024","5000000","07-Jan-2026"
"1655","Normal/Others","WS/MP313/2024-2025/138767-Construction of buildings for training institutions","Arunachal Pradesh","LOHIT(DEPUTY COMMISSIONER LOHIT_IDA)","Shri Tapir Gao","ARUNACHAL EAST","C/o Medo Youth Club Office at Medo Village under Wakro Circle in Lohit District","14-Sep-2024","600000","29-Jan-2025"
"1656","Normal/Others","WS/MP313/2024-2025/138768-Construction of roads, link roads, pathways or any other road with or without drainage system","Arunachal Pradesh","LOHIT(DEPUTY COMMISSIONER LOHIT_IDA)","Shri Tapir Gao","ARUNACHAL EAST","C/o GSB Road at GK Glat Village under Wakro Circle in Lohit District","14-Sep-2024","1000000","27-Jan-2025"
"1657","Normal/Others","WS/MP313/2024-2025/138769-Construction of boundary walls of existing public and community buildings","Arunachal Pradesh","ANJAW(Deputy Commisioner Anjaw_IDA)","Shri Tapir Gao","ARUNACHAL EAST","C/o Boundary Wall at GUP School Doringko in Anjaw District","14-Sep-2024","2000000","12-Feb-2025"
"1658","Normal/Others","WS/MP479/2024-2025/138772-Development of playground","West Bengal","BANKURA(DISTRICT MAGISTRATE BANKURA_IDA)","Saumitra khan","BISHNUPUR(SC)","Boundary fencing & 4Nos.of Solar Lights","04-Sep-2024","2774787","13-Dec-2024"
"1659","Normal/Others","WS/MP479/2024-2025/138775-Installing community drinking water plants","West Bengal","BANKURA(DISTRICT MAGISTRATE BANKURA_IDA)","Saumitra khan","BISHNUPUR(SC)","Installation of 2Nos. water Purifier (2Nos. X 135000/ each) = Rs.270000 /-","04-Sep-2024","269835","13-Dec-2024"
"1660","Normal/Others","WS/MP313/2024-2025/138779-Construction of roads, link roads, pathways or any other road with or without drainage system","Arunachal Pradesh","NAMSAI(Deputy Commisioner Namsai_IDA)","Shri Tapir Gao","ARUNACHAL EAST","C/o Link road at New Lathao to Paddy field in Namsai District","15-Sep-2024","999998","24-Nov-2024"
"1661","Normal/Others","WS/MP313/2024-2025/138780-Construction of roads, link roads, pathways or any other road with or without drainage system","Arunachal Pradesh","NAMSAI(Deputy Commisioner Namsai_IDA)","Shri Tapir Gao","ARUNACHAL EAST","C/o Link road from Mabira Village to Agriculture field at Chongkham in Namsai District","15-Sep-2024","1999680","24-Nov-2024"
"1662","Normal/Others","WS/MP313/2024-2025/138791-Construction of roads, link roads, pathways or any other road with or without drainage system","Arunachal Pradesh","NAMSAI(Deputy Commisioner Namsai_IDA)","Shri Tapir Gao","ARUNACHAL EAST","C/o Link road from NH-15 to Lathao in Namsai District","15-Sep-2024","499994","24-Nov-2024"
"1663","Normal/Others","WS/MP313/2024-2025/138796-Construction of roads, link roads, pathways or any other road with or without drainage system","Arunachal Pradesh","NAMSAI(Deputy Commisioner Namsai_IDA)","Shri Tapir Gao","ARUNACHAL EAST","C/o Link Road at Jona Kachari Kuli in Namsai District","15-Sep-2024","499994","24-Nov-2024"
"1664","Normal/Others","WS/MP423/2024-2025/138819-Construction of roads, link roads, pathways or any other road with or without drainage system","West Bengal","South 24 Parganas(DISTRICT MAGISTRATE SOUTH TWENTY FOUR PARGANAS_IDA)","Shri Abhishek Banerjee","DIAMOND HARBOUR","Construction of CC road with protection wall from H/O Avay Nath towards H/O Debabrata Manna  at Nischintapur GP Sansad IX under Budge Budge I PS (50 mtr)","04-Sep-2024","199795","12-Feb-2025"
"1665","Normal/Others","WS/MP423/2025-2026/138820-Construction of roads, link roads, pathways or any other road with or without drainage system","West Bengal","South 24 Parganas(DISTRICT MAGISTRATE SOUTH TWENTY FOUR PARGANAS_IDA)","Shri Abhishek Banerjee","DIAMOND HARBOUR","Construction of CC road with protection wall from house of Ranajit Bhattacharjya towards house of Aditya Manna at Nischintapur GP Sansad IX under Budge Budge I PS (20.50 mtr)","04-Sep-2024","99575","22-May-2025"
"1666","Normal/Others","WS/MP423/2024-2025/138821-Construction of roads, link roads, pathways or any other road with or without drainage system","West Bengal","South 24 Parganas(DISTRICT MAGISTRATE SOUTH TWENTY FOUR PARGANAS_IDA)","Shri Abhishek Banerjee","DIAMOND HARBOUR","Construction of CC Road  With protection Wall from H/O Joydeb  Dalui to H/O Bhuth Nath Dalui. (69 mtr)","04-Sep-2024","301378","12-Feb-2025"
"1667","Normal/Others","WS/MP423/2025-2026/138822-Construction of roads, link roads, pathways or any other road with or without drainage system","West Bengal","South 24 Parganas(DISTRICT MAGISTRATE SOUTH TWENTY FOUR PARGANAS_IDA)","Shri Abhishek Banerjee","DIAMOND HARBOUR","Construction of CC Road with Protection wall from House of Sanyashi Naskar to House of Sujit Chakraborty. (101.0 mtr.)","04-Sep-2024","497132","22-May-2025"
"1668","Normal/Others","WS/MP423/2025-2026/138823-Street lights","West Bengal","South 24 Parganas(DISTRICT MAGISTRATE SOUTH TWENTY FOUR PARGANAS_IDA)","Shri Abhishek Banerjee","DIAMOND HARBOUR","Installation of 10 numbers Solar Light at 10 booths of Chingripota GP under Budge Budge I.","04-Sep-2024","397407","19-Jun-2025"
"1669","Normal/Others","WS/MP423/2024-2025/138824-Construction of roads, link roads, pathways or any other road with or without drainage system","West Bengal","South 24 Parganas(DISTRICT MAGISTRATE SOUTH TWENTY FOUR PARGANAS_IDA)","Shri Abhishek Banerjee","DIAMOND HARBOUR","Construction of CC Road  from Mithapukur Baro Masjid towards H/O Lata Mallik. (74.5 mtr)","04-Sep-2024","300680","12-Feb-2025"
"1670","Normal/Others","WS/MP423/2024-2025/138825-Construction of roads, link roads, pathways or any other road with or without drainage system","West Bengal","South 24 Parganas(DISTRICT MAGISTRATE SOUTH TWENTY FOUR PARGANAS_IDA)","Shri Abhishek Banerjee","DIAMOND HARBOUR","Construction of CC Road from Hati Bhanga Pole to Muktar Ration Shop. (145.8 mtr)","04-Sep-2024","399060","27-Nov-2024"
"1671","Normal/Others","WS/MP423/2024-2025/138826-Construction of roads, link roads, pathways or any other road with or without drainage system","West Bengal","South 24 Parganas(DISTRICT MAGISTRATE SOUTH TWENTY FOUR PARGANAS_IDA)","Shri Abhishek Banerjee","DIAMOND HARBOUR","Construction of CC road from H/O Pulak Majee to H/O Laltu Majee, at Sansad VII. (71 mtr)","04-Sep-2024","193551","12-Feb-2025"
"1672","Normal/Others","WS/MP423/2024-2025/138827-Construction of roads, link roads, pathways or any other road with or without drainage system","West Bengal","South 24 Parganas(DISTRICT MAGISTRATE SOUTH TWENTY FOUR PARGANAS_IDA)","Shri Abhishek Banerjee","DIAMOND HARBOUR","Construction of CC Road from H/O Kadan Bar to H/O Rana Bar at Ghanshyambati- I (30 mtr)","04-Sep-2024","96101","12-Feb-2025"
"1673","Normal/Others","WS/MP423/2024-2025/138828-Construction of roads, link roads, pathways or any other road with or without drainage system","West Bengal","South 24 Parganas(DISTRICT MAGISTRATE SOUTH TWENTY FOUR PARGANAS_IDA)","Shri Abhishek Banerjee","DIAMOND HARBOUR","Construction of protection wall near pond of Rahaman Molla. (40 mtr)","04-Sep-2024","198906","12-Feb-2025"
"1674","Normal/Others","WS/MP423/2024-2025/138839-Construction of roads, link roads, pathways or any other road with or without drainage system","West Bengal","South 24 Parganas(DISTRICT MAGISTRATE SOUTH TWENTY FOUR PARGANAS_IDA)","Shri Abhishek Banerjee","DIAMOND HARBOUR","Construction of CC Road from H/O Bapi Mondal to H/O Nisikanta Mondal at Ghanshyambati- III (30 mtr)","04-Sep-2024","98634","12-Feb-2025"
"1675","Normal/Others","WS/MP423/2024-2025/138841-Construction of roads, link roads, pathways or any other road with or without drainage system","West Bengal","South 24 Parganas(DISTRICT MAGISTRATE SOUTH TWENTY FOUR PARGANAS_IDA)","Shri Abhishek Banerjee","DIAMOND HARBOUR","Construction of CC Road from H/O Mrityunjay Mandal to H/O Ranjit Mondal at South bawali. (40 mtr)","04-Sep-2024","93262","12-Feb-2025"
"1676","Normal/Others","WS/MP423/2024-2025/138844-Construction of roads, link roads, pathways or any other road with or without drainage system","West Bengal","South 24 Parganas(DISTRICT MAGISTRATE SOUTH TWENTY FOUR PARGANAS_IDA)","Shri Abhishek Banerjee","DIAMOND HARBOUR","Construction of CC Road From H/O Sk Kochi towards H/O Sk Sajamal. (127 mtr)","04-Sep-2024","393193","12-Feb-2025"
"1677","Normal/Others","WS/MP423/2024-2025/138847-Construction of roads, link roads, pathways or any other road with or without drainage system","West Bengal","South 24 Parganas(DISTRICT MAGISTRATE SOUTH TWENTY FOUR PARGANAS_IDA)","Shri Abhishek Banerjee","DIAMOND HARBOUR","Construction of CC Road with pilling from H/O Mr. Kalam Mallick to H/O Mr. Rahaman Mallick . (100 mtr)","04-Sep-2024","296746","12-Feb-2025"
"1678","Normal/Others","WS/MP18001/2024-2025/138858-Construction of community centers and community halls","Andhra Pradesh","Dr. B.R. Ambedkar Konaseema(DISTRICT COLLECTOR Dr B R AMBEDKAR KONASEEMA_IDA)","GM Harish Balayogi","AMALAPURAM(SC)","Construction of OC Community hall at Machara","04-Sep-2024","3507771","27-Nov-2024"
"1679","Normal/Others","WS/MP641/2024-2025/138892-Purchase of hospital equipment","Madhya Pradesh","Khargone (West Nimar)(DISTRICT COLLECTOR KHARGONE_IDA)","Gajendra Singh Patel","KHARGONE(ST)","Purchase of hospital equipment Dead body freezer","04-Sep-2024","236003","20-Nov-2024"
"1680","Normal/Others","WS/MP641/2024-2025/138894-Purchase of hospital equipment","Madhya Pradesh","Khargone (West Nimar)(DISTRICT COLLECTOR KHARGONE_IDA)","Gajendra Singh Patel","KHARGONE(ST)","Purchase of hospital equipment Dead body freezer","04-Sep-2024","236003","20-Nov-2024"
"1681","Normal/Others","WS/MP641/2024-2025/138895-Purchase of hospital equipment","Madhya Pradesh","Khargone (West Nimar)(DISTRICT COLLECTOR KHARGONE_IDA)","Gajendra Singh Patel","KHARGONE(ST)","Purchase of hospital equipment Dead Body Freezer","04-Sep-2024","236003","20-Nov-2024"
"1682","Normal/Others","WS/MP641/2024-2025/138897-Purchase of hospital equipment","Madhya Pradesh","Khargone (West Nimar)(DISTRICT COLLECTOR KHARGONE_IDA)","Gajendra Singh Patel","KHARGONE(ST)","Purchase of hospital equipment Dead Body Freezer","04-Sep-2024","236003","20-Nov-2024"
"1683","Normal/Others","WS/MP641/2024-2025/138899-Purchase of hospital equipment","Madhya Pradesh","Khargone (West Nimar)(DISTRICT COLLECTOR KHARGONE_IDA)","Gajendra Singh Patel","KHARGONE(ST)","Purchase of hospital equipment Dead body freezer","04-Sep-2024","236003","20-Nov-2024"
"1684","Normal/Others","WS/MP641/2024-2025/138900-Purchase of hospital equipment","Madhya Pradesh","Khargone (West Nimar)(DISTRICT COLLECTOR KHARGONE_IDA)","Gajendra Singh Patel","KHARGONE(ST)","Purchase of hospital equipment Dead body freezer","04-Sep-2024","235251","20-Nov-2024"
"1685","Normal/Others","WS/MP641/2024-2025/138901-Purchase of hospital equipment","Madhya Pradesh","Khargone (West Nimar)(DISTRICT COLLECTOR KHARGONE_IDA)","Gajendra Singh Patel","KHARGONE(ST)","Purchase of hospital equipment Dead Body Freezer","04-Sep-2024","236003","20-Nov-2024"
"1686","Normal/Others","WS/MP641/2024-2025/138914-Purchase of hospital equipment","Madhya Pradesh","Khargone (West Nimar)(DISTRICT COLLECTOR KHARGONE_IDA)","Gajendra Singh Patel","KHARGONE(ST)","Purchase of hospital equipment Dead Body Freezer","04-Sep-2024","236755","20-Nov-2024"
"1687","Normal/Others","WS/MP641/2024-2025/138915-Purchase of hospital equipment","Madhya Pradesh","Khargone (West Nimar)(DISTRICT COLLECTOR KHARGONE_IDA)","Gajendra Singh Patel","KHARGONE(ST)","Purchase of hospital equipment Dead Body Freezer","04-Sep-2024","236003","20-Nov-2024"
"1688","Normal/Others","WS/MP641/2024-2025/138916-Purchase of hospital equipment","Madhya Pradesh","BARWANI(DISTRICT COLLECTOR BADWANI_IDA)","Gajendra Singh Patel","KHARGONE(ST)","Purchase of hospital equipment Dead Body Freezer","04-Sep-2024","236003","30-Dec-2024"
"1689","Normal/Others","WS/MP641/2024-2025/138918-Purchase of hospital equipment","Madhya Pradesh","BARWANI(DISTRICT COLLECTOR BADWANI_IDA)","Gajendra Singh Patel","KHARGONE(ST)","Purchase of hospital equipment Dead body freezer","04-Sep-2024","236003","30-Dec-2024"
"1690","Normal/Others","WS/MP641/2024-2025/138919-Purchase of hospital equipment","Madhya Pradesh","BARWANI(DISTRICT COLLECTOR BADWANI_IDA)","Gajendra Singh Patel","KHARGONE(ST)","Purchase of hospital equipment Dead Body Freezer","04-Sep-2024","236003","30-Dec-2024"
"1691","Normal/Others","WS/MP641/2024-2025/138920-Purchase of hospital equipment","Madhya Pradesh","BARWANI(DISTRICT COLLECTOR BADWANI_IDA)","Gajendra Singh Patel","KHARGONE(ST)","Purchase of hospital equipment Dead Body Freezer","04-Sep-2024","236003","30-Dec-2024"
"1692","Normal/Others","WS/MP641/2024-2025/138921-Purchase of hospital equipment","Madhya Pradesh","BARWANI(DISTRICT COLLECTOR BADWANI_IDA)","Gajendra Singh Patel","KHARGONE(ST)","Purchase of hospital equipment Dead Body Freezer","04-Sep-2024","236003","30-Dec-2024"
"1693","Repair and Renovation","WS/MP423/2024-2025/138922-Construction of public libraries and reading rooms","West Bengal","South 24 Parganas(DISTRICT MAGISTRATE SOUTH TWENTY FOUR PARGANAS_IDA)","Shri Abhishek Banerjee","DIAMOND HARBOUR","Renovation of Two Storied Budge Budge Public Library Hall","04-Sep-2024","1500000","24-Dec-2024"
"1694","Repair and Renovation","WS/MP423/2025-2026/138923-Construction of rooms and halls in school and colleges","West Bengal","South 24 Parganas(DISTRICT MAGISTRATE SOUTH TWENTY FOUR PARGANAS_IDA)","Shri Abhishek Banerjee","DIAMOND HARBOUR","Building Repairing works of Rajibpur High School (H.S)","04-Sep-2024","1498000","02-May-2025"
"1695","Normal/Others","WS/MP641/2024-2025/138924-Purchase of hospital equipment","Madhya Pradesh","BARWANI(DISTRICT COLLECTOR BADWANI_IDA)","Gajendra Singh Patel","KHARGONE(ST)","Purchase of hospital equipment Dead Body Freezer","04-Sep-2024","236003","30-Dec-2024"
"1696","Normal/Others","WS/MP641/2024-2025/138932-Purchase of hospital equipment","Madhya Pradesh","BARWANI(DISTRICT COLLECTOR BADWANI_IDA)","Gajendra Singh Patel","KHARGONE(ST)","Purchase of hospital equipment Dead Body Freezer","04-Sep-2024","236003","30-Dec-2024"
"1697","Normal/Others","WS/MP641/2024-2025/138934-Purchase of hospital equipment","Madhya Pradesh","BARWANI(DISTRICT COLLECTOR BADWANI_IDA)","Gajendra Singh Patel","KHARGONE(ST)","Purchase of hospital equipment Dead Body Freezer","04-Sep-2024","236003","30-Dec-2024"
"1698","Normal/Others","WS/MP641/2024-2025/138935-Purchase of hospital equipment","Madhya Pradesh","BARWANI(DISTRICT COLLECTOR BADWANI_IDA)","Gajendra Singh Patel","KHARGONE(ST)","Purchase of hospital equipment Dead Body Freezer","04-Sep-2024","236003","30-Dec-2024"
"1699","Normal/Others","WS/MP641/2024-2025/138936-Purchase of hospital equipment","Madhya Pradesh","BARWANI(DISTRICT COLLECTOR BADWANI_IDA)","Gajendra Singh Patel","KHARGONE(ST)","Purchase of hospital equipment Dead Body Freezer","04-Sep-2024","236003","30-Dec-2024"
"1700","Normal/Others","WS/MP18245/2024-2025/138937-Lighting of public spaces","West Bengal","HOOGHLY(DISTRICT MAGISTRATE HOOGHLY_IDA)","BAG MITALI","ARAMBAG(SC)","SOLAR PANEL HIGH MAST LIGHT AT HARINAKHALI WITHIN KALEPARA GP UNDER PURSURAH DEV. BLOCK","12-Sep-2024","377924","02-Dec-2024"
"1701","Normal/Others","WS/MP18245/2024-2025/138938-Lighting of public spaces","West Bengal","HOOGHLY(DISTRICT MAGISTRATE HOOGHLY_IDA)","BAG MITALI","ARAMBAG(SC)","SOLAR PANEL HIGH MAST LIGHT AT KESHABPUR WITHIN MALAYPUR-II GP UNDER ARAMBAGH DEV.BLOCK","12-Sep-2024","377924","02-Dec-2024"
"1702","Normal/Others","WS/MP18245/2024-2025/138940-Lighting of public spaces","West Bengal","Paschim Medinipur(DISTRICT MAGISTRATE PASCHIM MEDINIPUR_IDA)","BAG MITALI","ARAMBAG(SC)","SOLAR PANEL HIGH MAST LIGHT AT HIRADHARPUR WITHIN MANOHARPUR-I UNDER CHANDRAKONA BLOCK","18-Dec-2024","377848","27-Mar-2025"
"1703","Normal/Others","WS/MP18245/2024-2025/138941-Lighting of public spaces","West Bengal","Paschim Medinipur(DISTRICT MAGISTRATE PASCHIM MEDINIPUR_IDA)","BAG MITALI","ARAMBAG(SC)","SOLAR PANEL HIGH MAST LIGHT AT KHANDANGA WITHIN BHAGABANTAPUR-II GP UNDER CHANDRAKONA-II DEV. BLOCK","18-Dec-2024","377848","27-Mar-2025"
"1704","Normal/Others","WS/MP18236/2024-2025/138942-Purchase of non-conventional energy system and devices for community use","Uttar Pradesh","CHANDAULI(DISTRICT MAGISTRATE CHANDAULI_IDA)","CHHOTELAL","ROBERTSGANJ(SC)","Installation of semi high mast light near Panchayat Bhawan in village Padhauti block naugarh","04-Sep-2024","243755","02-Dec-2024"
"1705","Normal/Others","WS/MP18236/2024-2025/138943-Purchase of non-conventional energy system and devices for community use","Uttar Pradesh","CHANDAULI(DISTRICT MAGISTRATE CHANDAULI_IDA)","CHHOTELAL","ROBERTSGANJ(SC)","Installation of semi high mast light near Robertsganj Naugarh Road 100 m east of Trimukhani in village Baghi Naugarh Dhankuwari Road  block naugarh","04-Sep-2024","243755","02-Dec-2024"
"1706","Normal/Others","WS/MP18236/2024-2025/138944-Purchase of non-conventional energy system and devices for community use","Uttar Pradesh","CHANDAULI(DISTRICT MAGISTRATE CHANDAULI_IDA)","CHHOTELAL","ROBERTSGANJ(SC)","Installation of semi high mast light near the gate of village Baghi Naugarh Hospital  block naugarh","04-Sep-2024","243755","02-Dec-2024"
"1707","Normal/Others","WS/MP18236/2024-2025/138945-Purchase of non-conventional energy system and devices for community use","Uttar Pradesh","CHANDAULI(DISTRICT MAGISTRATE CHANDAULI_IDA)","CHHOTELAL","ROBERTSGANJ(SC)","Installation of semi high mast light at the intersection of village Malevar  block naugarh","04-Sep-2024","243755","02-Dec-2024"
"1708","Normal/Others","WS/MP18236/2024-2025/138946-Purchase of non-conventional energy system and devices for community use","Uttar Pradesh","CHANDAULI(DISTRICT MAGISTRATE CHANDAULI_IDA)","CHHOTELAL","ROBERTSGANJ(SC)","Installation of semi high mast light near Paddy Procurement Cooperative Police Station Naugarh  block naugarh","04-Sep-2024","243755","02-Dec-2024"
"1709","Normal/Others","WS/MP18236/2024-2025/138947-Purchase of non-conventional energy system and devices for community use","Uttar Pradesh","CHANDAULI(DISTRICT MAGISTRATE CHANDAULI_IDA)","CHHOTELAL","ROBERTSGANJ(SC)","Installation of semi high mast light at the intersection of village Karmabandh  block naugarh","04-Sep-2024","243755","02-Dec-2024"
"1710","Normal/Others","WS/MP18236/2024-2025/138948-Lighting of public spaces","Uttar Pradesh","SONBHADRA(DISTRICT MAGISTRATE SONBHADRA_IDA)","CHHOTELAL","ROBERTSGANJ(SC)","High mast light outside the gate of  Nagwan block office Block Nagwa","04-Sep-2024","592984","24-Mar-2025"
"1711","Normal/Others","WS/MP18236/2024-2025/138949-Lighting of public spaces","Uttar Pradesh","SONBHADRA(DISTRICT MAGISTRATE SONBHADRA_IDA)","CHHOTELAL","ROBERTSGANJ(SC)","High mast light at village Chichlik Mela Sthal  Block Nagwa","04-Sep-2024","592984","24-Mar-2025"
"1712","Normal/Others","WS/MP18236/2024-2025/138950-Lighting of public spaces","Uttar Pradesh","SONBHADRA(DISTRICT MAGISTRATE SONBHADRA_IDA)","CHHOTELAL","ROBERTSGANJ(SC)","High mast light at Veer Lorik Memorial Sthal  Block Nagwa","04-Sep-2024","592984","24-Mar-2025"
"1713","Normal/Others","WS/MP18236/2024-2025/138951-Lighting of public spaces","Uttar Pradesh","SONBHADRA(DISTRICT MAGISTRATE SONBHADRA_IDA)","CHHOTELAL","ROBERTSGANJ(SC)","High mast light on the road in front of Maa Shiv Devi Mahavidyalaya  Block Ghorawal","04-Sep-2024","592984","24-Mar-2025"
"1714","Normal/Others","WS/MP18236/2024-2025/138952-Lighting of public spaces","Uttar Pradesh","SONBHADRA(DISTRICT MAGISTRATE SONBHADRA_IDA)","CHHOTELAL","ROBERTSGANJ(SC)","High mast light near the western side  adjacent to the Nigam's house in village Mushi Block Robertsganj","04-Sep-2024","592984","24-Mar-2025"
"1715","Normal/Others","WS/MP18236/2024-2025/138953-Lighting of public spaces","Uttar Pradesh","SONBHADRA(DISTRICT MAGISTRATE SONBHADRA_IDA)","CHHOTELAL","ROBERTSGANJ(SC)","High mast light near Karbala in village Barwan Block Robertsganj","04-Sep-2024","592984","24-Mar-2025"
"1716","Normal/Others","WS/MP18236/2024-2025/138954-Lighting of public spaces","Uttar Pradesh","CHANDAULI(DISTRICT MAGISTRATE CHANDAULI_IDA)","CHHOTELAL","ROBERTSGANJ(SC)","Installation of semi high mast light near Lalbi Bind's house in village Baghi Block Naugarh","05-Sep-2024","243756","02-Dec-2024"
"1717","Normal/Others","WS/MP18236/2024-2025/138955-Lighting of public spaces","Uttar Pradesh","CHANDAULI(DISTRICT MAGISTRATE CHANDAULI_IDA)","CHHOTELAL","ROBERTSGANJ(SC)","Installation of semi high mast light near Block development office Naugarh","05-Sep-2024","243756","02-Dec-2024"
"1718","Normal/Others","WS/MP18236/2024-2025/138956-Lighting of public spaces","Uttar Pradesh","CHANDAULI(DISTRICT MAGISTRATE CHANDAULI_IDA)","CHHOTELAL","ROBERTSGANJ(SC)","Installation of Semi high mast light at public place near Latif Shah Mazar village Pitpur in block Chakiya, Chandauli","05-Sep-2024","243756","02-Dec-2024"
"1719","Normal/Others","WS/MP18236/2024-2025/138957-Lighting of public spaces","Uttar Pradesh","CHANDAULI(DISTRICT MAGISTRATE CHANDAULI_IDA)","CHHOTELAL","ROBERTSGANJ(SC)","Installation of semi high mast light near Pokhara crossroad and gate in village Iliya Block Shahabganj","05-Sep-2024","243756","02-Dec-2024"
"1720","Normal/Others","WS/MP18236/2024-2025/138958-Lighting of public spaces","Uttar Pradesh","CHANDAULI(DISTRICT MAGISTRATE CHANDAULI_IDA)","CHHOTELAL","ROBERTSGANJ(SC)","Installation of semi high mast light at the crossroad near Kranti Maurya's house in village Saidupur Block Shahabganj","05-Sep-2024","243756","02-Dec-2024"
"1721","Normal/Others","WS/MP347/2024-2025/138959-Construction of rooms and halls in school and colleges","Kerala","KOLLAM(DISTRICT COLLECTOR KOLLAM_IDA)","Shri Suresh Kodikunnil","MAVELIKKARA(SC)","Construction of Open Air auditorium to Eswaravilasom UPS, Madanthacode in Kareepra Grama Panchayath","05-Sep-2024","904595","19-Dec-2024"
"1722","Normal/Others","WS/MP347/2024-2025/138962-Construction of rooms and halls in school and colleges","Kerala","KOLLAM(DISTRICT COLLECTOR KOLLAM_IDA)","Shri Suresh Kodikunnil","MAVELIKKARA(SC)","Class room at Govt.LPS Elikattoor including electrification in Piravanthoore Grama Panchayath (SCP)","11-Sep-2024","1550000","29-Oct-2024"
"1723","Normal/Others","WS/MP18206/2024-2025/138971-Construction of rooms and halls in school and colleges","Uttar Pradesh","BANDA(DISTRICT MAGISTRATE BANDA_IDA)","KRISHNA DEVI SHIVSHANKER PATEL","BANDA","Construction of rooms in  Captain R B singh public school majhiwan","05-Sep-2024","999000","16-Nov-2024"
"1724","Normal/Others","WS/MP18206/2024-2025/138972-Construction of rooms and halls in school and colleges","Uttar Pradesh","BANDA(DISTRICT MAGISTRATE BANDA_IDA)","KRISHNA DEVI SHIVSHANKER PATEL","BANDA","Construction of hall in captain R B singh  public school majhiwan","05-Sep-2024","999000","16-Nov-2024"
"1725","Normal/Others","WS/MP761/2024-2025/138982-Construction of community centers and community halls","Telangana","NIZAMABAD(DISTRICT COLLECTOR NIZAMABAD_IDA)","Arvind Dharmapuri","NIZAMABAD","Construction of community hall near sree Bhaktha Anjaneya Swamy temple","05-Sep-2024","400000","06-Jan-2025"
"1726","Normal/Others","WS/MP761/2024-2025/138983-Construction of community centers and community halls","Telangana","NIZAMABAD(DISTRICT COLLECTOR NIZAMABAD_IDA)","Arvind Dharmapuri","NIZAMABAD","Construction of Community hall near Anganwadi Building for Sr Citizens","05-Sep-2024","300000","06-Jan-2025"
"1727","Normal/Others","WS/MP761/2024-2025/138984-Construction of community centers and community halls","Telangana","NIZAMABAD(DISTRICT COLLECTOR NIZAMABAD_IDA)","Arvind Dharmapuri","NIZAMABAD","Construction of community hall in Vishwabrahmana Wada","05-Sep-2024","400000","06-Jan-2025"
"1728","Normal/Others","WS/MP761/2024-2025/138985-Construction of community centers and community halls","Telangana","NIZAMABAD(DISTRICT COLLECTOR NIZAMABAD_IDA)","Arvind Dharmapuri","NIZAMABAD","Construction of Community hall near Abhayanjaneya Swamy temple in Laxmi Priya Nagar","05-Sep-2024","400000","06-Jan-2025"
"1729","Normal/Others","WS/MP761/2024-2025/138986-Construction of boundary walls of existing public and community buildings","Telangana","NIZAMABAD(DISTRICT COLLECTOR NIZAMABAD_IDA)","Arvind Dharmapuri","NIZAMABAD","Construction of compound wall to Maha Maisamma Committee community hall near Hamalwadi, Pamboudi","05-Sep-2024","400000","06-Jan-2025"
"1730","Normal/Others","WS/MP761/2024-2025/138987-Construction of boundary walls of existing public and community buildings","Telangana","NIZAMABAD(DISTRICT COLLECTOR NIZAMABAD_IDA)","Arvind Dharmapuri","NIZAMABAD","Construction of compound wall to existing community hall near Sree Ramalayam mandir in Ganga Samundar (V) , Donkeshwar (M)","05-Sep-2024","399555","06-Jan-2025"
"1731","Normal/Others","WS/MP761/2025-2026/138988-Construction of community centers and community halls","Telangana","NIZAMABAD(DISTRICT COLLECTOR NIZAMABAD_IDA)","Arvind Dharmapuri","NIZAMABAD","Construction of Youth Building near Gandhi statue","05-Sep-2024","400000","30-Aug-2025"
"1732","Normal/Others","WS/MP761/2024-2025/138989-Construction of community centers and community halls","Telangana","NIZAMABAD(DISTRICT COLLECTOR NIZAMABAD_IDA)","Arvind Dharmapuri","NIZAMABAD","Construction of Community hall in Nakash wada, Nehru nagar Colony","05-Sep-2024","400000","08-Jan-2025"
"1733","Normal/Others","WS/MP761/2024-2025/138997-Construction of roads, link roads, pathways or any other road with or without drainage system","Telangana","NIZAMABAD(DISTRICT COLLECTOR NIZAMABAD_IDA)","Arvind Dharmapuri","NIZAMABAD","Laying of CC road from 11-1-1209 to 11-1-1215 near TV tower in Panchayath Raj Colony","05-Sep-2024","494497","06-Jan-2025"
"1734","Normal/Others","WS/MP761/2024-2025/138998-Construction of roads, link roads, pathways or any other road with or without drainage system","Telangana","NIZAMABAD(DISTRICT COLLECTOR NIZAMABAD_IDA)","Arvind Dharmapuri","NIZAMABAD","Laying of CC road from 11-1-1156 to 11-1-1170 near Tv tower in Chandrashekhar Colony","05-Sep-2024","494999","06-Jan-2025"
"1735","Normal/Others","WS/MP761/2024-2025/138999-Construction of boundary walls of existing public and community buildings","Telangana","NIZAMABAD(DISTRICT COLLECTOR NIZAMABAD_IDA)","Arvind Dharmapuri","NIZAMABAD","Construction of Compound wall to existing Village Community hall","05-Sep-2024","400000","08-Jan-2025"
"1736","Normal/Others","WS/MP761/2024-2025/139000-Construction of boundary walls of existing public and community buildings","Telangana","NIZAMABAD(DISTRICT COLLECTOR NIZAMABAD_IDA)","Arvind Dharmapuri","NIZAMABAD","Construction of Compound wall to existing community hall near Munnurukapu Kalyana Mandapam","05-Sep-2024","400000","06-Jan-2025"
"1737","Normal/Others","WS/MP18250/2024-2025/139002-Construction of water tanks","West Bengal","North 24 Parganas(DISTRICT MAGISTRATE NORTH TWENTY FOUR PARGANAS_IDA)","SK NURUL ISLAM","BASIRHAT","Installation of 5 nos. Arsenic Free Water Tank at different places under Hasnabad Block (SL.No. 1 to 5)","05-Sep-2024","1750000","29-Jan-2025"
"1738","Normal/Others","WS/MP18250/2024-2025/139004-Construction of water tanks","West Bengal","North 24 Parganas(DISTRICT MAGISTRATE NORTH TWENTY FOUR PARGANAS_IDA)","SK NURUL ISLAM","BASIRHAT","Installation of 7 nos. Arsenic Free Water Tank at different places under Hasnabad Block (SL.No. 6 to 12)","05-Sep-2024","2450000","27-Dec-2024"
"1739","Normal/Others","NA-Construction of water tanks","West Bengal","North 24 Parganas(DISTRICT MAGISTRATE NORTH TWENTY FOUR PARGANAS_IDA)","SK NURUL ISLAM","BASIRHAT","Installation of 3 nos. Arsenic Free Water Tank at different places under Haroa Block (SL.No. 13 to 15)","05-Sep-2024","920000","NA"
"1740","Normal/Others","NA-Construction of water tanks","West Bengal","North 24 Parganas(DISTRICT MAGISTRATE NORTH TWENTY FOUR PARGANAS_IDA)","SK NURUL ISLAM","BASIRHAT","Installation of 2 nos. Arsenic Free Water Tank and Light at different places under Sonapukur sankarpur G.P and Haroa Block (SL.No. 16 to 17)","05-Sep-2024","570000","NA"
"1741","Normal/Others","WS/MP761/2024-2025/139007-Construction of community centers and community halls","Telangana","NIZAMABAD(DISTRICT COLLECTOR NIZAMABAD_IDA)","Arvind Dharmapuri","NIZAMABAD","Construction of Community hall near Press Club, Yellammagutta","05-Sep-2024","495000","06-Jan-2025"
"1742","Normal/Others","WS/MP761/2024-2025/139008-Construction of public libraries and reading rooms","Telangana","NIZAMABAD(DISTRICT COLLECTOR NIZAMABAD_IDA)","Arvind Dharmapuri","NIZAMABAD","Construction of Library building at Bapuji Vachanalayam","05-Sep-2024","494999","20-Dec-2024"
"1743","Normal/Others","WS/MP761/2024-2025/139009-Street lights","Telangana","NIZAMABAD(DISTRICT COLLECTOR NIZAMABAD_IDA)","Arvind Dharmapuri","NIZAMABAD","Providing LED Hi Mast light near Pothuloori Veerabrahmendraswamy temple, Ansanpally (V), Indalwai (M)","05-Sep-2024","150000","28-Dec-2024"
"1744","Normal/Others","WS/MP18250/2025-2026/139010-Street lights","West Bengal","North 24 Parganas(DISTRICT MAGISTRATE NORTH TWENTY FOUR PARGANAS_IDA)","SK NURUL ISLAM","BASIRHAT","Installation of 100 pcs. Street Electric Light under Nimdaria Kodalia G.P (Sl.No-18)","05-Sep-2024","2200000","04-Jul-2025"
"1745","Normal/Others","WS/MP18250/2026-2027/139022-Construction of water tanks","West Bengal","North 24 Parganas(DISTRICT MAGISTRATE NORTH TWENTY FOUR PARGANAS_IDA)","SK NURUL ISLAM","BASIRHAT","Installation of 14 nos. Arsenic Free Water Tank, Street Light, etc at different places under Hingalganj Block (SL.No. 19 to 32)","05-Sep-2024","2765000","08-Jul-2026"
"1746","Repair and Renovation","WS/MP823/2024-2025/139026-Construction of stadiums","West Bengal","NADIA(DISTRICT MAGISTRATE NADIA_IDA)","Ms Mahua Moitra","KRISHNANAGAR","Repair Fencing work at Harichand Guruchand Stadium at Betai-2 GP under Tehatta-1 Block.","05-Sep-2024","399994","03-Dec-2024"
"1747","Normal/Others","WS/MP761/2024-2025/139027-Construction of community centers and community halls","Telangana","Jagitial(DISTRICT COLLECTOR JAGTIAL_IDA)","Arvind Dharmapuri","NIZAMABAD","Construction of Community hall in Padmashali wada in Urban Colony, Korutla","05-Sep-2024","350000","18-Oct-2024"
"1748","Normal/Others","WS/MP761/2024-2025/139028-Construction of community centers and community halls","Telangana","Jagitial(DISTRICT COLLECTOR JAGTIAL_IDA)","Arvind Dharmapuri","NIZAMABAD","Construction of Community hall in Gangaputra Wada","05-Sep-2024","400000","18-Oct-2024"
"1749","Normal/Others","WS/MP761/2024-2025/139029-Construction of community centers and community halls","Telangana","Jagitial(DISTRICT COLLECTOR JAGTIAL_IDA)","Arvind Dharmapuri","NIZAMABAD","Construction of Community hall in Munnurukapu wada behind Abhayanjaneya Swamy temple, Vemulawada road","05-Sep-2024","400000","18-Oct-2024"
"1750","Normal/Others","WS/MP761/2026-2027/139030-Construction of boundary walls of existing public and community buildings","Telangana","Jagitial(DISTRICT COLLECTOR JAGTIAL_IDA)","Arvind Dharmapuri","NIZAMABAD","Construction of compound wall to community hall near Hanuman Mandir , Kuruma palli (V) Raikal (M)","05-Sep-2024","350000","17-Aug-2026"
"1751","Normal/Others","WS/MP761/2026-2027/139031-Construction of community centers and community halls","Telangana","Jagitial(DISTRICT COLLECTOR JAGTIAL_IDA)","Arvind Dharmapuri","NIZAMABAD","Construction of Community hall in Ambedkar Wada","05-Sep-2024","300000","14-Aug-2026"
"1752","Normal/Others","NA-Crematoriums/energy efficient crematoriums or structures on burial/cremation ground","West Bengal","North 24 Parganas(DISTRICT MAGISTRATE NORTH TWENTY FOUR PARGANAS_IDA)","SK NURUL ISLAM","BASIRHAT","Development of Chandipur Samsanghat under Chandipur G.P and Baduria Panchayet Samity (SL. No-36).","05-Sep-2024","500000","NA"
"1753","Normal/Others","WS/MP673/2024-2025/139034-Construction of bus-sheds or bus-stops","Maharashtra","Dharashiv(DISTRICT COLLECTOR OSMANABAD_IDA)","Omprakash Bhupalsinh Alias Pawan Rajenimbalkar","OSMANABAD","Construction of bus shed opposite Janseva School.","05-Sep-2024","300000","03-Mar-2025"
"1754","Normal/Others","NA-Street lights","West Bengal","North 24 Parganas(DISTRICT MAGISTRATE NORTH TWENTY FOUR PARGANAS_IDA)","SK NURUL ISLAM","BASIRHAT","Installation of 20 nos. Street LED Electric Light at Different places at Chaital G.P under Minakhan Block (SLNo. 40)","05-Sep-2024","440000","NA"
"1755","Normal/Others","NA-Street lights","West Bengal","North 24 Parganas(DISTRICT MAGISTRATE NORTH TWENTY FOUR PARGANAS_IDA)","SK NURUL ISLAM","BASIRHAT","Installation of 36 nos.  Electric Street LED Light at different places at Haroa G.P under Haroa Block (SLNo. 43)","05-Sep-2024","792000","NA"
"1756","Normal/Others","WS/MP761/2024-2025/139052-Construction of common work sheds/ common covered sitting area","Telangana","Jagitial(DISTRICT COLLECTOR JAGTIAL_IDA)","Arvind Dharmapuri","NIZAMABAD","Construction of Tin shed near Mallikarjuna Swamy Devalayam Ward No 12, Venkatraopet","05-Sep-2024","400000","18-Oct-2024"
"1757","Normal/Others","WS/MP761/2024-2025/139053-Construction of community centers and community halls","Telangana","Jagitial(DISTRICT COLLECTOR JAGTIAL_IDA)","Arvind Dharmapuri","NIZAMABAD","Construction of Community hall near Bhagavan Sri Satyananda Maharshi Geetha Satsang Bhavan","05-Sep-2024","400000","18-Oct-2024"
"1758","Normal/Others","WS/MP761/2026-2027/139054-Construction of common work sheds/ common covered sitting area","Telangana","Jagitial(DISTRICT COLLECTOR JAGTIAL_IDA)","Arvind Dharmapuri","NIZAMABAD","Construction of Tin Shed near Goshala","05-Sep-2024","400000","14-Jul-2026"
"1759","Normal/Others","WS/MP761/2024-2025/139055-Construction of community centers and community halls","Telangana","Jagitial(DISTRICT COLLECTOR JAGTIAL_IDA)","Arvind Dharmapuri","NIZAMABAD","Construction of Community hall in Gangaputra wada opposite Sattaiah Go down , Boyawada Canal road","05-Sep-2024","350000","18-Oct-2024"
"1760","Normal/Others","WS/MP761/2024-2025/139056-Construction of community centers and community halls","Telangana","Jagitial(DISTRICT COLLECTOR JAGTIAL_IDA)","Arvind Dharmapuri","NIZAMABAD","Construction of Community hall near Jagtial Munnurukapu Sangham, Thippannapeta","05-Sep-2024","495000","18-Oct-2024"
"1761","Normal/Others","WS/MP18250/2025-2026/139057-Street lights","West Bengal","North 24 Parganas(DISTRICT MAGISTRATE NORTH TWENTY FOUR PARGANAS_IDA)","SK NURUL ISLAM","BASIRHAT","Installation of 33 nos.  Electric Street LED Light at different places at Khasbalanda G.P under Haroa Block (SLNo. 44)","05-Sep-2024","726000","16-Jun-2025"
"1762","Normal/Others","NA-Construction of water tanks","West Bengal","North 24 Parganas(DISTRICT MAGISTRATE NORTH TWENTY FOUR PARGANAS_IDA)","SK NURUL ISLAM","BASIRHAT","Installation of Electric based Arsenic Free Water Tank and others development at different places at Gopalpur II G.P under Haroa Block (SLNo. 45 to 47)","05-Sep-2024","850000","NA"
"1763","Normal/Others","WS/MP673/2024-2025/139059-Installing tube-wells and borewells","Maharashtra","SOLAPUR(DISTRICT COLLECTOR SOLAPUR_IDA)","Omprakash Bhupalsinh Alias Pawan Rajenimbalkar","OSMANABAD","Installing tube-wells and borewells","05-Sep-2024","299942","21-Oct-2024"
"1764","Normal/Others","NA-Construction of water tanks","West Bengal","North 24 Parganas(DISTRICT MAGISTRATE NORTH TWENTY FOUR PARGANAS_IDA)","SK NURUL ISLAM","BASIRHAT","Installation of Arsenic Free Water Tank and others development at different places at Gopalpur I G.P under Haroa Block (SLNo. 48 to 50)","05-Sep-2024","850000","NA"
"1765","Normal/Others","NA-Construction of common work sheds/ common covered sitting area","West Bengal","North 24 Parganas(DISTRICT MAGISTRATE NORTH TWENTY FOUR PARGANAS_IDA)","SK NURUL ISLAM","BASIRHAT","Construction of Hat Shed at Baburhat Cow Bazar under Kumarjol G.P & Minakhan Panchayat Samity (Sl.No. 51)","05-Sep-2024","1500000","NA"
"1766","Normal/Others","WS/MP761/2024-2025/139062-Providing drains and gutters for public drainage","Telangana","Jagitial(DISTRICT COLLECTOR JAGTIAL_IDA)","Arvind Dharmapuri","NIZAMABAD","Laying of CC Drain in Agriculture Market at Varshakonda","05-Sep-2024","495000","15-Mar-2025"
"1767","Normal/Others","WS/MP761/2024-2025/139063-Street lights","Telangana","Jagitial(DISTRICT COLLECTOR JAGTIAL_IDA)","Arvind Dharmapuri","NIZAMABAD","Providing LED Hi Mast light near Hanuman Temple","05-Sep-2024","150000","18-Oct-2024"
"1768","Normal/Others","WS/MP761/2024-2025/139064-Street lights","Telangana","Jagitial(DISTRICT COLLECTOR JAGTIAL_IDA)","Arvind Dharmapuri","NIZAMABAD","Providing LED Hi Mast light near Subhash Chandrabose Statue, Errapur","05-Sep-2024","150000","18-Oct-2024"
"1769","Normal/Others","WS/MP761/2024-2025/139065-Street lights","Telangana","Jagitial(DISTRICT COLLECTOR JAGTIAL_IDA)","Arvind Dharmapuri","NIZAMABAD","Providing LED Hi Mast light near Bus stand, Vemulakurthy","05-Sep-2024","149604","18-Oct-2024"
"1770","Normal/Others","WS/MP761/2024-2025/139066-Street lights","Telangana","Jagitial(DISTRICT COLLECTOR JAGTIAL_IDA)","Arvind Dharmapuri","NIZAMABAD","Providing LED Hi Mast light near Peddamma Temple","05-Sep-2024","150000","18-Oct-2024"
"1771","Normal/Others","WS/MP761/2024-2025/139067-Street lights","Telangana","Jagitial(DISTRICT COLLECTOR JAGTIAL_IDA)","Arvind Dharmapuri","NIZAMABAD","Providing LED Hi Mast light in BC Colony","05-Sep-2024","150000","18-Oct-2024"
"1772","Normal/Others","WS/MP577/2025-2026/139075-Construction of toilet blocks","Gujarat","Dahod(DISTRICT COLLECTOR DOHAD_IDA)","Jaswantsinh Sumanbhai Bhabhor","DAHOD(ST)","Rupakheda game Bhuriya Faliya ma toilet Block nu kam","06-Sep-2024","850000","04-Oct-2025"
"1773","Normal/Others","WS/MP18236/2024-2025/139076-Lighting of public spaces","Uttar Pradesh","CHANDAULI(DISTRICT MAGISTRATE CHANDAULI_IDA)","CHHOTELAL","ROBERTSGANJ(SC)","Installation of semi high mast light near Sonkar Basti Police Booth in village Shahabganj Block Shahabganj","05-Sep-2024","243756","02-Dec-2024"
"1774","Normal/Others","WS/MP18236/2024-2025/139085-Lighting of public spaces","Uttar Pradesh","CHANDAULI(DISTRICT MAGISTRATE CHANDAULI_IDA)","CHHOTELAL","ROBERTSGANJ(SC)","Installation of semi high mast light at the crossroad near Komal's house in village Bujharat Block Chandauli","05-Sep-2024","243756","02-Dec-2024"
"1775","Normal/Others","WS/MP18236/2024-2025/139087-Lighting of public spaces","Uttar Pradesh","CHANDAULI(DISTRICT MAGISTRATE CHANDAULI_IDA)","CHHOTELAL","ROBERTSGANJ(SC)","Installation of semi high mast light near Subash Kannaujiya's shop at the main crossroad of village Hathiyani Block Chandauli","05-Sep-2024","243756","02-Dec-2024"
"1776","Normal/Others","WS/MP18236/2024-2025/139088-Lighting of public spaces","Uttar Pradesh","CHANDAULI(DISTRICT MAGISTRATE CHANDAULI_IDA)","CHHOTELAL","ROBERTSGANJ(SC)","Installation of semi high mast light near the mosque in front of Mahbulla's house in village Baghi Block Naugarh","05-Sep-2024","243756","02-Dec-2024"
"1777","Normal/Others","WS/MP18236/2024-2025/139089-Lighting of public spaces","Uttar Pradesh","CHANDAULI(DISTRICT MAGISTRATE CHANDAULI_IDA)","CHHOTELAL","ROBERTSGANJ(SC)","Installation of semi high mast light near the intersection in the market of village Barwadih  Block Naugarh","05-Sep-2024","243756","02-Dec-2024"
"1778","Normal/Others","WS/MP18236/2024-2025/139090-Lighting of public spaces","Uttar Pradesh","CHANDAULI(DISTRICT MAGISTRATE CHANDAULI_IDA)","CHHOTELAL","ROBERTSGANJ(SC)","Installation of semi high mast light at the intersection near Bijaylal Yadav son of Prem, village Magrahi  Block Naugarh","05-Sep-2024","243756","02-Dec-2024"
"1779","Normal/Others","WS/MP18236/2024-2025/139091-Lighting of public spaces","Uttar Pradesh","CHANDAULI(DISTRICT MAGISTRATE CHANDAULI_IDA)","CHHOTELAL","ROBERTSGANJ(SC)","Installation of semi high mast light at the main road intersection of village Majhgawan  Block Naugarh","05-Sep-2024","243756","02-Dec-2024"
"1780","Normal/Others","WS/MP18236/2024-2025/139093-Lighting of public spaces","Uttar Pradesh","CHANDAULI(DISTRICT MAGISTRATE CHANDAULI_IDA)","CHHOTELAL","ROBERTSGANJ(SC)","Installation of semi high mast light at the village intersection of village Semar Sadhopur  Block Naugarh","05-Sep-2024","243756","02-Dec-2024"
"1781","Normal/Others","WS/MP18236/2024-2025/139094-Lighting of public spaces","Uttar Pradesh","CHANDAULI(DISTRICT MAGISTRATE CHANDAULI_IDA)","CHHOTELAL","ROBERTSGANJ(SC)","Installation of semi high mast light at the intersection of village Sahpur  Block Naugarh","05-Sep-2024","243756","02-Dec-2024"
"1782","Normal/Others","WS/MP18236/2024-2025/139095-Lighting of public spaces","Uttar Pradesh","CHANDAULI(DISTRICT MAGISTRATE CHANDAULI_IDA)","CHHOTELAL","ROBERTSGANJ(SC)","Installation of semi high mast light at the intersection of village Sonwar  Block Naugarh","05-Sep-2024","243756","02-Dec-2024"
"1783","Normal/Others","WS/MP18236/2024-2025/139098-Lighting of public spaces","Uttar Pradesh","CHANDAULI(DISTRICT MAGISTRATE CHANDAULI_IDA)","CHHOTELAL","ROBERTSGANJ(SC)","Installation of semi high mast light at the intersection of village Majhagain  Block Naugarh","05-Sep-2024","243756","02-Dec-2024"
"1784","Normal/Others","WS/MP18236/2024-2025/139105-Lighting of public spaces","Uttar Pradesh","CHANDAULI(DISTRICT MAGISTRATE CHANDAULI_IDA)","CHHOTELAL","ROBERTSGANJ(SC)","Installation of semi high mast light at the intersection of village Panchayat Bhawan, village Jarhar  Block Naugarh","05-Sep-2024","243756","02-Dec-2024"
"1785","Normal/Others","WS/MP18236/2024-2025/139106-Lighting of public spaces","Uttar Pradesh","CHANDAULI(DISTRICT MAGISTRATE CHANDAULI_IDA)","CHHOTELAL","ROBERTSGANJ(SC)","Installation of semi high mast light at the intersection of the road west of Kamala Yadav's house, village Magrahi  Block Naugarh","05-Sep-2024","243756","02-Dec-2024"
"1786","Normal/Others","WS/MP334/2024-2025/139107-Street lights","Jharkhand","BOKARO(DEPUTY COMMISSIONER BOKARO_IDA)","Shri Chandra Prakash Choudhary","GIRIDIH","installation of solar street light near sevati shivalay mandir in murhulsudi","06-Sep-2024","22000","15-Oct-2024"
"1787","Normal/Others","WS/MP334/2024-2025/139108-Street lights","Jharkhand","BOKARO(DEPUTY COMMISSIONER BOKARO_IDA)","Shri Chandra Prakash Choudhary","GIRIDIH","installation of solar street light near durgamandir in murhulsudi","06-Sep-2024","22000","15-Oct-2024"
"1788","Normal/Others","WS/MP334/2024-2025/139109-Street lights","Jharkhand","BOKARO(DEPUTY COMMISSIONER BOKARO_IDA)","Shri Chandra Prakash Choudhary","GIRIDIH","installation of solar street light near bajrangbali mandir in murhulsudi","06-Sep-2024","22000","15-Oct-2024"
"1789","Normal/Others","WS/MP334/2024-2025/139110-Street lights","Jharkhand","BOKARO(DEPUTY COMMISSIONER BOKARO_IDA)","Shri Chandra Prakash Choudhary","GIRIDIH","installation of solar street light near bajrangbali mandir bhursatand","06-Sep-2024","22000","15-Oct-2024"
"1790","Normal/Others","WS/MP334/2024-2025/139111-Street lights","Jharkhand","BOKARO(DEPUTY COMMISSIONER BOKARO_IDA)","Shri Chandra Prakash Choudhary","GIRIDIH","installation of solar street light near near ramesh munda house in dabhadih","06-Sep-2024","22000","15-Oct-2024"
"1791","Normal/Others","WS/MP18236/2024-2025/139112-Lighting of public spaces","Uttar Pradesh","CHANDAULI(DISTRICT MAGISTRATE CHANDAULI_IDA)","CHHOTELAL","ROBERTSGANJ(SC)","Installation of semi high mast light near Ramsagar's house, Chautara, village Horila  Block Naugarh","05-Sep-2024","243756","02-Dec-2024"
"1792","Normal/Others","WS/MP18236/2024-2025/139113-Lighting of public spaces","Uttar Pradesh","CHANDAULI(DISTRICT MAGISTRATE CHANDAULI_IDA)","CHHOTELAL","ROBERTSGANJ(SC)","Installation of semi high mast light on the roadside near the dam, village Aurwatand near Shanta Kharwar's house at the trisection  Block Naugarh","05-Sep-2024","243756","02-Dec-2024"
"1793","Normal/Others","WS/MP334/2024-2025/139114-Street lights","Jharkhand","BOKARO(DEPUTY COMMISSIONER BOKARO_IDA)","Shri Chandra Prakash Choudhary","GIRIDIH","installation of solar street light near pradeep ganjhu house in kotogadha","06-Sep-2024","22000","15-Oct-2024"
"1794","Normal/Others","WS/MP334/2024-2025/139115-Street lights","Jharkhand","BOKARO(DEPUTY COMMISSIONER BOKARO_IDA)","Shri Chandra Prakash Choudhary","GIRIDIH","installation of solar street light near manoj ganjhu house in kotogadha","06-Sep-2024","22000","15-Oct-2024"
"1795","Normal/Others","WS/MP334/2024-2025/139116-Street lights","Jharkhand","BOKARO(DEPUTY COMMISSIONER BOKARO_IDA)","Shri Chandra Prakash Choudhary","GIRIDIH","installation of solar street light near premchand kalindi house in pirgul","06-Sep-2024","22000","15-Oct-2024"
"1796","Normal/Others","WS/MP334/2024-2025/139117-Street lights","Jharkhand","BOKARO(DEPUTY COMMISSIONER BOKARO_IDA)","Shri Chandra Prakash Choudhary","GIRIDIH","installation of solar street light near sanatan mahto house in gatigadha murhulsudi","06-Sep-2024","22000","15-Oct-2024"
"1797","Normal/Others","WS/MP334/2024-2025/139118-Street lights","Jharkhand","BOKARO(DEPUTY COMMISSIONER BOKARO_IDA)","Shri Chandra Prakash Choudhary","GIRIDIH","installation of solar street light near ajay mahto house in pirgul","06-Sep-2024","22000","15-Oct-2024"
"1798","Normal/Others","NA-Construction of common work sheds/ common covered sitting area","Maharashtra","YAVATMAL(DISTRICT COLLECTOR YAVATMAL_IDA)","Sanjay Uttamrao Deshmukh","YAVATMAL-WASHIM","Construction of common coverd sitting work shed for senior citizen at  anywhere in  Old Digras-Darwha Road","07-Oct-2024","500000","NA"
"1799","Normal/Others","WS/MP334/2024-2025/139121-Street lights","Jharkhand","BOKARO(DEPUTY COMMISSIONER BOKARO_IDA)","Shri Chandra Prakash Choudhary","GIRIDIH","installation of solar street light near manoj kumar mahto house in murhulsudi","06-Sep-2024","22000","15-Oct-2024"
"1800","Normal/Others","WS/MP334/2024-2025/139122-Street lights","Jharkhand","BOKARO(DEPUTY COMMISSIONER BOKARO_IDA)","Shri Chandra Prakash Choudhary","GIRIDIH","installation of solar street light near maanjhdih chowk in chawda","06-Sep-2024","22000","15-Oct-2024"
"1801","Normal/Others","WS/MP334/2024-2025/139123-Street lights","Jharkhand","BOKARO(DEPUTY COMMISSIONER BOKARO_IDA)","Shri Chandra Prakash Choudhary","GIRIDIH","installation of solar street light near chandradev choudhary house in pirgul","06-Sep-2024","22000","15-Oct-2024"
"1802","Normal/Others","WS/MP334/2024-2025/139124-Street lights","Jharkhand","BOKARO(DEPUTY COMMISSIONER BOKARO_IDA)","Shri Chandra Prakash Choudhary","GIRIDIH","installation of solar street light near laxman thakur house in pirgul","06-Sep-2024","22000","15-Oct-2024"
"1803","Normal/Others","WS/MP334/2024-2025/139125-Street lights","Jharkhand","BOKARO(DEPUTY COMMISSIONER BOKARO_IDA)","Shri Chandra Prakash Choudhary","GIRIDIH","installation of solar street light near dinesh munda house in murhulsudi","06-Sep-2024","22000","15-Oct-2024"
"1804","Normal/Others","WS/MP334/2024-2025/139126-Street lights","Jharkhand","BOKARO(DEPUTY COMMISSIONER BOKARO_IDA)","Shri Chandra Prakash Choudhary","GIRIDIH","installation of solar street light near arvind kumar nayak house in jamkudar","06-Sep-2024","22000","15-Oct-2024"
"1805","Normal/Others","WS/MP334/2024-2025/139127-Street lights","Jharkhand","BOKARO(DEPUTY COMMISSIONER BOKARO_IDA)","Shri Chandra Prakash Choudhary","GIRIDIH","installation of solar street light near bajrangbali mandir in jamkudar","06-Sep-2024","22000","15-Oct-2024"
"1806","Normal/Others","WS/MP334/2024-2025/139128-Street lights","Jharkhand","BOKARO(DEPUTY COMMISSIONER BOKARO_IDA)","Shri Chandra Prakash Choudhary","GIRIDIH","installation of solar street light near hari mandir in jamkudar","06-Sep-2024","22000","15-Oct-2024"
"1807","Normal/Others","WS/MP334/2024-2025/139129-Street lights","Jharkhand","BOKARO(DEPUTY COMMISSIONER BOKARO_IDA)","Shri Chandra Prakash Choudhary","GIRIDIH","installation of solar street light near shiv mandir of jamkudar","06-Sep-2024","22000","15-Oct-2024"
"1808","Normal/Others","WS/MP334/2024-2025/139130-Street lights","Jharkhand","BOKARO(DEPUTY COMMISSIONER BOKARO_IDA)","Shri Chandra Prakash Choudhary","GIRIDIH","installation of solar street light near nai tola in jamkudar","06-Sep-2024","22000","15-Oct-2024"
"1809","Normal/Others","WS/MP334/2024-2025/139131-Street lights","Jharkhand","BOKARO(DEPUTY COMMISSIONER BOKARO_IDA)","Shri Chandra Prakash Choudhary","GIRIDIH","installation of solar street light near anant kumar mahto house in jamakudar nawadih","06-Sep-2024","22000","15-Oct-2024"
"1810","Normal/Others","WS/MP334/2024-2025/139132-Street lights","Jharkhand","BOKARO(DEPUTY COMMISSIONER BOKARO_IDA)","Shri Chandra Prakash Choudhary","GIRIDIH","installation of solar street light near shiv mandir of murhulsudi","06-Sep-2024","22000","15-Oct-2024"
"1811","Normal/Others","WS/MP334/2024-2025/139133-Street lights","Jharkhand","BOKARO(DEPUTY COMMISSIONER BOKARO_IDA)","Shri Chandra Prakash Choudhary","GIRIDIH","installation of solar street light near tulsidas mahto house in bagda","06-Sep-2024","22000","15-Oct-2024"
"1812","Normal/Others","WS/MP334/2024-2025/139134-Street lights","Jharkhand","BOKARO(DEPUTY COMMISSIONER BOKARO_IDA)","Shri Chandra Prakash Choudhary","GIRIDIH","installation of solar street light near janki mahto house in bagda","06-Sep-2024","22000","15-Oct-2024"
"1813","Normal/Others","WS/MP334/2024-2025/139135-Street lights","Jharkhand","BOKARO(DEPUTY COMMISSIONER BOKARO_IDA)","Shri Chandra Prakash Choudhary","GIRIDIH","installation of solar street light near dablu saw house in bagda","06-Sep-2024","22000","15-Oct-2024"
"1814","Normal/Others","WS/MP334/2024-2025/139136-Street lights","Jharkhand","BOKARO(DEPUTY COMMISSIONER BOKARO_IDA)","Shri Chandra Prakash Choudhary","GIRIDIH","installation of solar street light near durgamandir in bagda","06-Sep-2024","22000","15-Oct-2024"
"1815","Normal/Others","WS/MP334/2024-2025/139137-Street lights","Jharkhand","BOKARO(DEPUTY COMMISSIONER BOKARO_IDA)","Shri Chandra Prakash Choudhary","GIRIDIH","installation of solar street light near fuku mahto house in bagda","06-Sep-2024","22000","15-Oct-2024"
"1816","Normal/Others","WS/MP334/2024-2025/139138-Street lights","Jharkhand","BOKARO(DEPUTY COMMISSIONER BOKARO_IDA)","Shri Chandra Prakash Choudhary","GIRIDIH","installation of solar street light near ashok mahto house in bagda","06-Sep-2024","22000","15-Oct-2024"
"1817","Normal/Others","WS/MP334/2024-2025/139139-Street lights","Jharkhand","BOKARO(DEPUTY COMMISSIONER BOKARO_IDA)","Shri Chandra Prakash Choudhary","GIRIDIH","installation of solar street light near pustakalay kumhartola in bagda","06-Sep-2024","22000","15-Oct-2024"
"1818","Normal/Others","WS/MP334/2024-2025/139140-Street lights","Jharkhand","BOKARO(DEPUTY COMMISSIONER BOKARO_IDA)","Shri Chandra Prakash Choudhary","GIRIDIH","installation of solar street light near mohammed kalim house in bagda","06-Sep-2024","22000","15-Oct-2024"
"1819","Normal/Others","WS/MP334/2024-2025/139141-Street lights","Jharkhand","BOKARO(DEPUTY COMMISSIONER BOKARO_IDA)","Shri Chandra Prakash Choudhary","GIRIDIH","installation of solar street light near anaiya shiv mandir in bagda","06-Sep-2024","22000","15-Oct-2024"
"1820","Normal/Others","WS/MP334/2024-2025/139142-Street lights","Jharkhand","BOKARO(DEPUTY COMMISSIONER BOKARO_IDA)","Shri Chandra Prakash Choudhary","GIRIDIH","installation of solar street light near mungo dasrath mahto house in bagda","06-Sep-2024","22000","15-Oct-2024"
"1821","Normal/Others","WS/MP334/2024-2025/139160-Street lights","Jharkhand","BOKARO(DEPUTY COMMISSIONER BOKARO_IDA)","Shri Chandra Prakash Choudhary","GIRIDIH","installation of solar street light near bhawanipur mukesh mahto house in bagda","06-Sep-2024","22000","15-Oct-2024"
"1822","Normal/Others","WS/MP334/2024-2025/139161-Street lights","Jharkhand","BOKARO(DEPUTY COMMISSIONER BOKARO_IDA)","Shri Chandra Prakash Choudhary","GIRIDIH","installation of solar street light near deosharan mahto huse in lodhkiyari in bagda","06-Sep-2024","22000","15-Oct-2024"
"1823","Normal/Others","WS/MP334/2024-2025/139162-Street lights","Jharkhand","BOKARO(DEPUTY COMMISSIONER BOKARO_IDA)","Shri Chandra Prakash Choudhary","GIRIDIH","installation of solar street light near prafful mahtoi in lodhkiyari in bagda","06-Sep-2024","22000","15-Oct-2024"
"1824","Normal/Others","WS/MP334/2024-2025/139163-Street lights","Jharkhand","BOKARO(DEPUTY COMMISSIONER BOKARO_IDA)","Shri Chandra Prakash Choudhary","GIRIDIH","installation of solar street light near sushil mahto house in raghunathpur in bagda","06-Sep-2024","22000","15-Oct-2024"
"1825","Normal/Others","WS/MP334/2024-2025/139164-Street lights","Jharkhand","BOKARO(DEPUTY COMMISSIONER BOKARO_IDA)","Shri Chandra Prakash Choudhary","GIRIDIH","installation of solar street light near bhawanipur bargad ped in bagda","06-Sep-2024","22000","15-Oct-2024"
"1826","Normal/Others","WS/MP334/2024-2025/139165-Street lights","Jharkhand","BOKARO(DEPUTY COMMISSIONER BOKARO_IDA)","Shri Chandra Prakash Choudhary","GIRIDIH","installation of solar street light near karmali tola of raghunathpur in bagda","06-Sep-2024","22000","15-Oct-2024"
"1827","Normal/Others","WS/MP334/2024-2025/139166-Street lights","Jharkhand","BOKARO(DEPUTY COMMISSIONER BOKARO_IDA)","Shri Chandra Prakash Choudhary","GIRIDIH","installation of solar street light near bikram singh house in bagda","06-Sep-2024","22000","15-Oct-2024"
"1828","Normal/Others","WS/MP334/2024-2025/139167-Street lights","Jharkhand","BOKARO(DEPUTY COMMISSIONER BOKARO_IDA)","Shri Chandra Prakash Choudhary","GIRIDIH","installation of solar street light near pakribandh chouraha in bagda","06-Sep-2024","22000","15-Oct-2024"
"1829","Normal/Others","WS/MP334/2024-2025/139168-Street lights","Jharkhand","BOKARO(DEPUTY COMMISSIONER BOKARO_IDA)","Shri Chandra Prakash Choudhary","GIRIDIH","installation of solar street light near gujar mod in bagda","06-Sep-2024","22000","15-Oct-2024"
"1830","Normal/Others","WS/MP716/2024-2025/139170-Construction of roads, link roads, pathways or any other road with or without drainage system","Punjab","MANSA(DEPUTY COMMISSIONER MANSA_IDA)","Smt Harsimrat Kaur Badal","BHATINDA","Construction of Interlock Street & Both Side Drains House from Visakha Singh s/o Mukhtiyar Singh to Bhola Singh s/o Jora Singh House","05-Sep-2024","73371","17-Sep-2024"
"1831","Normal/Others","WS/MP716/2024-2025/139171-Construction of roads, link roads, pathways or any other road with or without drainage system","Punjab","MANSA(DEPUTY COMMISSIONER MANSA_IDA)","Smt Harsimrat Kaur Badal","BHATINDA","Construction of Interlock Street & Both Side Drains House From Gurnam singh s/o bhag singh to gurjant singh s/o Mukhtiyar Singh House","05-Sep-2024","350000","17-Sep-2024"
"1832","Normal/Others","WS/MP716/2024-2025/139172-Construction of roads, link roads, pathways or any other road with or without drainage system","Punjab","MANSA(DEPUTY COMMISSIONER MANSA_IDA)","Smt Harsimrat Kaur Badal","BHATINDA","Construcitoin of Interlock Street & Both Side Drains Guru Ghar to Chamkor Singh s/o Karnail Singh House","05-Sep-2024","479391","17-Sep-2024"
"1833","Normal/Others","WS/MP716/2024-2025/139173-Construction of roads, link roads, pathways or any other road with or without drainage system","Punjab","MANSA(DEPUTY COMMISSIONER MANSA_IDA)","Smt Harsimrat Kaur Badal","BHATINDA","Construction of Interlock Street & Both Side Drains House form Avtar Singh s/o Lakha Singh to Kewal Singh House","05-Sep-2024","117899","17-Sep-2024"
"1834","Normal/Others","WS/MP18236/2024-2025/139174-Lighting of public spaces","Uttar Pradesh","CHANDAULI(DISTRICT MAGISTRATE CHANDAULI_IDA)","CHHOTELAL","ROBERTSGANJ(SC)","Installation of semi high mast light at village Chaumuhani/Trimuhani in the middle of village Deori  Block Naugarh","05-Sep-2024","243756","02-Dec-2024"
"1835","Normal/Others","WS/MP18236/2024-2025/139175-Lighting of public spaces","Uttar Pradesh","CHANDAULI(DISTRICT MAGISTRATE CHANDAULI_IDA)","CHHOTELAL","ROBERTSGANJ(SC)","Installation of semi high mast light at village Chaumuhani in the middle of village Barbaspur  Block Naugarh","05-Sep-2024","243756","02-Dec-2024"
"1836","Normal/Others","WS/MP18236/2024-2025/139176-Lighting of public spaces","Uttar Pradesh","CHANDAULI(DISTRICT MAGISTRATE CHANDAULI_IDA)","CHHOTELAL","ROBERTSGANJ(SC)","Installation of semi high mast light on the roadside near village Naugarh Baghi Ambedkarji  Block Naugarh","05-Sep-2024","243756","02-Dec-2024"
"1837","Normal/Others","WS/MP18236/2024-2025/139178-Lighting of public spaces","Uttar Pradesh","CHANDAULI(DISTRICT MAGISTRATE CHANDAULI_IDA)","CHHOTELAL","ROBERTSGANJ(SC)","Installation of semi high mast light on the road near the house of Ramchandra son of late Bechu of village Nonavat  Block Naugarh","05-Sep-2024","243756","02-Dec-2024"
"1838","Normal/Others","WS/MP334/2024-2025/139180-Street lights","Jharkhand","BOKARO(DEPUTY COMMISSIONER BOKARO_IDA)","Shri Chandra Prakash Choudhary","GIRIDIH","installation of solar street light near lalkishore mahto house in taangtona","06-Sep-2024","22000","15-Oct-2024"
"1839","Normal/Others","WS/MP334/2024-2025/139181-Street lights","Jharkhand","BOKARO(DEPUTY COMMISSIONER BOKARO_IDA)","Shri Chandra Prakash Choudhary","GIRIDIH","installation of solar street light near laxman mahto house nawadih in tangtona.","06-Sep-2024","22000","15-Oct-2024"
"1840","Normal/Others","WS/MP334/2024-2025/139182-Street lights","Jharkhand","BOKARO(DEPUTY COMMISSIONER BOKARO_IDA)","Shri Chandra Prakash Choudhary","GIRIDIH","installation of solar street light near hari mandir nawadih tangtona","06-Sep-2024","22000","15-Oct-2024"
"1841","Normal/Others","WS/MP334/2024-2025/139183-Street lights","Jharkhand","BOKARO(DEPUTY COMMISSIONER BOKARO_IDA)","Shri Chandra Prakash Choudhary","GIRIDIH","installation of solar street light near chandramohan mahto house neechetola tangtona.","06-Sep-2024","22000","15-Oct-2024"
"1842","Normal/Others","WS/MP334/2024-2025/139184-Street lights","Jharkhand","BOKARO(DEPUTY COMMISSIONER BOKARO_IDA)","Shri Chandra Prakash Choudhary","GIRIDIH","installation of solar street light near dasrath mahto house in tangtona.","06-Sep-2024","22000","14-Oct-2024"
"1843","Normal/Others","WS/MP334/2024-2025/139185-Street lights","Jharkhand","BOKARO(DEPUTY COMMISSIONER BOKARO_IDA)","Shri Chandra Prakash Choudhary","GIRIDIH","installation of solar street light near kapileshwar mahto house postoffice in tangtona","06-Sep-2024","22000","14-Oct-2024"
"1844","Normal/Others","WS/MP334/2024-2025/139186-Street lights","Jharkhand","BOKARO(DEPUTY COMMISSIONER BOKARO_IDA)","Shri Chandra Prakash Choudhary","GIRIDIH","installation of solar street light near ashok singh forest office in tangtona.","06-Sep-2024","22000","14-Oct-2024"
"1845","Normal/Others","WS/MP334/2024-2025/139187-Street lights","Jharkhand","BOKARO(DEPUTY COMMISSIONER BOKARO_IDA)","Shri Chandra Prakash Choudhary","GIRIDIH","installation of solar street light near amulya mahto house in tangtona.","06-Sep-2024","22000","14-Oct-2024"
"1846","Normal/Others","WS/MP334/2024-2025/139188-Street lights","Jharkhand","BOKARO(DEPUTY COMMISSIONER BOKARO_IDA)","Shri Chandra Prakash Choudhary","GIRIDIH","installation of solar street light near hari mandir teliyadih in tangtona.","06-Sep-2024","22000","14-Oct-2024"
"1847","Normal/Others","WS/MP334/2024-2025/139189-Street lights","Jharkhand","BOKARO(DEPUTY COMMISSIONER BOKARO_IDA)","Shri Chandra Prakash Choudhary","GIRIDIH","installation of solar street light near bajrang bali mandir teliyadih in tangtona.","06-Sep-2024","22000","14-Oct-2024"
"1848","Normal/Others","WS/MP18173/2024-2025/139190-Construction of roads, link roads, pathways or any other road with or without drainage system","Tamil Nadu","Viluppuram(DISTRICT COLLECTOR VILLUPURAM_IDA)","THARANIVENTHAN M S","ARANI","Providing CC Pavement at Koralur village perumal koil street at Tennalapakkam panchayat","05-Sep-2024","999000","24-Sep-2024"
"1849","Normal/Others","WS/MP18173/2024-2025/139191-Construction of roads, link roads, pathways or any other road with or without drainage system","Tamil Nadu","Viluppuram(DISTRICT COLLECTOR VILLUPURAM_IDA)","THARANIVENTHAN M S","ARANI","Providing CC paver blocks at Kulakarai pathai at Taludali panchayat","05-Sep-2024","999800","18-Oct-2024"
"1850","Normal/Others","WS/MP18173/2024-2025/139192-Construction of Government office buildings (Post office, Police station, Police chauki, etc.)","Tamil Nadu","Viluppuram(DISTRICT COLLECTOR VILLUPURAM_IDA)","THARANIVENTHAN M S","ARANI","Construction of V.A.O Office building in Perumbugai Panchayat","05-Sep-2024","999121","18-Oct-2024"
"1851","Normal/Others","WS/MP18173/2024-2025/139193-Construction of buildings for community cultural activities","Tamil Nadu","Viluppuram(DISTRICT COLLECTOR VILLUPURAM_IDA)","THARANIVENTHAN M S","ARANI","Construction of Drama Stage in Perumbugai Panchayat","05-Sep-2024","999362","18-Oct-2024"
"1852","Normal/Others","WS/MP18173/2024-2025/139194-Construction of roads, link roads, pathways or any other road with or without drainage system","Tamil Nadu","Viluppuram(DISTRICT COLLECTOR VILLUPURAM_IDA)","THARANIVENTHAN M S","ARANI","Providing Cement Concrete Pavement at Madha Koil Street at Nagathur Panchayat","05-Sep-2024","999231","18-Oct-2024"
"1853","Normal/Others","WS/MP18173/2024-2025/139195-Construction of buildings for community cultural activities","Tamil Nadu","Viluppuram(DISTRICT COLLECTOR VILLUPURAM_IDA)","THARANIVENTHAN M S","ARANI","Construction of Drama Stage at Kilkaranai Village in Purangarai Panchayat","05-Sep-2024","699835","10-Oct-2024"
"1854","Normal/Others","WS/MP18173/2024-2025/139196-Construction of roads, link roads, pathways or any other road with or without drainage system","Tamil Nadu","Viluppuram(DISTRICT COLLECTOR VILLUPURAM_IDA)","THARANIVENTHAN M S","ARANI","Providing Cement Concrete Pavement at ADC Mariyamman Koil Street at Purangarai Panchayat","05-Sep-2024","349865","10-Oct-2024"
"1855","Normal/Others","WS/MP18173/2024-2025/139197-Providing drains and gutters for public drainage","Tamil Nadu","TIRUVANNAMALAI(DISTRICT COLLECTOR TIRUVANNAMALAI_IDA)","THARANIVENTHAN M S","ARANI","Providing Side Drainage in Ward No.9 at Arani Municipality","05-Sep-2024","998988","24-Jan-2025"
"1856","Normal/Others","WS/MP18173/2025-2026/139198-Construction of roads, link roads, pathways or any other road with or without drainage system","Tamil Nadu","TIRUVANNAMALAI(DISTRICT COLLECTOR TIRUVANNAMALAI_IDA)","THARANIVENTHAN M S","ARANI","Providing Cement Concrete Pavement in Koneri Street at Cheyyar Municipality","05-Sep-2024","600000","31-Jul-2025"
"1857","Normal/Others","WS/MP18173/2025-2026/139199-Construction of roads, link roads, pathways or any other road with or without drainage system","Tamil Nadu","TIRUVANNAMALAI(DISTRICT COLLECTOR TIRUVANNAMALAI_IDA)","THARANIVENTHAN M S","ARANI","Providig CC Pavement at Abirami Ramanathan hospital near nara street at vandavasi municipality","05-Sep-2024","150000","11-Jul-2025"
"1858","Normal/Others","WS/MP18173/2025-2026/139200-Construction of community centers and community halls","Tamil Nadu","TIRUVANNAMALAI(DISTRICT COLLECTOR TIRUVANNAMALAI_IDA)","THARANIVENTHAN M S","ARANI","Construction Threshing Floor in Vaduvankudisai at Peranamallur Municipality","05-Sep-2024","500000","18-Aug-2025"
"1859","Normal/Others","WS/MP18173/2025-2026/139201-Construction of bus-sheds or bus-stops","Tamil Nadu","TIRUVANNAMALAI(DISTRICT COLLECTOR TIRUVANNAMALAI_IDA)","THARANIVENTHAN M S","ARANI","Construction of Bus Shelter in ST Kudieruppu at Desur Municipality","05-Sep-2024","500000","30-Jan-2026"
"1860","Normal/Others","WS/MP18173/2024-2025/139202-Purchase of vehicle for mobile dispensaries (Four, three and two wheelers)","Tamil Nadu","TIRUVANNAMALAI(DISTRICT COLLECTOR TIRUVANNAMALAI_IDA)","THARANIVENTHAN M S","ARANI","Purchase of Three wheeler at Disabled person","05-Sep-2024","456670","28-Mar-2025"
"1861","Normal/Others","WS/MP334/2024-2025/139203-Street lights","Jharkhand","BOKARO(DEPUTY COMMISSIONER BOKARO_IDA)","Shri Chandra Prakash Choudhary","GIRIDIH","installation of solar street light near jitendra mahto house churin gadha tangtona","06-Sep-2024","22000","14-Oct-2024"
"1862","Normal/Others","WS/MP334/2024-2025/139204-Street lights","Jharkhand","BOKARO(DEPUTY COMMISSIONER BOKARO_IDA)","Shri Chandra Prakash Choudhary","GIRIDIH","installation of solar street light near murlidhar mahto house tangtona.","06-Sep-2024","22000","14-Oct-2024"
"1863","Normal/Others","WS/MP334/2024-2025/139205-Street lights","Jharkhand","BOKARO(DEPUTY COMMISSIONER BOKARO_IDA)","Shri Chandra Prakash Choudhary","GIRIDIH","installation of solar street light near devendra mahto house tangtona.","06-Sep-2024","22000","14-Oct-2024"
"1864","Normal/Others","WS/MP334/2024-2025/139206-Street lights","Jharkhand","BOKARO(DEPUTY COMMISSIONER BOKARO_IDA)","Shri Chandra Prakash Choudhary","GIRIDIH","installation of solar street light near balram mahto house tangtona","06-Sep-2024","22000","14-Oct-2024"
"1865","Normal/Others","WS/MP334/2024-2025/139207-Street lights","Jharkhand","BOKARO(DEPUTY COMMISSIONER BOKARO_IDA)","Shri Chandra Prakash Choudhary","GIRIDIH","installation of solar street light near arun turi house tangtona.","06-Sep-2024","22000","14-Oct-2024"
"1866","Normal/Others","WS/MP334/2024-2025/139212-Street lights","Jharkhand","BOKARO(DEPUTY COMMISSIONER BOKARO_IDA)","Shri Chandra Prakash Choudhary","GIRIDIH","installation of solar street light near kirani karmali house tangtona","06-Sep-2024","22000","14-Oct-2024"
"1867","Normal/Others","WS/MP334/2024-2025/139213-Street lights","Jharkhand","BOKARO(DEPUTY COMMISSIONER BOKARO_IDA)","Shri Chandra Prakash Choudhary","GIRIDIH","installation of solar street light near shiv mandir tangtona.","06-Sep-2024","22000","14-Oct-2024"
"1868","Normal/Others","WS/MP334/2024-2025/139214-Street lights","Jharkhand","BOKARO(DEPUTY COMMISSIONER BOKARO_IDA)","Shri Chandra Prakash Choudhary","GIRIDIH","installation of solar street light near tarkeshwar prasad manjura house pagartand in tangtona.","06-Sep-2024","22000","14-Oct-2024"
"1869","Normal/Others","WS/MP334/2024-2025/139215-Street lights","Jharkhand","BOKARO(DEPUTY COMMISSIONER BOKARO_IDA)","Shri Chandra Prakash Choudhary","GIRIDIH","installation of solar street light near ravindra kumar pandey house singhpur pandeytola tangtona.","06-Sep-2024","22000","14-Oct-2024"
"1870","Normal/Others","WS/MP334/2024-2025/139216-Street lights","Jharkhand","BOKARO(DEPUTY COMMISSIONER BOKARO_IDA)","Shri Chandra Prakash Choudhary","GIRIDIH","installation of solar street light near kapileshwar mahto house jehratand in tangtona.","06-Sep-2024","22000","14-Oct-2024"
"1871","Normal/Others","WS/MP334/2024-2025/139222-Street lights","Jharkhand","BOKARO(DEPUTY COMMISSIONER BOKARO_IDA)","Shri Chandra Prakash Choudhary","GIRIDIH","installation of solar street light near athwa mahto house jolha kanari nawadih in tangtona","06-Sep-2024","22000","14-Oct-2024"
"1872","Normal/Others","WS/MP334/2024-2025/139223-Street lights","Jharkhand","BOKARO(DEPUTY COMMISSIONER BOKARO_IDA)","Shri Chandra Prakash Choudhary","GIRIDIH","installation of solar street light near lalu mahto house nps nawadih in tangtona.","06-Sep-2024","22000","14-Oct-2024"
"1873","Normal/Others","WS/MP334/2024-2025/139224-Street lights","Jharkhand","BOKARO(DEPUTY COMMISSIONER BOKARO_IDA)","Shri Chandra Prakash Choudhary","GIRIDIH","installation of solar street light near jaynandan mahto naya ghar in tangtona.","06-Sep-2024","22000","14-Oct-2024"
"1874","Normal/Others","WS/MP334/2024-2025/139225-Street lights","Jharkhand","BOKARO(DEPUTY COMMISSIONER BOKARO_IDA)","Shri Chandra Prakash Choudhary","GIRIDIH","installation of solar street light near binod mahto house tangtona","06-Sep-2024","22000","14-Oct-2024"
"1875","Normal/Others","WS/MP334/2024-2025/139229-Street lights","Jharkhand","BOKARO(DEPUTY COMMISSIONER BOKARO_IDA)","Shri Chandra Prakash Choudhary","GIRIDIH","installation of solar street light near ishwarchandra house main road telmunga in garri","06-Sep-2024","22000","14-Oct-2024"
"1876","Normal/Others","WS/MP334/2024-2025/139230-Street lights","Jharkhand","BOKARO(DEPUTY COMMISSIONER BOKARO_IDA)","Shri Chandra Prakash Choudhary","GIRIDIH","installation of solar street light near prem kapardar house kabristan telmunga in garri","06-Sep-2024","22000","14-Oct-2024"
"1877","Normal/Others","WS/MP334/2024-2025/139231-Street lights","Jharkhand","BOKARO(DEPUTY COMMISSIONER BOKARO_IDA)","Shri Chandra Prakash Choudhary","GIRIDIH","installation of solar street light near kasmar community centre quater in garri","06-Sep-2024","22000","14-Oct-2024"
"1878","Normal/Others","WS/MP334/2024-2025/139232-Street lights","Jharkhand","BOKARO(DEPUTY COMMISSIONER BOKARO_IDA)","Shri Chandra Prakash Choudhary","GIRIDIH","installation of solar street light near karmali tola neem ped in garri.","06-Sep-2024","22000","14-Oct-2024"
"1879","Normal/Others","WS/MP334/2024-2025/139233-Street lights","Jharkhand","BOKARO(DEPUTY COMMISSIONER BOKARO_IDA)","Shri Chandra Prakash Choudhary","GIRIDIH","installation of solar street light near goswami tent house main road in telmunga in garri.","06-Sep-2024","22000","14-Oct-2024"
"1880","Normal/Others","WS/MP423/2024-2025/139234-Construction of roads, link roads, pathways or any other road with or without drainage system","West Bengal","South 24 Parganas(DISTRICT MAGISTRATE SOUTH TWENTY FOUR PARGANAS_IDA)","Shri Abhishek Banerjee","DIAMOND HARBOUR","Construction of CC Road from H/O Arun Shaw to H/O Sarvan Shaw via Shankar Dhanuk Gally, T.G Road. (215 mtr)","05-Sep-2024","499946","09-Dec-2024"
"1881","Normal/Others","WS/MP423/2024-2025/139235-Construction of roads, link roads, pathways or any other road with or without drainage system","West Bengal","South 24 Parganas(DISTRICT MAGISTRATE SOUTH TWENTY FOUR PARGANAS_IDA)","Shri Abhishek Banerjee","DIAMOND HARBOUR","Construction of CC Road from H/O Mojammal to H/O Hakim Molla via H/O Kalam to H/O Sekh Hablu at Haldar Para. (120 mtr)","05-Sep-2024","499989","09-Dec-2024"
"1882","Normal/Others","WS/MP423/2024-2025/139236-Construction of roads, link roads, pathways or any other road with or without drainage system","West Bengal","South 24 Parganas(DISTRICT MAGISTRATE SOUTH TWENTY FOUR PARGANAS_IDA)","Shri Abhishek Banerjee","DIAMOND HARBOUR","Construction of CC Road with Pilling from H/O Nirmal Nayek to H/O Ram Dayal Shaw at Subhas Pally. (55 mtr)","05-Sep-2024","399997","09-Dec-2024"
"1883","Normal/Others","WS/MP423/2025-2026/139237-Purchase of ambulances (Four, three and two wheelers)","West Bengal","South 24 Parganas(DISTRICT MAGISTRATE SOUTH TWENTY FOUR PARGANAS_IDA)","Shri Abhishek Banerjee","DIAMOND HARBOUR","Ambulance is required for the Gulzarbagh Nizamnagar surrounding area.","05-Sep-2024","900000","25-Sep-2025"
"1884","Normal/Others","WS/MP423/2024-2025/139238-Construction of roads, link roads, pathways or any other road with or without drainage system","West Bengal","South 24 Parganas(DISTRICT MAGISTRATE SOUTH TWENTY FOUR PARGANAS_IDA)","Shri Abhishek Banerjee","DIAMOND HARBOUR","Construction of CC Road with Cover Drain from Lotus Club to H/O SK Najrul via H/O Sk Bhola. (177 mtr)","05-Sep-2024","499943","09-Dec-2024"
"1885","Normal/Others","WS/MP423/2024-2025/139239-Construction of roads, link roads, pathways or any other road with or without drainage system","West Bengal","South 24 Parganas(DISTRICT MAGISTRATE SOUTH TWENTY FOUR PARGANAS_IDA)","Shri Abhishek Banerjee","DIAMOND HARBOUR","Construction of CC Road from H/O Nurb Islam Gazi to H/O Jabirullah Laskar via H/O Sk Baharul. (153 mtr)","05-Sep-2024","499938","09-Dec-2024"
"1886","Normal/Others","WS/MP423/2024-2025/139240-Construction of roads, link roads, pathways or any other road with or without drainage system","West Bengal","South 24 Parganas(DISTRICT MAGISTRATE SOUTH TWENTY FOUR PARGANAS_IDA)","Shri Abhishek Banerjee","DIAMOND HARBOUR","Construction of CC Road from H/O Raju Mahato to H/O Sanjib Bachhar at Natun  Pole. (311.45 mtr)","05-Sep-2024","499939","09-Dec-2024"
"1887","Normal/Others","WS/MP423/2024-2025/139241-Construction of roads, link roads, pathways or any other road with or without drainage system","West Bengal","South 24 Parganas(DISTRICT MAGISTRATE SOUTH TWENTY FOUR PARGANAS_IDA)","Shri Abhishek Banerjee","DIAMOND HARBOUR","Construction of CC Road from Loknath Medical Hall to H/O Chandan Ghosh at Bidhangarh. (150 mtr)","05-Sep-2024","499937","09-Dec-2024"
"1888","Normal/Others","WS/MP423/2024-2025/139242-Construction of roads, link roads, pathways or any other road with or without drainage system","West Bengal","South 24 Parganas(DISTRICT MAGISTRATE SOUTH TWENTY FOUR PARGANAS_IDA)","Shri Abhishek Banerjee","DIAMOND HARBOUR","Construction of CC Road from H/O Ranadeb Mitra to H/O Shankar Dutta at Kalinagar. (187 mtr)","05-Sep-2024","599965","09-Dec-2024"
"1889","Normal/Others","WS/MP423/2024-2025/139243-Providing drains and gutters for public drainage","West Bengal","KOLKATA(COMMISSIONER KOLKATA MUNICIPAL CORPORATION_IDA)","Shri Abhishek Banerjee","DIAMOND HARBOUR","Development of Drainage System by laying SW Pipe, Near Holding No. R-129, R-35 at Masjid Talab Lane under Ward no-137","05-Sep-2024","477779","30-Jan-2025"
"1890","Normal/Others","WS/MP423/2024-2025/139244-Construction of roads, link roads, pathways or any other road with or without drainage system","West Bengal","KOLKATA(COMMISSIONER KOLKATA MUNICIPAL CORPORATION_IDA)","Shri Abhishek Banerjee","DIAMOND HARBOUR","Construction of CC Road with Drain from Holding No. T-119 to T-121 Marry Road. (50 mtr)","05-Sep-2024","249974","29-Nov-2024"
"1891","Normal/Others","WS/MP423/2024-2025/139245-Construction of roads, link roads, pathways or any other road with or without drainage system","West Bengal","KOLKATA(COMMISSIONER KOLKATA MUNICIPAL CORPORATION_IDA)","Shri Abhishek Banerjee","DIAMOND HARBOUR","Construction of CC Road with Drain from Holding No. Y-82 toY-86 Madarsaheb Ground Road. (40 mtr)","05-Sep-2024","249997","29-Nov-2024"
"1892","Normal/Others","NA-Construction of roads, link roads, pathways or any other road with or without drainage system","West Bengal","KOLKATA(COMMISSIONER KOLKATA MUNICIPAL CORPORATION_IDA)","Shri Abhishek Banerjee","DIAMOND HARBOUR","Construction Of CC Road with Drain from H/O Julfikar Halder to H/O Chotu Halder at Haziratan. (40mtr)","05-Sep-2024","500000","NA"
"1893","Normal/Others","NA-Construction of roads, link roads, pathways or any other road with or without drainage system","West Bengal","KOLKATA(COMMISSIONER KOLKATA MUNICIPAL CORPORATION_IDA)","Shri Abhishek Banerjee","DIAMOND HARBOUR","Construction of CC Road with Drain Holding No. Z-3/238/123 to  Z-3/238/125 Bagdi Para Road. (150 mtr)","05-Sep-2024","500000","NA"
"1894","Normal/Others","WS/MP334/2024-2025/139251-Street lights","Jharkhand","BOKARO(DEPUTY COMMISSIONER BOKARO_IDA)","Shri Chandra Prakash Choudhary","GIRIDIH","installation of solar street light near sanjay kapardar niche rajwar tola house in garri","06-Sep-2024","22000","14-Oct-2024"
"1895","Normal/Others","WS/MP334/2024-2025/139252-Street lights","Jharkhand","BOKARO(DEPUTY COMMISSIONER BOKARO_IDA)","Shri Chandra Prakash Choudhary","GIRIDIH","installation of solar street light near bajrang bali mandir niche rajwar tola in garri.","06-Sep-2024","22000","14-Oct-2024"
"1896","Normal/Others","WS/MP334/2024-2025/139253-Street lights","Jharkhand","BOKARO(DEPUTY COMMISSIONER BOKARO_IDA)","Shri Chandra Prakash Choudhary","GIRIDIH","installation of solar street light near community bathroom school in garri.","06-Sep-2024","22000","14-Oct-2024"
"1897","Normal/Others","WS/MP334/2024-2025/139254-Street lights","Jharkhand","BOKARO(DEPUTY COMMISSIONER BOKARO_IDA)","Shri Chandra Prakash Choudhary","GIRIDIH","installation of solar street light near jagdish hajam house in garri.","06-Sep-2024","22000","14-Oct-2024"
"1898","Normal/Others","WS/MP334/2024-2025/139255-Street lights","Jharkhand","BOKARO(DEPUTY COMMISSIONER BOKARO_IDA)","Shri Chandra Prakash Choudhary","GIRIDIH","installation of solar street light near arup mukherjee house in dhadhkiya mod in ponda panchayat","06-Sep-2024","22000","14-Oct-2024"
"1899","Normal/Others","WS/MP18236/2024-2025/139256-Construction of roads, link roads, pathways or any other road with or without drainage system","Uttar Pradesh","CHANDAULI(DISTRICT MAGISTRATE CHANDAULI_IDA)","CHHOTELAL","ROBERTSGANJ(SC)","Interlocking work from culvert to Harijan Basti Trimuhani in Parasnath field in village Padhauti Block Naugarh","06-Sep-2024","400000","02-Dec-2024"
"1900","Normal/Others","WS/MP18236/2024-2025/139257-Construction of common work sheds/ common covered sitting area","Uttar Pradesh","CHANDAULI(DISTRICT MAGISTRATE CHANDAULI_IDA)","CHHOTELAL","ROBERTSGANJ(SC)","Construction of platform and roof at public place near Shiv Mandir in village Magrahi (12 x 12 feet length and width) Block Naugarh","06-Sep-2024","400000","02-Dec-2024"
"1901","Normal/Others","WS/MP18236/2024-2025/139258-Construction of roads, link roads, pathways or any other road with or without drainage system","Uttar Pradesh","CHANDAULI(DISTRICT MAGISTRATE CHANDAULI_IDA)","CHHOTELAL","ROBERTSGANJ(SC)","Interlocking work from Primary School to Gorakhnath's house in village Amadha Charanpur Block Naugarh","06-Sep-2024","900000","02-Dec-2024"
"1902","Normal/Others","WS/MP18236/2024-2025/139259-Construction of roads, link roads, pathways or any other road with or without drainage system","Uttar Pradesh","CHANDAULI(DISTRICT MAGISTRATE CHANDAULI_IDA)","CHHOTELAL","ROBERTSGANJ(SC)","Interlocking work from paved road to Anganwadi II in village Bishesarpur Block Naugarh","06-Sep-2024","450000","02-Dec-2024"
"1903","Normal/Others","WS/MP334/2024-2025/139261-Street lights","Jharkhand","BOKARO(DEPUTY COMMISSIONER BOKARO_IDA)","Shri Chandra Prakash Choudhary","GIRIDIH","installation of solar street light near durga prasad prajapati house main road telmunga in garri.","06-Sep-2024","22000","14-Oct-2024"
"1904","Normal/Others","WS/MP334/2024-2025/139262-Street lights","Jharkhand","BOKARO(DEPUTY COMMISSIONER BOKARO_IDA)","Shri Chandra Prakash Choudhary","GIRIDIH","installation of solar street light near kamal kishore kapardar house in garri","06-Sep-2024","22000","14-Oct-2024"
"1905","Normal/Others","WS/MP334/2024-2025/139263-Street lights","Jharkhand","BOKARO(DEPUTY COMMISSIONER BOKARO_IDA)","Shri Chandra Prakash Choudhary","GIRIDIH","installation of solar street light near telmunga ghasi tola akhara in garri.","06-Sep-2024","22000","14-Oct-2024"
"1906","Normal/Others","WS/MP334/2024-2025/139264-Street lights","Jharkhand","BOKARO(DEPUTY COMMISSIONER BOKARO_IDA)","Shri Chandra Prakash Choudhary","GIRIDIH","installation of solar street light near telmunga ghasi niche tola in garri","06-Sep-2024","22000","14-Oct-2024"
"1907","Normal/Others","WS/MP18236/2024-2025/139266-Lighting of public spaces","Uttar Pradesh","CHANDAULI(DISTRICT MAGISTRATE CHANDAULI_IDA)","CHHOTELAL","ROBERTSGANJ(SC)","Installation of high mast light at a public place near Kali Mata Temple, Chakia","06-Sep-2024","677108","02-Dec-2024"
"1908","Normal/Others","WS/MP18236/2024-2025/139267-Lighting of public spaces","Uttar Pradesh","CHANDAULI(DISTRICT MAGISTRATE CHANDAULI_IDA)","CHHOTELAL","ROBERTSGANJ(SC)","Installation of high mast light at a public place near Jageshwarnath Dham in village Hetimpur Block Chakia","06-Sep-2024","677108","02-Dec-2024"
"1909","Normal/Others","WS/MP18108/2024-2025/139268-Construction of bus-sheds or bus-stops","Madhya Pradesh","SAGAR(DISTRICT COLLECTOR SAGAR_IDA)","DR. LATA WANKHEDE","SAGAR","Construction of pre fabricated bus-sheds model 3 with 2 solar light 1-madkhera Rangir gate me, Sironja Makroniya Sadak Marg par, 2-Civil Lines Marg par Chavani Barrier ke pass, 3-Central Jail ke samne, 4-Makroniya -Narshingpur Road par","05-Sep-2024","1299710","04-Oct-2024"
"1910","Normal/Others","WS/MP18095/2025-2026/139275-Lighting of public spaces","Kerala","ALAPPUZHA(DISTRICT COLLECTOR ALAPPUZHA_IDA)","K. C VENUGOPAL","ALAPPUZHA","Installation of a Mini High Mast Light in the eastern part of Odampally Valavu - Veeramangalam Kadavu Road","06-Sep-2024","350000","01-Jan-2026"
"1911","Normal/Others","NA-Lighting of public spaces","Kerala","ALAPPUZHA(DISTRICT COLLECTOR ALAPPUZHA_IDA)","K. C VENUGOPAL","ALAPPUZHA","Installation of a High Mast Light in the northern part of Veeramangalam Junction","06-Sep-2024","500000","NA"
"1912","Normal/Others","WS/MP18095/2025-2026/139279-Purchase of vans and buses for educational institutions","Kerala","ALAPPUZHA(DISTRICT COLLECTOR ALAPPUZHA_IDA)","K. C VENUGOPAL","ALAPPUZHA","Purchase of a bus for Lutheran Mission LPS, Muhamma","06-Sep-2024","1929021","08-Jul-2025"
"1913","Normal/Others","WS/MP18095/2025-2026/139280-Purchase of vans and buses for educational institutions","Kerala","ALAPPUZHA(DISTRICT COLLECTOR ALAPPUZHA_IDA)","K. C VENUGOPAL","ALAPPUZHA","Purchase of a bus for OLFLPS, Vellappally","06-Sep-2024","2222622","06-Oct-2025"
"1914","Normal/Others","WS/MP334/2024-2025/139281-Street lights","Jharkhand","BOKARO(DEPUTY COMMISSIONER BOKARO_IDA)","Shri Chandra Prakash Choudhary","GIRIDIH","installation of solar street light near devi mandir parsatand in hurlung","06-Sep-2024","22000","14-Oct-2024"
"1915","Normal/Others","WS/MP334/2024-2025/139282-Street lights","Jharkhand","BOKARO(DEPUTY COMMISSIONER BOKARO_IDA)","Shri Chandra Prakash Choudhary","GIRIDIH","installation of solar street light near lala tola shiv mandir in hurlung","06-Sep-2024","22000","14-Oct-2024"
"1916","Normal/Others","WS/MP334/2024-2025/139283-Street lights","Jharkhand","BOKARO(DEPUTY COMMISSIONER BOKARO_IDA)","Shri Chandra Prakash Choudhary","GIRIDIH","installation of solar street light near ashok pandey house in hurlung","06-Sep-2024","22000","14-Oct-2024"
"1917","Normal/Others","WS/MP334/2024-2025/139284-Street lights","Jharkhand","BOKARO(DEPUTY COMMISSIONER BOKARO_IDA)","Shri Chandra Prakash Choudhary","GIRIDIH","installation of solar street light near ramchandra sharma clinic in karmatand chowk in hurlung","06-Sep-2024","22000","14-Oct-2024"
"1918","Normal/Others","WS/MP334/2024-2025/139285-Street lights","Jharkhand","BOKARO(DEPUTY COMMISSIONER BOKARO_IDA)","Shri Chandra Prakash Choudhary","GIRIDIH","installation of solar street light near ganesh mahto house in tirhotiya village in hurlung","06-Sep-2024","22000","14-Oct-2024"
"1919","Normal/Others","WS/MP334/2024-2025/139286-Street lights","Jharkhand","BOKARO(DEPUTY COMMISSIONER BOKARO_IDA)","Shri Chandra Prakash Choudhary","GIRIDIH","installation of solar street light near siyari mod in chotki sidhawara.","06-Sep-2024","22000","14-Oct-2024"
"1920","Normal/Others","WS/MP334/2024-2025/139287-Street lights","Jharkhand","BOKARO(DEPUTY COMMISSIONER BOKARO_IDA)","Shri Chandra Prakash Choudhary","GIRIDIH","installation of solar street light near gulabi devi house in rola village of barki sidhabara panchayat.","06-Sep-2024","22000","14-Oct-2024"
"1921","Normal/Others","WS/MP334/2024-2025/139288-Street lights","Jharkhand","BOKARO(DEPUTY COMMISSIONER BOKARO_IDA)","Shri Chandra Prakash Choudhary","GIRIDIH","installation of solar street light near suraj mahto house in barki sidhabara","06-Sep-2024","22000","14-Oct-2024"
"1922","Normal/Others","WS/MP334/2024-2025/139289-Street lights","Jharkhand","BOKARO(DEPUTY COMMISSIONER BOKARO_IDA)","Shri Chandra Prakash Choudhary","GIRIDIH","installation of solar street light near thanu mahto house in khakhando in barki sidhabara","06-Sep-2024","22000","14-Oct-2024"
"1923","Normal/Others","WS/MP334/2024-2025/139290-Street lights","Jharkhand","BOKARO(DEPUTY COMMISSIONER BOKARO_IDA)","Shri Chandra Prakash Choudhary","GIRIDIH","installation of solar street light near bajrangbali mandir in bendi village of barki sidhabara","06-Sep-2024","22000","14-Oct-2024"
"1924","Normal/Others","WS/MP334/2024-2025/139291-Street lights","Jharkhand","BOKARO(DEPUTY COMMISSIONER BOKARO_IDA)","Shri Chandra Prakash Choudhary","GIRIDIH","installation of solar street light near ramdular ravidas house in bhelwapani in karrikhurd","06-Sep-2024","22000","14-Oct-2024"
"1925","Normal/Others","WS/MP334/2024-2025/139292-Street lights","Jharkhand","BOKARO(DEPUTY COMMISSIONER BOKARO_IDA)","Shri Chandra Prakash Choudhary","GIRIDIH","installation of solar street light near durga mandap in karikhurd","06-Sep-2024","22000","14-Oct-2024"
"1926","Normal/Others","WS/MP334/2024-2025/139293-Street lights","Jharkhand","BOKARO(DEPUTY COMMISSIONER BOKARO_IDA)","Shri Chandra Prakash Choudhary","GIRIDIH","installation of solar street light near janki mahto house in karmo village of karri khurd.","06-Sep-2024","22000","14-Oct-2024"
"1927","Normal/Others","WS/MP334/2024-2025/139294-Street lights","Jharkhand","BOKARO(DEPUTY COMMISSIONER BOKARO_IDA)","Shri Chandra Prakash Choudhary","GIRIDIH","installation of solar street light near hanuman mandir in kurknalo of karikhurd","06-Sep-2024","22000","14-Oct-2024"
"1928","Normal/Others","WS/MP334/2024-2025/139295-Street lights","Jharkhand","BOKARO(DEPUTY COMMISSIONER BOKARO_IDA)","Shri Chandra Prakash Choudhary","GIRIDIH","installation of solar street light near masjid of surgi mohalla in lodhi","06-Sep-2024","22000","14-Oct-2024"
"1929","Normal/Others","WS/MP18095/2025-2026/139296-Construction of buildings for crèches and anganwadies","Kerala","ALAPPUZHA(DISTRICT COLLECTOR ALAPPUZHA_IDA)","K. C VENUGOPAL","ALAPPUZHA","Construction of a building for Anganwadi in the 31st ward of Cherthala Municipality","06-Sep-2024","1500000","15-Nov-2025"
"1930","Normal/Others","NA-Construction of buildings for crèches and anganwadies","Kerala","ALAPPUZHA(DISTRICT COLLECTOR ALAPPUZHA_IDA)","K. C VENUGOPAL","ALAPPUZHA","Construction of a building for Anganwadi in ward 16 of alappuzha Municipality","06-Sep-2024","1500000","NA"
"1931","Normal/Others","NA-Construction of buildings for crèches and anganwadies","Kerala","ALAPPUZHA(DISTRICT COLLECTOR ALAPPUZHA_IDA)","K. C VENUGOPAL","ALAPPUZHA","Construction of a building for Anganwadi in the 12th ward of Kayamkulam Municipality","06-Sep-2024","1500000","NA"
"1932","Normal/Others","WS/MP334/2024-2025/139299-Street lights","Jharkhand","BOKARO(DEPUTY COMMISSIONER BOKARO_IDA)","Shri Chandra Prakash Choudhary","GIRIDIH","installation of solar street light near bateshwar saw in kodwa village of lodhi","06-Sep-2024","22000","14-Oct-2024"
"1933","Normal/Others","WS/MP334/2024-2025/139300-Street lights","Jharkhand","BOKARO(DEPUTY COMMISSIONER BOKARO_IDA)","Shri Chandra Prakash Choudhary","GIRIDIH","installation of solar street light near mansa mandir in yadav tola of tisri in lodhi","06-Sep-2024","22000","14-Oct-2024"
"1934","Normal/Others","WS/MP334/2024-2025/139301-Street lights","Jharkhand","BOKARO(DEPUTY COMMISSIONER BOKARO_IDA)","Shri Chandra Prakash Choudhary","GIRIDIH","installation of solar street light near shiv mandir of pejuwa in lodhi","06-Sep-2024","22000","14-Oct-2024"
"1935","Normal/Others","WS/MP334/2024-2025/139302-Street lights","Jharkhand","BOKARO(DEPUTY COMMISSIONER BOKARO_IDA)","Shri Chandra Prakash Choudhary","GIRIDIH","installation of solar street light near manjhidhan puja sthal in dhamdharwa village of siari","06-Sep-2024","22000","14-Oct-2024"
"1936","Normal/Others","WS/MP334/2024-2025/139303-Street lights","Jharkhand","BOKARO(DEPUTY COMMISSIONER BOKARO_IDA)","Shri Chandra Prakash Choudhary","GIRIDIH","installation of solar street light near nav prathmik vidyalay of birhor dera in siari","06-Sep-2024","22000","14-Oct-2024"
"1937","Normal/Others","NA-Construction of buildings for crèches and anganwadies","Kerala","ALAPPUZHA(DISTRICT COLLECTOR ALAPPUZHA_IDA)","K. C VENUGOPAL","ALAPPUZHA","Construction of a building for Anganwadi No.18 in the 1st ward of Devikulangara GP","06-Sep-2024","1500000","NA"
"1938","Normal/Others","NA-Construction of Government office buildings (Post office, Police station, Police chauki, etc.)","Kerala","ALAPPUZHA(DISTRICT COLLECTOR ALAPPUZHA_IDA)","K. C VENUGOPAL","ALAPPUZHA","Construction of a building for Health Sub centre in the 18th ward of Thanneermukkam GP","06-Sep-2024","2000000","NA"
"1939","Normal/Others","WS/MP18095/2025-2026/139306-Purchase of IT systems, including hardware and software for educational purposes","Kerala","ALAPPUZHA(DISTRICT COLLECTOR ALAPPUZHA_IDA)","K. C VENUGOPAL","ALAPPUZHA","Purchase of 16 computers for various schools in Kadakkarappally GP GUPS, Kottaram - 6 Computers Kormassery GLPS - 4 computers Thykkal GLPS - 3 computers East Kottaram GLPS - 3 computers","06-Sep-2024","640000","08-Jul-2025"
"1940","Normal/Others","WS/MP334/2024-2025/139308-Street lights","Jharkhand","BOKARO(DEPUTY COMMISSIONER BOKARO_IDA)","Shri Chandra Prakash Choudhary","GIRIDIH","installation of solar street light near pani tanki in daridag in siari","06-Sep-2024","22000","14-Oct-2024"
"1941","Normal/Others","WS/MP334/2024-2025/139309-Street lights","Jharkhand","BOKARO(DEPUTY COMMISSIONER BOKARO_IDA)","Shri Chandra Prakash Choudhary","GIRIDIH","installation of solar street light near janki mahto house in chotki koyotand in siari","06-Sep-2024","22000","14-Oct-2024"
"1942","Normal/Others","WS/MP334/2024-2025/139310-Street lights","Jharkhand","BOKARO(DEPUTY COMMISSIONER BOKARO_IDA)","Shri Chandra Prakash Choudhary","GIRIDIH","installation of solar street light near masjid main road in chatro chati","06-Sep-2024","22000","14-Oct-2024"
"1943","Normal/Others","WS/MP334/2024-2025/139311-Street lights","Jharkhand","BOKARO(DEPUTY COMMISSIONER BOKARO_IDA)","Shri Chandra Prakash Choudhary","GIRIDIH","installation of solar street light near chatro chati bazaar main chowk","06-Sep-2024","22000","14-Oct-2024"
"1944","Normal/Others","WS/MP334/2024-2025/139312-Street lights","Jharkhand","BOKARO(DEPUTY COMMISSIONER BOKARO_IDA)","Shri Chandra Prakash Choudhary","GIRIDIH","installation of solar street light near shiv mandir of chipri village in chatro chati","06-Sep-2024","22000","14-Oct-2024"
"1945","Normal/Others","WS/MP334/2024-2025/139313-Street lights","Jharkhand","BOKARO(DEPUTY COMMISSIONER BOKARO_IDA)","Shri Chandra Prakash Choudhary","GIRIDIH","installation of solar street light near durgamandap chowk in katwai of chatro chati","06-Sep-2024","22000","14-Oct-2024"
"1946","Normal/Others","WS/MP334/2024-2025/139314-Street lights","Jharkhand","BOKARO(DEPUTY COMMISSIONER BOKARO_IDA)","Shri Chandra Prakash Choudhary","GIRIDIH","installation of solar street light near kashi yadav house in kaswagadh of khamhara","06-Sep-2024","22000","14-Oct-2024"
"1947","Normal/Others","WS/MP334/2024-2025/139315-Street lights","Jharkhand","BOKARO(DEPUTY COMMISSIONER BOKARO_IDA)","Shri Chandra Prakash Choudhary","GIRIDIH","installation of solar street light near baldev thakur house in khamhara","06-Sep-2024","22000","14-Oct-2024"
"1948","Normal/Others","WS/MP334/2024-2025/139316-Street lights","Jharkhand","BOKARO(DEPUTY COMMISSIONER BOKARO_IDA)","Shri Chandra Prakash Choudhary","GIRIDIH","installation of solar street light near budhan manjhi house in shahartola in khamhara","06-Sep-2024","22000","14-Oct-2024"
"1949","Normal/Others","WS/MP334/2024-2025/139317-Street lights","Jharkhand","BOKARO(DEPUTY COMMISSIONER BOKARO_IDA)","Shri Chandra Prakash Choudhary","GIRIDIH","installation of solar street light near gandhouri ram house in karmatanr of khamhara","06-Sep-2024","22000","14-Oct-2024"
"1950","Normal/Others","WS/MP334/2024-2025/139318-Street lights","Jharkhand","BOKARO(DEPUTY COMMISSIONER BOKARO_IDA)","Shri Chandra Prakash Choudhary","GIRIDIH","installation of solar street light near jagannath mahto house in akhada chowk in chute","06-Sep-2024","22000","14-Oct-2024"
"1951","Normal/Others","WS/MP334/2024-2025/139319-Street lights","Jharkhand","BOKARO(DEPUTY COMMISSIONER BOKARO_IDA)","Shri Chandra Prakash Choudhary","GIRIDIH","installation of solar street light near santosh turi house in kharna village in chute","06-Sep-2024","22000","14-Oct-2024"
"1952","Normal/Others","WS/MP334/2024-2025/139320-Street lights","Jharkhand","BOKARO(DEPUTY COMMISSIONER BOKARO_IDA)","Shri Chandra Prakash Choudhary","GIRIDIH","installation of solar street light near suresh karmali house in sewai village of chute","06-Sep-2024","22000","14-Oct-2024"
"1953","Normal/Others","WS/MP334/2024-2025/139321-Street lights","Jharkhand","BOKARO(DEPUTY COMMISSIONER BOKARO_IDA)","Shri Chandra Prakash Choudhary","GIRIDIH","installation of solar street light near birsa turi house in kharna village in chute","06-Sep-2024","22000","14-Oct-2024"
"1954","Normal/Others","WS/MP334/2024-2025/139322-Street lights","Jharkhand","BOKARO(DEPUTY COMMISSIONER BOKARO_IDA)","Shri Chandra Prakash Choudhary","GIRIDIH","installation of solar street light near chailiyatand chowk in barki chidri","06-Sep-2024","22000","14-Oct-2024"
"1955","Normal/Others","WS/MP334/2024-2025/139323-Street lights","Jharkhand","BOKARO(DEPUTY COMMISSIONER BOKARO_IDA)","Shri Chandra Prakash Choudhary","GIRIDIH","installation of solar street light near shiv mandir of chidri village in barki chidri","06-Sep-2024","22000","14-Oct-2024"
"1956","Normal/Others","WS/MP334/2024-2025/139324-Street lights","Jharkhand","BOKARO(DEPUTY COMMISSIONER BOKARO_IDA)","Shri Chandra Prakash Choudhary","GIRIDIH","installation of solar street light near kadhma main chowk in barki chidri","06-Sep-2024","22000","14-Oct-2024"
"1957","Normal/Others","WS/MP334/2024-2025/139325-Street lights","Jharkhand","BOKARO(DEPUTY COMMISSIONER BOKARO_IDA)","Shri Chandra Prakash Choudhary","GIRIDIH","installation of solar street light near bajrang bali mandir in magha village of barki chidri.","06-Sep-2024","22000","14-Oct-2024"
"1958","Normal/Others","WS/MP334/2024-2025/139326-Street lights","Jharkhand","BOKARO(DEPUTY COMMISSIONER BOKARO_IDA)","Shri Chandra Prakash Choudhary","GIRIDIH","installation of solar street light near hanuman mandir in tilaiya village of barki chidri","06-Sep-2024","22000","14-Oct-2024"
"1959","Normal/Others","WS/MP334/2024-2025/139327-Street lights","Jharkhand","BOKARO(DEPUTY COMMISSIONER BOKARO_IDA)","Shri Chandra Prakash Choudhary","GIRIDIH","installation of solar street light near asanbeda chowk in barki chidri","06-Sep-2024","22000","14-Oct-2024"
"1960","Normal/Others","WS/MP334/2024-2025/139328-Street lights","Jharkhand","BOKARO(DEPUTY COMMISSIONER BOKARO_IDA)","Shri Chandra Prakash Choudhary","GIRIDIH","installation of solar street light near community building in sasbeda adarshnagar","06-Sep-2024","22000","14-Oct-2024"
"1961","Normal/Others","WS/MP334/2024-2025/139329-Street lights","Jharkhand","BOKARO(DEPUTY COMMISSIONER BOKARO_IDA)","Shri Chandra Prakash Choudhary","GIRIDIH","installation of solar street light near FCI godam in sasbeda main road in sasbeda purvi","06-Sep-2024","22000","14-Oct-2024"
"1962","Normal/Others","WS/MP334/2024-2025/139330-Street lights","Jharkhand","BOKARO(DEPUTY COMMISSIONER BOKARO_IDA)","Shri Chandra Prakash Choudhary","GIRIDIH","installation of solar street light near sushil ram house in masjid colony in sasbeda east","06-Sep-2024","22000","14-Oct-2024"
"1963","Normal/Others","WS/MP334/2024-2025/139331-Street lights","Jharkhand","BOKARO(DEPUTY COMMISSIONER BOKARO_IDA)","Shri Chandra Prakash Choudhary","GIRIDIH","installation of solar street light near kali mandir in government colony of sasbeda east","06-Sep-2024","22000","14-Oct-2024"
"1964","Normal/Others","WS/MP334/2024-2025/139332-Street lights","Jharkhand","BOKARO(DEPUTY COMMISSIONER BOKARO_IDA)","Shri Chandra Prakash Choudhary","GIRIDIH","installation of solar street light near binod varma house in shiv mandir mohalla in sasbeda west","06-Sep-2024","22000","14-Oct-2024"
"1965","Normal/Others","WS/MP334/2024-2025/139333-Street lights","Jharkhand","BOKARO(DEPUTY COMMISSIONER BOKARO_IDA)","Shri Chandra Prakash Choudhary","GIRIDIH","installation of solar street light near ramvaran prasad house in shiv mandir road in sasbeda west","06-Sep-2024","22000","14-Oct-2024"
"1966","Normal/Others","WS/MP334/2024-2025/139334-Street lights","Jharkhand","BOKARO(DEPUTY COMMISSIONER BOKARO_IDA)","Shri Chandra Prakash Choudhary","GIRIDIH","installation of solar street light near animal hospital in BDO road insasbeda west","06-Sep-2024","22000","14-Oct-2024"
"1967","Normal/Others","WS/MP334/2024-2025/139335-Street lights","Jharkhand","BOKARO(DEPUTY COMMISSIONER BOKARO_IDA)","Shri Chandra Prakash Choudhary","GIRIDIH","installation of solar street light near laxman khatal in BDO road in sasbeda west","06-Sep-2024","22000","14-Oct-2024"
"1968","Normal/Others","WS/MP334/2024-2025/139336-Street lights","Jharkhand","BOKARO(DEPUTY COMMISSIONER BOKARO_IDA)","Shri Chandra Prakash Choudhary","GIRIDIH","installation of solar street light near ranjit mohsin house in gomia cinema hall in palihari gurudih","06-Sep-2024","22000","14-Oct-2024"
"1969","Normal/Others","WS/MP334/2024-2025/139337-Street lights","Jharkhand","BOKARO(DEPUTY COMMISSIONER BOKARO_IDA)","Shri Chandra Prakash Choudhary","GIRIDIH","installation of solar street light near gomia pramukh gali in palihari gurudih","06-Sep-2024","22000","14-Oct-2024"
"1970","Normal/Others","WS/MP334/2024-2025/139338-Street lights","Jharkhand","BOKARO(DEPUTY COMMISSIONER BOKARO_IDA)","Shri Chandra Prakash Choudhary","GIRIDIH","installation of solar street light near latkuta basti chouraha in palihari gurudih","06-Sep-2024","22000","14-Oct-2024"
"1971","Normal/Others","WS/MP334/2024-2025/139339-Street lights","Jharkhand","BOKARO(DEPUTY COMMISSIONER BOKARO_IDA)","Shri Chandra Prakash Choudhary","GIRIDIH","installation of solar street light near madaiya mandir in latkutta basti of palihari gurudih","06-Sep-2024","22000","14-Oct-2024"
"1972","Normal/Others","WS/MP334/2024-2025/139340-Street lights","Jharkhand","BOKARO(DEPUTY COMMISSIONER BOKARO_IDA)","Shri Chandra Prakash Choudhary","GIRIDIH","installation of solar street light near bajrangbali mandir in purana cinema hall","06-Sep-2024","22000","14-Oct-2024"
"1973","Normal/Others","WS/MP334/2024-2025/139341-Street lights","Jharkhand","BOKARO(DEPUTY COMMISSIONER BOKARO_IDA)","Shri Chandra Prakash Choudhary","GIRIDIH","installation of solar street light near madhya durga mandir to bajaar basti road in gomiya","06-Sep-2024","22000","14-Oct-2024"
"1974","Normal/Others","WS/MP334/2024-2025/139342-Street lights","Jharkhand","BOKARO(DEPUTY COMMISSIONER BOKARO_IDA)","Shri Chandra Prakash Choudhary","GIRIDIH","installation of solar street light near gumia choudhary tola chowk in gomia","06-Sep-2024","22000","14-Oct-2024"
"1975","Normal/Others","WS/MP334/2024-2025/139343-Street lights","Jharkhand","BOKARO(DEPUTY COMMISSIONER BOKARO_IDA)","Shri Chandra Prakash Choudhary","GIRIDIH","installation of solar street light near gandhuniya aahra taalab road in gumia","06-Sep-2024","22000","14-Oct-2024"
"1976","Normal/Others","WS/MP334/2024-2025/139344-Street lights","Jharkhand","BOKARO(DEPUTY COMMISSIONER BOKARO_IDA)","Shri Chandra Prakash Choudhary","GIRIDIH","installation of solar street light near bokha khocha in padaria basti in gumia","06-Sep-2024","22000","14-Oct-2024"
"1977","Normal/Others","WS/MP334/2024-2025/139345-Street lights","Jharkhand","BOKARO(DEPUTY COMMISSIONER BOKARO_IDA)","Shri Chandra Prakash Choudhary","GIRIDIH","installation of solar street light near modi tola and bhuiya tola in gumia","06-Sep-2024","22000","14-Oct-2024"
"1978","Normal/Others","NA-Setting up of kitchen and pantries","Kerala","ALAPPUZHA(DISTRICT COLLECTOR ALAPPUZHA_IDA)","K. C VENUGOPAL","ALAPPUZHA","Setting up of a modern kitchen and Dining Hall in Govt. Muslim LPA, Punnapra","06-Sep-2024","800000","NA"
"1979","Normal/Others","WS/MP18095/2025-2026/139347-Construction of culverts and bridges","Kerala","ALAPPUZHA(DISTRICT COLLECTOR ALAPPUZHA_IDA)","K. C VENUGOPAL","ALAPPUZHA","Construction of a bridge in Chandiroor - Ilayapadam (Valiyathara Bridge)","06-Sep-2024","2500000","07-Jul-2025"
"1980","Normal/Others","WS/MP18236/2024-2025/139348-Lighting of public spaces","Uttar Pradesh","SONBHADRA(DISTRICT MAGISTRATE SONBHADRA_IDA)","CHHOTELAL","ROBERTSGANJ(SC)","Installation of semi high mast light in Ambedkar Park colony of village Nipraj block Robertsganj","06-Sep-2024","176999","24-Mar-2025"
"1981","Normal/Others","WS/MP18236/2024-2025/139349-Lighting of public spaces","Uttar Pradesh","SONBHADRA(DISTRICT MAGISTRATE SONBHADRA_IDA)","CHHOTELAL","ROBERTSGANJ(SC)","Installation of semi high mast light near Chandrabhushan Pandey's house in village Lodhi  block Robertsganj","06-Sep-2024","176999","24-Mar-2025"
"1982","Normal/Others","WS/MP18236/2024-2025/139350-Lighting of public spaces","Uttar Pradesh","SONBHADRA(DISTRICT MAGISTRATE SONBHADRA_IDA)","CHHOTELAL","ROBERTSGANJ(SC)","Installation of semi high mast light near water tank in Muslim colony of village Pagiya  block Karma","06-Sep-2024","176999","24-Mar-2025"
"1983","Normal/Others","WS/MP18236/2024-2025/139351-Lighting of public spaces","Uttar Pradesh","SONBHADRA(DISTRICT MAGISTRATE SONBHADRA_IDA)","CHHOTELAL","ROBERTSGANJ(SC)","Installation of semi high mast light at Amdih Minor Chatti in village Amdih   block Karma","06-Sep-2024","176999","24-Mar-2025"
"1984","Normal/Others","WS/MP18236/2024-2025/139352-Lighting of public spaces","Uttar Pradesh","SONBHADRA(DISTRICT MAGISTRATE SONBHADRA_IDA)","CHHOTELAL","ROBERTSGANJ(SC)","Installation of semi high mast light near the intersection of village Bari Mahewa   block Karma","06-Sep-2024","176999","24-Mar-2025"
"1985","Normal/Others","WS/MP18236/2024-2025/139353-Lighting of public spaces","Uttar Pradesh","SONBHADRA(DISTRICT MAGISTRATE SONBHADRA_IDA)","CHHOTELAL","ROBERTSGANJ(SC)","Installation of semi high mast light at village Belkhuri turn intersection Block Robertsganj","06-Sep-2024","176999","24-Mar-2025"
"1986","Normal/Others","WS/MP18236/2024-2025/139354-Lighting of public spaces","Uttar Pradesh","SONBHADRA(DISTRICT MAGISTRATE SONBHADRA_IDA)","CHHOTELAL","ROBERTSGANJ(SC)","Installation of semi high mast light in the colony at the intersection of village Mahuli  block Nagwa","06-Sep-2024","176999","24-Mar-2025"
"1987","Normal/Others","WS/MP18236/2024-2025/139355-Lighting of public spaces","Uttar Pradesh","SONBHADRA(DISTRICT MAGISTRATE SONBHADRA_IDA)","CHHOTELAL","ROBERTSGANJ(SC)","Installation of semi high mast light in the main colony at the intersection of village Khodaila block Nagwa","06-Sep-2024","176999","24-Mar-2025"
"1988","Normal/Others","WS/MP18236/2024-2025/139356-Lighting of public spaces","Uttar Pradesh","SONBHADRA(DISTRICT MAGISTRATE SONBHADRA_IDA)","CHHOTELAL","ROBERTSGANJ(SC)","Installation of semi high mast light in the main colony at the intersection of village Panaura block Nagwa","06-Sep-2024","176999","24-Mar-2025"
"1989","Normal/Others","WS/MP18236/2024-2025/139357-Lighting of public spaces","Uttar Pradesh","SONBHADRA(DISTRICT MAGISTRATE SONBHADRA_IDA)","CHHOTELAL","ROBERTSGANJ(SC)","Installation of semi high mast light in the main colony at the intersection of village Madapa block Nagwa","06-Sep-2024","176999","24-Mar-2025"
"1990","Normal/Others","WS/MP18236/2024-2025/139358-Lighting of public spaces","Uttar Pradesh","SONBHADRA(DISTRICT MAGISTRATE SONBHADRA_IDA)","CHHOTELAL","ROBERTSGANJ(SC)","Installation of semi high mast light in the courtyard of Shaheed Sthal in village Nagwa Block Duddhi","06-Sep-2024","176999","24-Mar-2025"
"1991","Normal/Others","WS/MP18236/2024-2025/139359-Lighting of public spaces","Uttar Pradesh","SONBHADRA(DISTRICT MAGISTRATE SONBHADRA_IDA)","CHHOTELAL","ROBERTSGANJ(SC)","Installation of semi high mast light near the house of Fateh Bahadur son of Babu Ram of village  Murta  block Dudhi","06-Sep-2024","176999","24-Mar-2025"
"1992","Normal/Others","WS/MP18236/2024-2025/139360-Lighting of public spaces","Uttar Pradesh","SONBHADRA(DISTRICT MAGISTRATE SONBHADRA_IDA)","CHHOTELAL","ROBERTSGANJ(SC)","Installation of semi high mast light near the house of Ram Avtar son of Rajju of village Sardiha  block Dudhi","06-Sep-2024","176999","24-Mar-2025"
"1993","Normal/Others","WS/MP18236/2024-2025/139361-Lighting of public spaces","Uttar Pradesh","SONBHADRA(DISTRICT MAGISTRATE SONBHADRA_IDA)","CHHOTELAL","ROBERTSGANJ(SC)","Installation of semi high mast light at the intersection near the house of Sukhi Singh son of Hari Prasad of village Amwar  block Dudhi","06-Sep-2024","176999","24-Mar-2025"
"1994","Normal/Others","WS/MP829/2024-2025/139362-Construction of boundary walls of existing public and community buildings","West Bengal","HOWRAH(DISTRICT MAGISTRATE HOWRAH_IDA)","Smt Sajda Ahmed","ULUBERIA","Construction of Boundary wall at Chitnan Malpara Madrasa","06-Sep-2024","500000","09-Jan-2025"
"1995","Normal/Others","WS/MP829/2024-2025/139363-Construction of rooms and halls in school and colleges","West Bengal","HOWRAH(DISTRICT MAGISTRATE HOWRAH_IDA)","Smt Sajda Ahmed","ULUBERIA","Construction of Seminar Hall at Menoka Smriti Vidyamandir","06-Sep-2024","500000","18-Feb-2025"
"1996","Normal/Others","WS/MP829/2024-2025/139364-Construction of community centers and community halls","West Bengal","HOWRAH(DISTRICT MAGISTRATE HOWRAH_IDA)","Smt Sajda Ahmed","ULUBERIA","Construction of Community Hall at Parbakshi to be maintained by Amta II Panchayat Samity","06-Sep-2024","490498","09-Jan-2025"
"1997","Normal/Others","WS/MP829/2024-2025/139365-Construction of boundary walls of existing public and community buildings","West Bengal","HOWRAH(DISTRICT MAGISTRATE HOWRAH_IDA)","Smt Sajda Ahmed","ULUBERIA","Construction of Boundary wall at South Bhatora PHC","06-Sep-2024","500000","09-Jan-2025"
"1998","Normal/Others","WS/MP829/2024-2025/139366-Construction of roads, link roads, pathways or any other road with or without drainage system","West Bengal","HOWRAH(DISTRICT MAGISTRATE HOWRAH_IDA)","Smt Sajda Ahmed","ULUBERIA","Construction of Concrete Road from Sehagori Samanta Bari to Jana Para Samsan","06-Sep-2024","499183","09-Jan-2025"
"1999","Normal/Others","WS/MP334/2024-2025/139369-Street lights","Jharkhand","BOKARO(DEPUTY COMMISSIONER BOKARO_IDA)","Shri Chandra Prakash Choudhary","GIRIDIH","installation of solar street light near sunditola hari mandir in tulbul","06-Sep-2024","22000","14-Oct-2024"
"2000","Normal/Others","WS/MP334/2024-2025/139370-Street lights","Jharkhand","BOKARO(DEPUTY COMMISSIONER BOKARO_IDA)","Shri Chandra Prakash Choudhary","GIRIDIH","installation of solar street light near kauleshwar saw house in tulbul.","06-Sep-2024","22000","14-Oct-2024"
"2001","Normal/Others","WS/MP334/2024-2025/139371-Street lights","Jharkhand","BOKARO(DEPUTY COMMISSIONER BOKARO_IDA)","Shri Chandra Prakash Choudhary","GIRIDIH","installation of solar street light near bilhor tanda mantu saw house in tulbul.","06-Sep-2024","22000","09-Oct-2024"
"2002","Normal/Others","WS/MP334/2024-2025/139372-Street lights","Jharkhand","BOKARO(DEPUTY COMMISSIONER BOKARO_IDA)","Shri Chandra Prakash Choudhary","GIRIDIH","installation of solar street light near charchariya mandir in kodwatand","06-Sep-2024","22000","09-Oct-2024"
"2003","Normal/Others","WS/MP334/2024-2025/139373-Street lights","Jharkhand","BOKARO(DEPUTY COMMISSIONER BOKARO_IDA)","Shri Chandra Prakash Choudhary","GIRIDIH","installation of solar street light near bindeshwar saw house in kodwatand.","06-Sep-2024","22000","09-Oct-2024"
"2004","Normal/Others","WS/MP334/2024-2025/139374-Street lights","Jharkhand","BOKARO(DEPUTY COMMISSIONER BOKARO_IDA)","Shri Chandra Prakash Choudhary","GIRIDIH","installation of solar street light near jarwatand sushil house in kodwatand","06-Sep-2024","22000","09-Oct-2024"
"2005","Normal/Others","WS/MP334/2024-2025/139375-Street lights","Jharkhand","BOKARO(DEPUTY COMMISSIONER BOKARO_IDA)","Shri Chandra Prakash Choudhary","GIRIDIH","installation of solar street light near rajendra ram house in kodwatand","06-Sep-2024","22000","09-Oct-2024"
"2006","Normal/Others","WS/MP334/2024-2025/139376-Street lights","Jharkhand","BOKARO(DEPUTY COMMISSIONER BOKARO_IDA)","Shri Chandra Prakash Choudhary","GIRIDIH","installation of solar street light near gujrukunda aanganwadi kendra in kunda","06-Sep-2024","22000","09-Oct-2024"
"2007","Normal/Others","WS/MP334/2024-2025/139377-Street lights","Jharkhand","BOKARO(DEPUTY COMMISSIONER BOKARO_IDA)","Shri Chandra Prakash Choudhary","GIRIDIH","installation of solar street light near gujrukunda ambedkar bhawan in kunda","06-Sep-2024","22000","09-Oct-2024"
"2008","Normal/Others","WS/MP334/2024-2025/139378-Street lights","Jharkhand","BOKARO(DEPUTY COMMISSIONER BOKARO_IDA)","Shri Chandra Prakash Choudhary","GIRIDIH","installation of solar street light near bhagwan das house in gujru kunda in kunda","06-Sep-2024","22000","09-Oct-2024"
"2009","Normal/Others","WS/MP334/2024-2025/139379-Street lights","Jharkhand","BOKARO(DEPUTY COMMISSIONER BOKARO_IDA)","Shri Chandra Prakash Choudhary","GIRIDIH","installation of solar street light near shiv mandir tirla in baridari.","06-Sep-2024","22000","09-Oct-2024"
"2010","Normal/Others","WS/MP334/2024-2025/139380-Street lights","Jharkhand","BOKARO(DEPUTY COMMISSIONER BOKARO_IDA)","Shri Chandra Prakash Choudhary","GIRIDIH","installation of solar street light near birendra prasad house in baridari.","06-Sep-2024","22000","09-Oct-2024"
"2011","Normal/Others","WS/MP334/2024-2025/139381-Street lights","Jharkhand","BOKARO(DEPUTY COMMISSIONER BOKARO_IDA)","Shri Chandra Prakash Choudhary","GIRIDIH","installation of solar street light near ramsundar mahto house chugnu in baridari.","06-Sep-2024","22000","09-Oct-2024"
"2012","Normal/Others","WS/MP334/2024-2025/139382-Street lights","Jharkhand","BOKARO(DEPUTY COMMISSIONER BOKARO_IDA)","Shri Chandra Prakash Choudhary","GIRIDIH","installation of solar street light near awadhesh prasad house in baridari.","06-Sep-2024","22000","09-Oct-2024"
"2013","Normal/Others","WS/MP334/2024-2025/139383-Street lights","Jharkhand","BOKARO(DEPUTY COMMISSIONER BOKARO_IDA)","Shri Chandra Prakash Choudhary","GIRIDIH","installation of solar street light near 7 star vidya public school (umashankar prasad) in barki punu","06-Sep-2024","22000","09-Oct-2024"
"2014","Normal/Others","WS/MP18236/2024-2025/139385-Lighting of public spaces","Uttar Pradesh","SONBHADRA(DISTRICT MAGISTRATE SONBHADRA_IDA)","CHHOTELAL","ROBERTSGANJ(SC)","Installation of semi high mast light near Phoolchand's house in village Panari Dakshin Tola Phafrakund, Block Chopan","06-Sep-2024","260000","22-Mar-2025"
"2015","Normal/Others","WS/MP18236/2025-2026/139386-Lighting of public spaces","Uttar Pradesh","SONBHADRA(DISTRICT MAGISTRATE SONBHADRA_IDA)","CHHOTELAL","ROBERTSGANJ(SC)","Installation of semi high mast light   at goverment high school turn near Jirhi Devi temple. Village Jogel Block Chopan","06-Sep-2024","256000","17-Jun-2025"
"2016","Normal/Others","WS/MP18236/2024-2025/139387-Lighting of public spaces","Uttar Pradesh","SONBHADRA(DISTRICT MAGISTRATE SONBHADRA_IDA)","CHHOTELAL","ROBERTSGANJ(SC)","Installation of semi high mast light at the crossroad near the house of Bhupati son of Rajaram Kharwar of main colony of village Jugail Block Chopan","06-Sep-2024","260000","22-Mar-2025"
"2017","Normal/Others","WS/MP18236/2025-2026/139388-Lighting of public spaces","Uttar Pradesh","SONBHADRA(DISTRICT MAGISTRATE SONBHADRA_IDA)","CHHOTELAL","ROBERTSGANJ(SC)","Installation of semi high mast light near the house of Shiv temple Pachpediya Ashok Kumar father Awadhlal. village Jogel Block Chopan","06-Sep-2024","256000","17-Jun-2025"
"2018","Normal/Others","WS/MP18236/2025-2026/139389-Lighting of public spaces","Uttar Pradesh","SONBHADRA(DISTRICT MAGISTRATE SONBHADRA_IDA)","CHHOTELAL","ROBERTSGANJ(SC)","Installation of semi high mast light near the house of Tripurari Doctor Shyamlal Yadav at Amavakhoh turn on Jogel main road.","06-Sep-2024","256000","17-Jun-2025"
"2019","Normal/Others","WS/MP18236/2024-2025/139390-Lighting of public spaces","Uttar Pradesh","SONBHADRA(DISTRICT MAGISTRATE SONBHADRA_IDA)","CHHOTELAL","ROBERTSGANJ(SC)","Installation of semi high mast light in the market in front of Ramjatan Prajapati's house of village Kanhara Block Chopan","06-Sep-2024","260000","22-Mar-2025"
"2020","Normal/Others","WS/MP18236/2024-2025/139391-Lighting of public spaces","Uttar Pradesh","SONBHADRA(DISTRICT MAGISTRATE SONBHADRA_IDA)","CHHOTELAL","ROBERTSGANJ(SC)","Installation of semi high mast light at the crossroad of Kotha Tola Pra. Vidyalaya of village Villi Markundi Block Chopan","06-Sep-2024","260000","22-Mar-2025"
"2021","Normal/Others","WS/MP18236/2024-2025/139392-Lighting of public spaces","Uttar Pradesh","SONBHADRA(DISTRICT MAGISTRATE SONBHADRA_IDA)","CHHOTELAL","ROBERTSGANJ(SC)","Installation of semi high mast light in front of Sashi Pathak's house at Kargara crossroad of village Markundi Block Robertsganj","06-Sep-2024","260000","22-Mar-2025"
"2022","Normal/Others","WS/MP18236/2025-2026/139393-Lighting of public spaces","Uttar Pradesh","SONBHADRA(DISTRICT MAGISTRATE SONBHADRA_IDA)","CHHOTELAL","ROBERTSGANJ(SC)","Installation of semi high mast light at the intersection of near Lalla Gond's house in Karamdaar of village Gurdah Block Chopan","06-Sep-2024","260000","17-Jun-2025"
"2023","Normal/Others","WS/MP18236/2025-2026/139394-Lighting of public spaces","Uttar Pradesh","SONBHADRA(DISTRICT MAGISTRATE SONBHADRA_IDA)","CHHOTELAL","ROBERTSGANJ(SC)","Installation of semi high mast light  near the house of Amresh Kumar Gurjar, father Chhotelal at Getthura intersection near Jogel near van nigam pati warehouse.","06-Sep-2024","256000","17-Jun-2025"
"2024","Normal/Others","WS/MP18236/2024-2025/139395-Lighting of public spaces","Uttar Pradesh","SONBHADRA(DISTRICT MAGISTRATE SONBHADRA_IDA)","CHHOTELAL","ROBERTSGANJ(SC)","Installation of semi high mast light at the intersection near Shyamlal's house in Chuhiya Tola of village Gurdah Block Chopan","06-Sep-2024","260000","22-Mar-2025"
"2025","Normal/Others","WS/MP18236/2024-2025/139396-Lighting of public spaces","Uttar Pradesh","SONBHADRA(DISTRICT MAGISTRATE SONBHADRA_IDA)","CHHOTELAL","ROBERTSGANJ(SC)","Installation of semi high mast light near Chakwadia Semra turn of village Jugail Block Chopan","06-Sep-2024","260000","22-Mar-2025"
"2026","Normal/Others","WS/MP18236/2024-2025/139397-Lighting of public spaces","Uttar Pradesh","SONBHADRA(DISTRICT MAGISTRATE SONBHADRA_IDA)","CHHOTELAL","ROBERTSGANJ(SC)","Installation of semi high mast light near the main settlement of village Balui Block Robertsganj","06-Sep-2024","260000","22-Mar-2025"
"2027","Normal/Others","WS/MP18236/2024-2025/139398-Lighting of public spaces","Uttar Pradesh","SONBHADRA(DISTRICT MAGISTRATE SONBHADRA_IDA)","CHHOTELAL","ROBERTSGANJ(SC)","Installation of semi high mast light near Tola Bari intersection of village Kanhara Block Chopan","06-Sep-2024","260000","22-Mar-2025"
"2028","Normal/Others","WS/MP18236/2024-2025/139399-Lighting of public spaces","Uttar Pradesh","SONBHADRA(DISTRICT MAGISTRATE SONBHADRA_IDA)","CHHOTELAL","ROBERTSGANJ(SC)","Installation of semi high mast light near Shiv temple (Gurihawa) of village Kuruhul Block Robertsganj","06-Sep-2024","260000","22-Mar-2025"
"2029","Normal/Others","WS/MP18236/2024-2025/139400-Lighting of public spaces","Uttar Pradesh","SONBHADRA(DISTRICT MAGISTRATE SONBHADRA_IDA)","CHHOTELAL","ROBERTSGANJ(SC)","Installation of semi high mast light near Rani Durgavati memorial site of village Barganwa Block Chopan","06-Sep-2024","260000","22-Mar-2025"
"2030","Normal/Others","WS/MP18236/2024-2025/139401-Lighting of public spaces","Uttar Pradesh","SONBHADRA(DISTRICT MAGISTRATE SONBHADRA_IDA)","CHHOTELAL","ROBERTSGANJ(SC)","Installation of semi high mast light at the main settlement intersection of village Parni Block Myorpur","06-Sep-2024","260000","22-Mar-2025"
"2031","Normal/Others","WS/MP18236/2024-2025/139402-Lighting of public spaces","Uttar Pradesh","SONBHADRA(DISTRICT MAGISTRATE SONBHADRA_IDA)","CHHOTELAL","ROBERTSGANJ(SC)","Installation of semi high mast light near Nagaha turn Khajura of village Kuldomri Block Myorpur","06-Sep-2024","260000","22-Mar-2025"
"2032","Normal/Others","WS/MP18236/2024-2025/139403-Lighting of public spaces","Uttar Pradesh","SONBHADRA(DISTRICT MAGISTRATE SONBHADRA_IDA)","CHHOTELAL","ROBERTSGANJ(SC)","Installation of semi high mast light at Deeh Baba Chauraha  Medardah of village Kuldomri  Block Myorpur","06-Sep-2024","260000","22-Mar-2025"
"2033","Normal/Others","WS/MP18236/2024-2025/139404-Lighting of public spaces","Uttar Pradesh","SONBHADRA(DISTRICT MAGISTRATE SONBHADRA_IDA)","CHHOTELAL","ROBERTSGANJ(SC)","Installation of semi high mast light near the house of Ramprasad Kharwar, Badhara, village Kuldomri Block Myorpur","06-Sep-2024","260000","22-Mar-2025"
"2034","Normal/Others","WS/MP18236/2024-2025/139405-Lighting of public spaces","Uttar Pradesh","SONBHADRA(DISTRICT MAGISTRATE SONBHADRA_IDA)","CHHOTELAL","ROBERTSGANJ(SC)","Installation of semi high mast light at the intersection near the house of Phoolmati Devi wife of Ashok Kumar, village Ghaghari Block Babhani","06-Sep-2024","260000","22-Mar-2025"
"2035","Normal/Others","WS/MP18236/2025-2026/139406-Lighting of public spaces","Uttar Pradesh","SONBHADRA(DISTRICT MAGISTRATE SONBHADRA_IDA)","CHHOTELAL","ROBERTSGANJ(SC)","Installation of semi high mast light near the house of Sona Prasad son of Roopnath in the market of village Konga Block Babhani","06-Sep-2024","256000","17-Jun-2025"
"2036","Normal/Others","WS/MP18236/2025-2026/139407-Lighting of public spaces","Uttar Pradesh","SONBHADRA(DISTRICT MAGISTRATE SONBHADRA_IDA)","CHHOTELAL","ROBERTSGANJ(SC)","Installation of semi high mast light near the house of Bazar Vindeshwar son of Rambharosh, village Satbahani Block Babhani","06-Sep-2024","256000","17-Jun-2025"
"2037","Normal/Others","WS/MP18236/2025-2026/139408-Lighting of public spaces","Uttar Pradesh","SONBHADRA(DISTRICT MAGISTRATE SONBHADRA_IDA)","CHHOTELAL","ROBERTSGANJ(SC)","Installation of semi high mast light near the house of Savitri Devi wife of Lalman Singh, village Chipiya Block Babhani","06-Sep-2024","256000","17-Jun-2025"
"2038","Normal/Others","WS/MP18236/2025-2026/139409-Lighting of public spaces","Uttar Pradesh","SONBHADRA(DISTRICT MAGISTRATE SONBHADRA_IDA)","CHHOTELAL","ROBERTSGANJ(SC)","Installation of Semi high mast light near panchayat bhawan in gram panchayat Barawe block Babhani.","06-Sep-2024","256000","17-Jun-2025"
"2039","Normal/Others","WS/MP18236/2025-2026/139410-Lighting of public spaces","Uttar Pradesh","SONBHADRA(DISTRICT MAGISTRATE SONBHADRA_IDA)","CHHOTELAL","ROBERTSGANJ(SC)","Installation of semi high mast light near the house of Jawahar Lal son of Rajkeshwar of village Karkacchi Block Babhani","06-Sep-2024","256000","17-Jun-2025"
"2040","Normal/Others","WS/MP18236/2025-2026/139411-Lighting of public spaces","Uttar Pradesh","SONBHADRA(DISTRICT MAGISTRATE SONBHADRA_IDA)","CHHOTELAL","ROBERTSGANJ(SC)","Installation of semi high mast light near the house of Sitaram son of Sukhdev in village Jourahi Block Babhani","06-Sep-2024","256000","17-Jun-2025"
"2041","Normal/Others","WS/MP18236/2024-2025/139412-Lighting of public spaces","Uttar Pradesh","SONBHADRA(DISTRICT MAGISTRATE SONBHADRA_IDA)","CHHOTELAL","ROBERTSGANJ(SC)","Installation of semi high mast light near the house of Amritlal son of Bir Singh of village Sawara Block Babhani","06-Sep-2024","260000","22-Mar-2025"
"2042","Normal/Others","WS/MP18236/2024-2025/139413-Lighting of public spaces","Uttar Pradesh","SONBHADRA(DISTRICT MAGISTRATE SONBHADRA_IDA)","CHHOTELAL","ROBERTSGANJ(SC)","Installation of semi high mast light at the intersection near the house of Vignath son of Ramratan of village Jampani Block Myorpur","06-Sep-2024","260000","22-Mar-2025"
"2043","Normal/Others","WS/MP18236/2024-2025/139414-Lighting of public spaces","Uttar Pradesh","SONBHADRA(DISTRICT MAGISTRATE SONBHADRA_IDA)","CHHOTELAL","ROBERTSGANJ(SC)","Installation of semi high mast light near the house of Amar Singh son of late Narayan Singh of village Jampani Block Myorpur","06-Sep-2024","260000","22-Mar-2025"
"2044","Normal/Others","WS/MP18236/2024-2025/139415-Lighting of public spaces","Uttar Pradesh","SONBHADRA(DISTRICT MAGISTRATE SONBHADRA_IDA)","CHHOTELAL","ROBERTSGANJ(SC)","Installation of semi high mast light near the house of Rampal son of Ramsundar of village Arangpani Block Myorpur","06-Sep-2024","260000","22-Mar-2025"
"2045","Normal/Others","WS/MP18236/2024-2025/139416-Lighting of public spaces","Uttar Pradesh","SONBHADRA(DISTRICT MAGISTRATE SONBHADRA_IDA)","CHHOTELAL","ROBERTSGANJ(SC)","Installation of semi high mast light at the intersection near the house of Rajesh son of Shivprasad of village Nadhira Block Myorpur","06-Sep-2024","260000","22-Mar-2025"
"2046","Normal/Others","WS/MP18236/2024-2025/139417-Lighting of public spaces","Uttar Pradesh","SONBHADRA(DISTRICT MAGISTRATE SONBHADRA_IDA)","CHHOTELAL","ROBERTSGANJ(SC)","Installation of semi high mast light near the house of Ramlakhan son of Phoolganesh, village Chainpur Block Babhani","06-Sep-2024","260000","22-Mar-2025"
"2047","Normal/Others","WS/MP18236/2024-2025/139418-Lighting of public spaces","Uttar Pradesh","SONBHADRA(DISTRICT MAGISTRATE SONBHADRA_IDA)","CHHOTELAL","ROBERTSGANJ(SC)","Installation of semi high mast light near the house of Sadavriksha son of Kuber, village Chainpur Block Babhani","06-Sep-2024","260000","22-Mar-2025"
"2048","Normal/Others","WS/MP18236/2024-2025/139419-Lighting of public spaces","Uttar Pradesh","SONBHADRA(DISTRICT MAGISTRATE SONBHADRA_IDA)","CHHOTELAL","ROBERTSGANJ(SC)","Installation of semi high mast light in the main colony at the intersection of village Deohar  Block Nagwa","06-Sep-2024","260000","06-Feb-2025"
"2049","Normal/Others","WS/MP18236/2024-2025/139420-Lighting of public spaces","Uttar Pradesh","SONBHADRA(DISTRICT MAGISTRATE SONBHADRA_IDA)","CHHOTELAL","ROBERTSGANJ(SC)","Installation of semi high mast light in the main colony at the intersection of village Barhamori  Block Nagwa","06-Sep-2024","260000","06-Feb-2025"
"2050","Normal/Others","WS/MP18236/2024-2025/139421-Lighting of public spaces","Uttar Pradesh","SONBHADRA(DISTRICT MAGISTRATE SONBHADRA_IDA)","CHHOTELAL","ROBERTSGANJ(SC)","Installation of semi high mast light at the intersection near the house of village Khaliyari Bazar Chandrika Block Nagwa","06-Sep-2024","260000","06-Feb-2025"
"2051","Normal/Others","WS/MP18236/2024-2025/139422-Lighting of public spaces","Uttar Pradesh","SONBHADRA(DISTRICT MAGISTRATE SONBHADRA_IDA)","CHHOTELAL","ROBERTSGANJ(SC)","Installation of semi high mast light in the main colony near the marriage hall of village Banki  Block Nagwa","06-Sep-2024","260000","06-Feb-2025"
"2052","Normal/Others","WS/MP18236/2024-2025/139423-Lighting of public spaces","Uttar Pradesh","SONBHADRA(DISTRICT MAGISTRATE SONBHADRA_IDA)","CHHOTELAL","ROBERTSGANJ(SC)","Installation of semi high mast light in the Basti of village Baliyari  Block Nagwa","06-Sep-2024","260000","06-Feb-2025"
"2053","Normal/Others","WS/MP18236/2024-2025/139424-Lighting of public spaces","Uttar Pradesh","SONBHADRA(DISTRICT MAGISTRATE SONBHADRA_IDA)","CHHOTELAL","ROBERTSGANJ(SC)","Installation of semi high mast light in the Basti of village Darev  Block Nagwa","06-Sep-2024","260000","06-Feb-2025"
"2054","Normal/Others","WS/MP18236/2024-2025/139425-Lighting of public spaces","Uttar Pradesh","SONBHADRA(DISTRICT MAGISTRATE SONBHADRA_IDA)","CHHOTELAL","ROBERTSGANJ(SC)","Installation of semi high mast light near the house of Rajendra son Sukalu in the main Basti at the intersection of village Dhosra  Block Nagwa","06-Sep-2024","260000","06-Feb-2025"
"2055","Normal/Others","WS/MP18236/2024-2025/139426-Lighting of public spaces","Uttar Pradesh","SONBHADRA(DISTRICT MAGISTRATE SONBHADRA_IDA)","CHHOTELAL","ROBERTSGANJ(SC)","Installation of semi high mast light in Purba Purva Kharwar Basti in village Suarsot Kala  Block Nagwa","06-Sep-2024","260000","06-Feb-2025"
"2056","Normal/Others","WS/MP18236/2024-2025/139427-Lighting of public spaces","Uttar Pradesh","SONBHADRA(DISTRICT MAGISTRATE SONBHADRA_IDA)","CHHOTELAL","ROBERTSGANJ(SC)","Installation of semi high mast light on the playground of village Deori Block Robertsganj","06-Sep-2024","260000","06-Feb-2025"
"2057","Normal/Others","WS/MP18236/2024-2025/139428-Lighting of public spaces","Uttar Pradesh","SONBHADRA(DISTRICT MAGISTRATE SONBHADRA_IDA)","CHHOTELAL","ROBERTSGANJ(SC)","Installation of semi high mast light at the intersection in front of Vinod Chaurasia's hotel in village Kusumha  Block Chatra","06-Sep-2024","260000","06-Feb-2025"
"2058","Normal/Others","WS/MP18236/2024-2025/139429-Lighting of public spaces","Uttar Pradesh","SONBHADRA(DISTRICT MAGISTRATE SONBHADRA_IDA)","CHHOTELAL","ROBERTSGANJ(SC)","Installation of semi high mast light near the intersection of village Devatan Centre of Basti   Block Kone","06-Sep-2024","260000","06-Feb-2025"
"2059","Normal/Others","WS/MP18236/2024-2025/139430-Lighting of public spaces","Uttar Pradesh","SONBHADRA(DISTRICT MAGISTRATE SONBHADRA_IDA)","CHHOTELAL","ROBERTSGANJ(SC)","Installation of semi high mast light near Chatti of  Village Karaudia  Madarhawa Chatti  Block Chatra","06-Sep-2024","260000","06-Feb-2025"
"2060","Normal/Others","WS/MP18236/2024-2025/139431-Lighting of public spaces","Uttar Pradesh","SONBHADRA(DISTRICT MAGISTRATE SONBHADRA_IDA)","CHHOTELAL","ROBERTSGANJ(SC)","Installation of semi high mast light near Sadhan Sahakari Samiti Shrirampuri alias Tarava Purana godown Block Robertsganj","06-Sep-2024","260000","06-Feb-2025"
"2061","Normal/Others","WS/MP18236/2024-2025/139432-Lighting of public spaces","Uttar Pradesh","SONBHADRA(DISTRICT MAGISTRATE SONBHADRA_IDA)","CHHOTELAL","ROBERTSGANJ(SC)","Installation of semi high mast light near Durga Puja Sthal and Bhim Rao Ambedkar statue in village Badgaon  Block Robertsganj","06-Sep-2024","260000","06-Feb-2025"
"2062","Normal/Others","WS/MP18236/2024-2025/139433-Lighting of public spaces","Uttar Pradesh","SONBHADRA(DISTRICT MAGISTRATE SONBHADRA_IDA)","CHHOTELAL","ROBERTSGANJ(SC)","Installation of semi high mast light at Amrit Sarovar pond in village Marachi Block Ghorawal","06-Sep-2024","260000","06-Feb-2025"
"2063","Normal/Others","WS/MP18236/2024-2025/139434-Lighting of public spaces","Uttar Pradesh","SONBHADRA(DISTRICT MAGISTRATE SONBHADRA_IDA)","CHHOTELAL","ROBERTSGANJ(SC)","Installation of semi high mast light at the crossing in the middle of Kharwar Basti in village Lodhi, village  Block Robertsganj","06-Sep-2024","260000","06-Feb-2025"
"2064","Normal/Others","WS/MP18236/2024-2025/139435-Lighting of public spaces","Uttar Pradesh","SONBHADRA(DISTRICT MAGISTRATE SONBHADRA_IDA)","CHHOTELAL","ROBERTSGANJ(SC)","Installation of semi high mast light in the vegetable market of village Khuatha, village.","06-Sep-2024","260000","06-Feb-2025"
"2065","Normal/Others","WS/MP18236/2024-2025/139436-Lighting of public spaces","Uttar Pradesh","SONBHADRA(DISTRICT MAGISTRATE SONBHADRA_IDA)","CHHOTELAL","ROBERTSGANJ(SC)","Installation of semi high mast light between Jitender and Ramkesh's house, north and east of Ambedkar ji's gate in village Musahi village,  Block Robertsganj","06-Sep-2024","260000","06-Feb-2025"
"2066","Normal/Others","WS/MP18236/2024-2025/139437-Lighting of public spaces","Uttar Pradesh","SONBHADRA(DISTRICT MAGISTRATE SONBHADRA_IDA)","CHHOTELAL","ROBERTSGANJ(SC)","Installation of semi high mast light 100 meters east under the over bridge at Naugarh intersection in village Madhupur, village   Block Karma","06-Sep-2024","260000","06-Feb-2025"
"2067","Normal/Others","WS/MP18236/2024-2025/139438-Lighting of public spaces","Uttar Pradesh","SONBHADRA(DISTRICT MAGISTRATE SONBHADRA_IDA)","CHHOTELAL","ROBERTSGANJ(SC)","Installation of semi high mast light at Teentali turn intersection in village Teentali, village  Block Robertsganj","06-Sep-2024","260000","06-Feb-2025"
"2068","Normal/Others","WS/MP18236/2024-2025/139439-Lighting of public spaces","Uttar Pradesh","SONBHADRA(DISTRICT MAGISTRATE SONBHADRA_IDA)","CHHOTELAL","ROBERTSGANJ(SC)","Installation of semi high mast light at the intersection near Tantu Maurya's house in village Ghuwas, village  Block Robertsganj","06-Sep-2024","260000","06-Feb-2025"
"2069","Normal/Others","WS/MP18236/2024-2025/139440-Lighting of public spaces","Uttar Pradesh","SONBHADRA(DISTRICT MAGISTRATE SONBHADRA_IDA)","CHHOTELAL","ROBERTSGANJ(SC)","Installation of semi high mast light at the intersection near Anil Pradhan's house in village Babhanouli Kalan (Pashaikalan), village  Block Robertsganj","06-Sep-2024","260000","06-Feb-2025"
"2070","Normal/Others","WS/MP18236/2024-2025/139441-Lighting of public spaces","Uttar Pradesh","SONBHADRA(DISTRICT MAGISTRATE SONBHADRA_IDA)","CHHOTELAL","ROBERTSGANJ(SC)","Installation of semi high mast light at the intersection near the bridge in village Amokhar, Block Robertsganj","06-Sep-2024","260000","06-Feb-2025"
"2071","Normal/Others","WS/MP18236/2024-2025/139442-Lighting of public spaces","Uttar Pradesh","SONBHADRA(DISTRICT MAGISTRATE SONBHADRA_IDA)","CHHOTELAL","ROBERTSGANJ(SC)","Installation of semi high mast light in scheduled colony of village Gaurahi Block Karma","06-Sep-2024","260000","06-Feb-2025"
"2072","Normal/Others","WS/MP18236/2024-2025/139443-Lighting of public spaces","Uttar Pradesh","SONBHADRA(DISTRICT MAGISTRATE SONBHADRA_IDA)","CHHOTELAL","ROBERTSGANJ(SC)","Installation of semi high mast light in Tola Khajarhawan Basti of village Bhawanipur Block karma","06-Sep-2024","260000","06-Feb-2025"
"2073","Normal/Others","WS/MP18236/2024-2025/139444-Lighting of public spaces","Uttar Pradesh","SONBHADRA(DISTRICT MAGISTRATE SONBHADRA_IDA)","CHHOTELAL","ROBERTSGANJ(SC)","Installation of semi high mast light in Sadhan Sahakari Samiti Bisrekhi Block Ghorawal","06-Sep-2024","260000","06-Feb-2025"
"2074","Normal/Others","WS/MP18236/2024-2025/139445-Lighting of public spaces","Uttar Pradesh","SONBHADRA(DISTRICT MAGISTRATE SONBHADRA_IDA)","CHHOTELAL","ROBERTSGANJ(SC)","Installation of semi high mast light near intersection of village Mungehari Block Ghorawal","06-Sep-2024","260000","06-Feb-2025"
"2075","Normal/Others","WS/MP18236/2024-2025/139446-Lighting of public spaces","Uttar Pradesh","SONBHADRA(DISTRICT MAGISTRATE SONBHADRA_IDA)","CHHOTELAL","ROBERTSGANJ(SC)","Installation of semi high mast light near Bhimrao Ambedkar statue of village Jait  Block Robertsganj","06-Sep-2024","260000","06-Feb-2025"
"2076","Normal/Others","WS/MP18236/2024-2025/139447-Lighting of public spaces","Uttar Pradesh","SONBHADRA(DISTRICT MAGISTRATE SONBHADRA_IDA)","CHHOTELAL","ROBERTSGANJ(SC)","Installation of semi high mast light in the main colony at the intersection of village Chaura  Block Nagwa","06-Sep-2024","260000","06-Feb-2025"
"2077","Normal/Others","WS/MP18236/2024-2025/139448-Lighting of public spaces","Uttar Pradesh","SONBHADRA(DISTRICT MAGISTRATE SONBHADRA_IDA)","CHHOTELAL","ROBERTSGANJ(SC)","Installation of semi high mast light in the main colony at the intersection of village Badaila  Block Nagwa","06-Sep-2024","260000","06-Feb-2025"
"2078","Normal/Others","WS/MP18236/2024-2025/139449-Lighting of public spaces","Uttar Pradesh","SONBHADRA(DISTRICT MAGISTRATE SONBHADRA_IDA)","CHHOTELAL","ROBERTSGANJ(SC)","Installation of semi high mast light near Sharma ji's house in village Chargada Block Nagwa","06-Sep-2024","260000","06-Feb-2025"
"2079","Normal/Others","WS/MP18236/2024-2025/139450-Construction of rooms and halls in school and colleges","Uttar Pradesh","SONBHADRA(DISTRICT MAGISTRATE SONBHADRA_IDA)","CHHOTELAL","ROBERTSGANJ(SC)","Renovation work of two rooms in Dr. Ram Manohar Lohia Mahavidyalaya Dilahi, Khairahi.","06-Sep-2024","1000000","18-Mar-2025"
"2080","Normal/Others","WS/MP18236/2024-2025/139451-Construction of culverts and bridges","Uttar Pradesh","SONBHADRA(DISTRICT MAGISTRATE SONBHADRA_IDA)","CHHOTELAL","ROBERTSGANJ(SC)","Culvert construction work near village Arouli Nautalla Block Robertsganj","06-Sep-2024","1600000","11-Feb-2025"
"2081","Normal/Others","WS/MP18236/2024-2025/139452-Development of playground","Uttar Pradesh","SONBHADRA(DISTRICT MAGISTRATE SONBHADRA_IDA)","CHHOTELAL","ROBERTSGANJ(SC)","Construction of dressing room, toilet and shed in the playground in village Deori Block Robertsganj","06-Sep-2024","1650000","11-Feb-2025"
"2082","Normal/Others","WS/MP18236/2024-2025/139453-Construction of common work sheds/ common covered sitting area","Uttar Pradesh","SONBHADRA(DISTRICT MAGISTRATE SONBHADRA_IDA)","CHHOTELAL","ROBERTSGANJ(SC)","Construction of platform, roof and interlocking next to the community building in Gram Panchayat Bahuar (Tola Badhauna).","06-Sep-2024","800000","11-Feb-2025"
"2083","Normal/Others","WS/MP18236/2024-2025/139454-Construction of roads, link roads, pathways or any other road with or without drainage system","Uttar Pradesh","SONBHADRA(DISTRICT MAGISTRATE SONBHADRA_IDA)","CHHOTELAL","ROBERTSGANJ(SC)","Construction of interlocking from main colony CC road to Bhagwandas' house in Gram Panchayat Mahuavankala Block Robertsganj","06-Sep-2024","500000","11-Feb-2025"
"2084","Normal/Others","WS/MP18236/2024-2025/139455-Construction of rooms and halls in school and colleges","Uttar Pradesh","SONBHADRA(DISTRICT MAGISTRATE SONBHADRA_IDA)","CHHOTELAL","ROBERTSGANJ(SC)","Construction of one room in Maa Motirani Devi Higher Secondary School Sirsia Kekrahi Sonbhadra in village Kekrahi","06-Sep-2024","500000","18-Mar-2025"
"2085","Normal/Others","WS/MP334/2024-2025/139456-Street lights","Jharkhand","BOKARO(DEPUTY COMMISSIONER BOKARO_IDA)","Shri Chandra Prakash Choudhary","GIRIDIH","installation of solar street light near rajrappa road arjun saw house in barkipunu","06-Sep-2024","22000","09-Oct-2024"
"2086","Normal/Others","WS/MP334/2024-2025/139457-Street lights","Jharkhand","BOKARO(DEPUTY COMMISSIONER BOKARO_IDA)","Shri Chandra Prakash Choudhary","GIRIDIH","installation of solar street light near murli prajapati house bajrangbali in barkipunu","06-Sep-2024","22000","09-Oct-2024"
"2087","Normal/Others","WS/MP334/2024-2025/139458-Street lights","Jharkhand","BOKARO(DEPUTY COMMISSIONER BOKARO_IDA)","Shri Chandra Prakash Choudhary","GIRIDIH","installation of solar street light near tarkeshwar prasad dawa dukar in barkipunu","06-Sep-2024","22000","09-Oct-2024"
"2088","Normal/Others","WS/MP334/2024-2025/139459-Street lights","Jharkhand","BOKARO(DEPUTY COMMISSIONER BOKARO_IDA)","Shri Chandra Prakash Choudhary","GIRIDIH","installation of solar street light near premlal saw house in barkipunu","06-Sep-2024","22000","09-Oct-2024"
"2089","Normal/Others","WS/MP334/2024-2025/139460-Street lights","Jharkhand","BOKARO(DEPUTY COMMISSIONER BOKARO_IDA)","Shri Chandra Prakash Choudhary","GIRIDIH","installation of solar street light near damodar dealer house in barkipunu.","06-Sep-2024","22000","09-Oct-2024"
"2090","Normal/Others","WS/MP334/2024-2025/139461-Street lights","Jharkhand","BOKARO(DEPUTY COMMISSIONER BOKARO_IDA)","Shri Chandra Prakash Choudhary","GIRIDIH","installation of solar street light near ramchandra saw house mansa mandir in barkipunu","06-Sep-2024","22000","09-Oct-2024"
"2091","Normal/Others","WS/MP334/2024-2025/139462-Street lights","Jharkhand","BOKARO(DEPUTY COMMISSIONER BOKARO_IDA)","Shri Chandra Prakash Choudhary","GIRIDIH","installation of solar street light near bajrangbali mandir haridgadda negachari karmali house in dhawaiya","06-Sep-2024","22000","09-Oct-2024"
"2092","Normal/Others","WS/MP334/2024-2025/139463-Street lights","Jharkhand","BOKARO(DEPUTY COMMISSIONER BOKARO_IDA)","Shri Chandra Prakash Choudhary","GIRIDIH","installation of solar street light near kander bazaartand in kander","06-Sep-2024","22000","09-Oct-2024"
"2093","Normal/Others","WS/MP334/2024-2025/139464-Street lights","Jharkhand","BOKARO(DEPUTY COMMISSIONER BOKARO_IDA)","Shri Chandra Prakash Choudhary","GIRIDIH","installation of solar street light near mahto tola karma akhada in kander","06-Sep-2024","22000","09-Oct-2024"
"2094","Normal/Others","WS/MP334/2024-2025/139465-Street lights","Jharkhand","BOKARO(DEPUTY COMMISSIONER BOKARO_IDA)","Shri Chandra Prakash Choudhary","GIRIDIH","installation of solar street light near bajrangbali mandir lohbonwa in kander","06-Sep-2024","22000","09-Oct-2024"
"2095","Normal/Others","WS/MP334/2024-2025/139466-Street lights","Jharkhand","BOKARO(DEPUTY COMMISSIONER BOKARO_IDA)","Shri Chandra Prakash Choudhary","GIRIDIH","installation of solar street light near darhabeda karma akhada in kander","06-Sep-2024","22000","09-Oct-2024"
"2096","Normal/Others","WS/MP334/2024-2025/139467-Street lights","Jharkhand","BOKARO(DEPUTY COMMISSIONER BOKARO_IDA)","Shri Chandra Prakash Choudhary","GIRIDIH","installation of solar street light near bajrang bali mandir tirathnath mahto house in kander","06-Sep-2024","22000","09-Oct-2024"
"2097","Normal/Others","WS/MP334/2024-2025/139468-Street lights","Jharkhand","BOKARO(DEPUTY COMMISSIONER BOKARO_IDA)","Shri Chandra Prakash Choudhary","GIRIDIH","installation of solar street light near gudemal kewat house in mahhuatanr","06-Sep-2024","22000","09-Oct-2024"
"2098","Normal/Others","WS/MP334/2024-2025/139469-Street lights","Jharkhand","BOKARO(DEPUTY COMMISSIONER BOKARO_IDA)","Shri Chandra Prakash Choudhary","GIRIDIH","installation of solar street light near shiv mandir in mahuatanr","06-Sep-2024","22000","09-Oct-2024"
"2099","Normal/Others","WS/MP334/2024-2025/139470-Street lights","Jharkhand","BOKARO(DEPUTY COMMISSIONER BOKARO_IDA)","Shri Chandra Prakash Choudhary","GIRIDIH","installation of solar street light near bajrangbali mandir in mahuatanr","06-Sep-2024","22000","09-Oct-2024"
"2100","Normal/Others","WS/MP18236/2024-2025/139471-Lighting of public spaces","Uttar Pradesh","CHANDAULI(DISTRICT MAGISTRATE CHANDAULI_IDA)","CHHOTELAL","ROBERTSGANJ(SC)","Installation of high mast light at Gandhi Park intersection in Chakia","06-Sep-2024","677108","02-Dec-2024"
"2101","Normal/Others","WS/MP18236/2024-2025/139472-Lighting of public spaces","Uttar Pradesh","CHANDAULI(DISTRICT MAGISTRATE CHANDAULI_IDA)","CHHOTELAL","ROBERTSGANJ(SC)","Installation of high mast light at a public place near village Baghi Durga Mandir Block Naugarh","06-Sep-2024","677108","02-Dec-2024"
"2102","Normal/Others","WS/MP334/2024-2025/139475-Street lights","Jharkhand","BOKARO(DEPUTY COMMISSIONER BOKARO_IDA)","Shri Chandra Prakash Choudhary","GIRIDIH","installation of solar street light near jhumra pahad gangadhar house in pachmo","06-Sep-2024","22000","09-Oct-2024"
"2103","Normal/Others","WS/MP334/2024-2025/139476-Street lights","Jharkhand","BOKARO(DEPUTY COMMISSIONER BOKARO_IDA)","Shri Chandra Prakash Choudhary","GIRIDIH","installation of solar street light near bisheshwar mahto house in jhumra pahad in pachmo","06-Sep-2024","22000","09-Oct-2024"
"2104","Normal/Others","WS/MP334/2024-2025/139477-Street lights","Jharkhand","BOKARO(DEPUTY COMMISSIONER BOKARO_IDA)","Shri Chandra Prakash Choudhary","GIRIDIH","installation of solar street light near jamini jara bhuneshwar mahto house in pachmo.","06-Sep-2024","22000","09-Oct-2024"
"2105","Normal/Others","WS/MP334/2024-2025/139478-Street lights","Jharkhand","BOKARO(DEPUTY COMMISSIONER BOKARO_IDA)","Shri Chandra Prakash Choudhary","GIRIDIH","installation of solar street light near dania borwa paani tola in tilaiya panchayat","06-Sep-2024","22000","09-Oct-2024"
"2106","Normal/Others","WS/MP334/2024-2025/139479-Street lights","Jharkhand","BOKARO(DEPUTY COMMISSIONER BOKARO_IDA)","Shri Chandra Prakash Choudhary","GIRIDIH","installation of solar street light near dania durga mandir in tilaiya","06-Sep-2024","22000","09-Oct-2024"
"2107","Normal/Others","WS/MP334/2024-2025/139481-Street lights","Jharkhand","BOKARO(DEPUTY COMMISSIONER BOKARO_IDA)","Shri Chandra Prakash Choudhary","GIRIDIH","installation of solar street light near dania shiv mandir in tilaiya.","06-Sep-2024","22000","09-Oct-2024"
"2108","Normal/Others","WS/MP334/2024-2025/139482-Street lights","Jharkhand","BOKARO(DEPUTY COMMISSIONER BOKARO_IDA)","Shri Chandra Prakash Choudhary","GIRIDIH","installation of solar street light near dania bajrangbali mandir in tilaiya","06-Sep-2024","22000","09-Oct-2024"
"2109","Normal/Others","WS/MP334/2024-2025/139483-Street lights","Jharkhand","BOKARO(DEPUTY COMMISSIONER BOKARO_IDA)","Shri Chandra Prakash Choudhary","GIRIDIH","installation of solar street light near dakasadam bajrang bali mandir in tilaiya.","06-Sep-2024","22000","09-Oct-2024"
"2110","Normal/Others","WS/MP334/2024-2025/139484-Street lights","Jharkhand","BOKARO(DEPUTY COMMISSIONER BOKARO_IDA)","Shri Chandra Prakash Choudhary","GIRIDIH","installation of solar street light near tilaiya shiv mandir in tilaiya.","06-Sep-2024","22000","08-Oct-2024"
"2111","Normal/Others","WS/MP334/2024-2025/139485-Street lights","Jharkhand","BOKARO(DEPUTY COMMISSIONER BOKARO_IDA)","Shri Chandra Prakash Choudhary","GIRIDIH","installation of solar street light near tilaiya bajrangbali mandir in tilaiya","06-Sep-2024","22000","08-Oct-2024"
"2112","Normal/Others","WS/MP334/2024-2025/139487-Street lights","Jharkhand","BOKARO(DEPUTY COMMISSIONER BOKARO_IDA)","Shri Chandra Prakash Choudhary","GIRIDIH","installation of solar street light near dania sarna sthal in tilaiya.","06-Sep-2024","22000","08-Oct-2024"
"2113","Normal/Others","WS/MP334/2024-2025/139488-Street lights","Jharkhand","BOKARO(DEPUTY COMMISSIONER BOKARO_IDA)","Shri Chandra Prakash Choudhary","GIRIDIH","installation of solar street light near phutkadih shiv mandir in tikahara.","06-Sep-2024","22000","08-Oct-2024"
"2114","Normal/Others","WS/MP334/2024-2025/139490-Street lights","Jharkhand","BOKARO(DEPUTY COMMISSIONER BOKARO_IDA)","Shri Chandra Prakash Choudhary","GIRIDIH","installation of solar street light near hazari mod shiv mandir in swang south panchayat","06-Sep-2024","22000","08-Oct-2024"
"2115","Normal/Others","WS/MP334/2024-2025/139491-Street lights","Jharkhand","BOKARO(DEPUTY COMMISSIONER BOKARO_IDA)","Shri Chandra Prakash Choudhary","GIRIDIH","installation of solar street light near patwa basti durga mandap in hazari panchayat.","06-Sep-2024","22000","08-Oct-2024"
"2116","Normal/Others","WS/MP334/2024-2025/139492-Street lights","Jharkhand","BOKARO(DEPUTY COMMISSIONER BOKARO_IDA)","Shri Chandra Prakash Choudhary","GIRIDIH","installation of solar street light near hazari vaidh tola mansa mandir in hazari","06-Sep-2024","22000","08-Oct-2024"
"2117","Normal/Others","WS/MP334/2024-2025/139493-Street lights","Jharkhand","BOKARO(DEPUTY COMMISSIONER BOKARO_IDA)","Shri Chandra Prakash Choudhary","GIRIDIH","installation of solar street light near hazari bajrang bali mandir in hazari","06-Sep-2024","22000","08-Oct-2024"
"2118","Normal/Others","WS/MP334/2024-2025/139494-Street lights","Jharkhand","BOKARO(DEPUTY COMMISSIONER BOKARO_IDA)","Shri Chandra Prakash Choudhary","GIRIDIH","installation of solar street light near kathara 4 number durga mandap in kathara.","06-Sep-2024","22000","08-Oct-2024"
"2119","Normal/Others","WS/MP18232/2024-2025/139498-Street lights","Uttar Pradesh","MUZAFFARNAGAR(DISTRICT MAGISTRATE MUZAFFARNAGAR_IDA)","HARENDRA SINGH MALIK","MUZAFFARNAGAR","jila kachahari me shitalvad park me sthit chaudhary charan singh sarvjanik pustkalay evm vachnalay me saur urja painal work","06-Sep-2024","984518","30-Nov-2024"
"2120","Normal/Others","WS/MP18019/2026-2027/139500-Construction of community centers and community halls","Assam","DIMA HASAO(DEPUTY COMMISSIONER Dima Hasao_IDA)","AMARSING TISSO","Diphu (ST)","Construction of Community Building with Library, Guest Room, Conference Room at Haflong, Dima Hasao District (Total Estd. Cost:- Rs. 1.00 Cr.) 1st Installment Rs. 50.00 Lakhs","06-Sep-2024","5000000","31-Jul-2026"
"2121","Normal/Others","WS/MP716/2024-2025/139506-Installing community drinking water plants","Punjab","BATHINDA(DEPUTY COMMISSIONER BHATINDA_IDA)","Smt Harsimrat Kaur Badal","BHATINDA","Installation of Water Motor of 7.5 hp","06-Sep-2024","200000","25-Sep-2024"
"2122","Normal/Others","WS/MP18006/2024-2025/139517-Construction of roads, link roads, pathways or any other road with or without drainage system","Andhra Pradesh","CHITTOOR(DISTRICT COLLECTOR CHITTOOR_IDA)","DAGGUMALLA PRASADA RAO","CHITTOOR","Construction of CC road from Thumba SC Colony BT Road to Sheshamma House near SC Colony burial ground road in Thumba Village and GP of Bangarupalem Mandal, Puthalapattu Constituency.","06-Sep-2024","500000","25-Sep-2024"
"2123","Normal/Others","WS/MP18006/2024-2025/139518-Construction of roads, link roads, pathways or any other road with or without drainage system","Andhra Pradesh","CHITTOOR(DISTRICT COLLECTOR CHITTOOR_IDA)","DAGGUMALLA PRASADA RAO","CHITTOOR","Construction of CC road from Sheshamma House SC Colony Burial Ground Road to SC Colony burial ground in Thumba Village and GP of Bangarupalem Mandal, Puthalapattu Constituency.","06-Sep-2024","500000","25-Sep-2024"
"2124","Normal/Others","WS/MP18006/2024-2025/139520-Construction of boundary walls of existing public and community buildings","Andhra Pradesh","CHITTOOR(DISTRICT COLLECTOR CHITTOOR_IDA)","DAGGUMALLA PRASADA RAO","CHITTOOR","Construction of Compound Wall and jungle bushes clear, stone removed for Burial Ground in Thumba ST Colony and Village, Thuma GP of Bangarupalem Mandal, Puthalapattu Constituency","06-Sep-2024","500000","07-Oct-2024"
"2125","Normal/Others","WS/MP18006/2024-2025/139521-Construction of roads, link roads, pathways or any other road with or without drainage system","Andhra Pradesh","CHITTOOR(DISTRICT COLLECTOR CHITTOOR_IDA)","DAGGUMALLA PRASADA RAO","CHITTOOR","Construction of CC road from Kummari Arnapoorna House to Chalapathi House in Samudrampalli Village and GP of Palamaneru Mandal, Palamaneru Constituency.","06-Sep-2024","100000","04-Oct-2024"
"2126","Normal/Others","WS/MP18006/2024-2025/139524-Installing community drinking water plants","Andhra Pradesh","CHITTOOR(DISTRICT COLLECTOR CHITTOOR_IDA)","DAGGUMALLA PRASADA RAO","CHITTOOR","Providing Water Plant System to Yenuguntapalli Village in Cherlopalli GP of Chittoor rural Mandal, Chittoor Constituency.","06-Sep-2024","232853","17-Sep-2024"
"2127","Normal/Others","WS/MP18006/2024-2025/139525-Construction of boundary walls of existing public and community buildings","Andhra Pradesh","CHITTOOR(DISTRICT COLLECTOR CHITTOOR_IDA)","DAGGUMALLA PRASADA RAO","CHITTOOR","Construction of Compound wall to Dumping Yard at Kammapalle HW in Cherlopalli GP of Chittoor rural Mandal, Chittoor Constituency","06-Sep-2024","500000","25-Sep-2024"
"2128","Normal/Others","WS/MP18006/2024-2025/139526-Construction of toilet blocks","Andhra Pradesh","CHITTOOR(DISTRICT COLLECTOR CHITTOOR_IDA)","DAGGUMALLA PRASADA RAO","CHITTOOR","Construction of Toilets to Anganwadi School at Kammapalle HW, Village in Cherlopalli GP of Chittoor rural Mandal, Chittoor Constituency","06-Sep-2024","250000","17-Sep-2024"
"2129","Normal/Others","WS/MP18006/2024-2025/139527-Crematoriums/energy efficient crematoriums or structures on burial/cremation ground","Andhra Pradesh","CHITTOOR(DISTRICT COLLECTOR CHITTOOR_IDA)","DAGGUMALLA PRASADA RAO","CHITTOOR","Construction of Compound wall & providing other facilities in Burial Ground at Srinivasa Nagar colony, Chittoor 8th ward nearby Government ITI college of Chittoor Constituency.","06-Sep-2024","1470000","09-Oct-2024"
"2130","Normal/Others","WS/MP18006/2024-2025/139528-Crematoriums/energy efficient crematoriums or structures on burial/cremation ground","Andhra Pradesh","CHITTOOR(DISTRICT COLLECTOR CHITTOOR_IDA)","DAGGUMALLA PRASADA RAO","CHITTOOR","Construction of Compound Wall and Burning Shed for Burial Ground in Krishnapuram Village of Ammapalle (GP), Karvetinagaram Mandal of GD Nellore Constituency","06-Sep-2024","500000","07-Oct-2024"
"2131","Normal/Others","WS/MP18006/2024-2025/139529-Providing drains and gutters for public drainage","Andhra Pradesh","CHITTOOR(DISTRICT COLLECTOR CHITTOOR_IDA)","DAGGUMALLA PRASADA RAO","CHITTOOR","Construction of CC Open Drainage System with cover Slab from Syamala House to Kalemma Temple at Muthukuru HW H/o Muthukuru GP in Chittoor rural Manadal of Chittoor Constituency.","06-Sep-2024","459650","17-Sep-2024"
"2132","Normal/Others","WS/MP18006/2024-2025/139530-Providing drains and gutters for public drainage","Andhra Pradesh","CHITTOOR(DISTRICT COLLECTOR CHITTOOR_IDA)","DAGGUMALLA PRASADA RAO","CHITTOOR","Construction of CC Open Drainage System with cover Slab from Jhon House to Jyothi House at Muthukuru HW H/o Muthukuru GP in Chittoor rural Manadal of Chittoor Constituency.","06-Sep-2024","489895","17-Sep-2024"
"2133","Normal/Others","WS/MP18006/2024-2025/139531-Construction of public irrigation facilities","Andhra Pradesh","CHITTOOR(DISTRICT COLLECTOR CHITTOOR_IDA)","DAGGUMALLA PRASADA RAO","CHITTOOR","Excavation of feedefr channel of Vengamreddy Cheruvu near Patooru (V) in Patooru GP in Puthalapattu Manadal of Puthalapattu Constituency.","06-Sep-2024","500000","28-Oct-2024"
"2134","Normal/Others","WS/MP18006/2024-2025/139532-Renovation of ponds and lakes","Andhra Pradesh","CHITTOOR(DISTRICT COLLECTOR CHITTOOR_IDA)","DAGGUMALLA PRASADA RAO","CHITTOOR","Restoration of Bund of Polynayani Cheruvu near Patooru (V) in Patooru GP in Puthalapattu Manadal of Puthalapattu Constituency.","06-Sep-2024","500000","28-Oct-2024"
"2135","Normal/Others","WS/MP18006/2024-2025/139533-Renovation of ponds and lakes","Andhra Pradesh","CHITTOOR(DISTRICT COLLECTOR CHITTOOR_IDA)","DAGGUMALLA PRASADA RAO","CHITTOOR","Repairs to surplus weir of Polynayani Cheruvu near Patooru (V) in Patooru GP in Puthalapattu Manadal of Puthalapattu Constituency.","06-Sep-2024","500000","28-Oct-2024"
"2136","Normal/Others","WS/MP18172/2025-2026/139543-Construction of community centers and community halls","Rajasthan","Salumbar(DISTRICT COLLECTOR Salumbar_IDA)","MANNA LAL RAWAT","UDAIPUR(ST)","community hall at dharal mata, nathara, sarada, salumbar","09-Sep-2024","1000000","14-Oct-2025"
"2137","Normal/Others","WS/MP858/2024-2025/139546-Construction of roads, link roads, pathways or any other road with or without drainage system","West Bengal","BIRBHUM(DISTRICT MAGISTRATE BIRBHUM_IDA)","Asit Kumar Mal","BOLPUR(SC)","Construction of CC ROAD FROM FARING HOUSE TO CHARKALGRAM HIGH SCHOOL AT KHALA.EXECUTING AGENCY WILL BE ,EO NANOOR PANCHAYAT SAMITI.","07-Sep-2024","5023131","02-Dec-2024"
"2138","Normal/Others","WS/MP858/2024-2025/139547-Providing drains and gutters for public drainage","West Bengal","BIRBHUM(DISTRICT MAGISTRATE BIRBHUM_IDA)","Asit Kumar Mal","BOLPUR(SC)","Construction of concrete drain from MUKTI MONDAL house to KANTI MONDAL house. at khala, Executing Agency will be EO NANOOR PANCHATY SAMITI.","07-Sep-2024","1024370","02-Dec-2024"
"2139","Normal/Others","WS/MP823/2024-2025/139548-Construction of culverts and bridges","West Bengal","NADIA(DISTRICT MAGISTRATE NADIA_IDA)","Ms Mahua Moitra","KRISHNANAGAR","Construction of Culvert at Nichupara Canel Under Matiari Village near the land of Sushanta Das & Jagannath Das under Matiyari Gram Panchayat, Block Kaliganj, Nadia.","07-Sep-2024","6433401","11-Dec-2024"
"2140","Normal/Others","WS/MP823/2024-2025/139549-Construction of rooms and halls in school and colleges","West Bengal","NADIA(DISTRICT MAGISTRATE NADIA_IDA)","Ms Mahua Moitra","KRISHNANAGAR","Construction of Auditorium Hall at Muragachha High School under Muragachha Gram Panchyat, Block Nakashipara, Nadia.","07-Sep-2024","1999484","11-Dec-2024"
"2141","Normal/Others","WS/MP823/2024-2025/139550-Construction of buildings for crèches and anganwadies","West Bengal","NADIA(DISTRICT MAGISTRATE NADIA_IDA)","Ms Mahua Moitra","KRISHNANAGAR","Construction of a ICDS Centre No 396 Near Anjoli Sardar house at Miraipur Under Dogachhia GP, Nakashipara Block, Nadia.","07-Sep-2024","848308","05-Dec-2024"
"2142","Normal/Others","WS/MP823/2024-2025/139551-Construction of buildings for crèches and anganwadies","West Bengal","NADIA(DISTRICT MAGISTRATE NADIA_IDA)","Ms Mahua Moitra","KRISHNANAGAR","Construction of a ICDS Centre No 105 Near Nittyapada Roy  house at Nangla under Dogachhia GP, Nakashipara Block, Nadia.","07-Sep-2024","849349","05-Dec-2024"
"2143","Normal/Others","WS/MP823/2024-2025/139552-Construction of culverts and bridges","West Bengal","NADIA(DISTRICT MAGISTRATE NADIA_IDA)","Ms Mahua Moitra","KRISHNANAGAR","Construction of Cross Drain Near  Sadhon Mondal and Dilip Ghosh House under Dogachhia GP, Nakashipara Block, Nadia.","07-Sep-2024","399842","05-Dec-2024"
"2144","Normal/Others","WS/MP823/2024-2025/139553-Construction of roads, link roads, pathways or any other road with or without drainage system","West Bengal","NADIA(DISTRICT MAGISTRATE NADIA_IDA)","Ms Mahua Moitra","KRISHNANAGAR","Construction of Concreat Road from Saru Hajra House to Sahidul Hajra House via Abdul Gani House  under Haranagar GP, Block Nakashipara, Nadia.","07-Sep-2024","1645589","11-Dec-2024"
"2145","Normal/Others","WS/MP823/2024-2025/139554-Construction of roads, link roads, pathways or any other road with or without drainage system","West Bengal","NADIA(DISTRICT MAGISTRATE NADIA_IDA)","Ms Mahua Moitra","KRISHNANAGAR","Construction of Black top Road from Najir Sk House to Lalai SK House Under Bikrampur GP, Block Nakashipara, Nadia.","07-Sep-2024","1147122","11-Dec-2024"
"2146","Normal/Others","WS/MP823/2024-2025/139555-Construction of culverts and bridges","West Bengal","NADIA(DISTRICT MAGISTRATE NADIA_IDA)","Ms Mahua Moitra","KRISHNANAGAR","Construction of  Box Culvert near SonadahaPara to Howlia Under Natna GP, Block Tehatta-1, Nadia.","07-Sep-2024","4903989","16-Dec-2024"
"2147","Normal/Others","WS/MP823/2024-2025/139556-Construction of rooms and halls in school and colleges","West Bengal","NADIA(DISTRICT MAGISTRATE NADIA_IDA)","Ms Mahua Moitra","KRISHNANAGAR","Decoration of Smart Class Room at Asannagar MMT College under Asannagar GP, Block Krishnagar-I, Nadia.","07-Sep-2024","1938436","27-Jan-2025"
"2148","Normal/Others","WS/MP823/2024-2025/139557-Construction of common work sheds/ common covered sitting area","West Bengal","NADIA(DISTRICT MAGISTRATE NADIA_IDA)","Ms Mahua Moitra","KRISHNANAGAR","Construction of Wating Sheed at Kotwali Police Station under Krishnagar Municipality, Nadia.","07-Sep-2024","370902","12-Dec-2024"
"2149","Normal/Others","WS/MP18095/2025-2026/139562-Purchase of IT systems, including hardware and software for educational purposes","Kerala","KOLLAM(DISTRICT COLLECTOR KOLLAM_IDA)","K. C VENUGOPAL","ALAPPUZHA","Purchase of 20 Laptops for Shanmukha Vilasam HSS, Clappana","07-Sep-2024","800000","09-Jun-2025"
"2150","Normal/Others","WS/MP18101/2024-2025/139569-Construction of additional rooms and halls in the existing public and community building","Madhya Pradesh","DAMOH(DISTRICT COLLECTOR DAMOH_IDA)","RAHUL SINGH LODHI","DAMOH","atirikt kakch niman kary panchayat bhavan ke piche vyayam sala ke pass gram panchayat abhana","07-Sep-2024","500000","01-Oct-2024"
"2151","Normal/Others","WS/MP410/2024-2025/139571-Construction of culverts and bridges","Assam","DHEMAJI(DEPUTY COMMISSIONER DHEMAJI_IDA)","Pradan Baruah","LAKHIMPUR","Construction of Temporary Iron Bridge at Kemi River under MPLADS, for the year 2024-25","07-Sep-2024","3600000","19-Mar-2025"
"2152","Normal/Others","WS/MP422/2024-2025/139572-Lighting of public spaces","Bihar","SUPAUL(DISTRICT PLANNING OFFICER SUPAUL_IDA)","Dileshwar Kamait","SUPAUL","PIPRA PRAKHAND KE NIRMALI BAZAR ME 327 KE BAGAL HIGH MAST LIGHT KA ADHISTHAPAN","07-Sep-2024","921000","27-Mar-2025"
"2153","Normal/Others","WS/MP422/2024-2025/139573-Lighting of public spaces","Bihar","SUPAUL(DISTRICT PLANNING OFFICER SUPAUL_IDA)","Dileshwar Kamait","SUPAUL","HIGH MAST LIGHT KA ADHISTHAPAN - 1","07-Sep-2024","921000","27-Mar-2025"
"2154","Normal/Others","WS/MP422/2024-2025/139574-Lighting of public spaces","Bihar","SUPAUL(DISTRICT PLANNING OFFICER SUPAUL_IDA)","Dileshwar Kamait","SUPAUL","HIGH MAST LIGHT KA ADHISTHAPAN","07-Sep-2024","921000","27-Mar-2025"
"2155","Normal/Others","WS/MP422/2024-2025/139575-Lighting of public spaces","Bihar","SUPAUL(DISTRICT PLANNING OFFICER SUPAUL_IDA)","Dileshwar Kamait","SUPAUL","HIGH MAST LIGHT KA ADHISTHAPAN -1","07-Sep-2024","921000","27-Mar-2025"
"2156","Normal/Others","WS/MP422/2024-2025/139576-Lighting of public spaces","Bihar","SUPAUL(DISTRICT PLANNING OFFICER SUPAUL_IDA)","Dileshwar Kamait","SUPAUL","HIGH MAST LIGHT KA ADHISTHAPAN","07-Sep-2024","921000","27-Mar-2025"
"2157","Normal/Others","WS/MP643/2024-2025/139577-Purchase Books for Library","Madhya Pradesh","Khandwa (East Nimar)(DISTRICT COLLECTOR EAST NIMAR_IDA)","Gyaneshwar Patil","KHANDWA","books suplly at various schools of khandwa district","07-Sep-2024","100000","06-Jan-2025"
"2158","Normal/Others","WS/MP643/2024-2025/139578-Purchase Books for Library","Madhya Pradesh","Khandwa (East Nimar)(DISTRICT COLLECTOR EAST NIMAR_IDA)","Gyaneshwar Patil","KHANDWA","books suplly at various schools of khandwa district","07-Sep-2024","100000","06-Jan-2025"
"2159","Normal/Others","WS/MP643/2024-2025/139579-Purchase Books for Library","Madhya Pradesh","Khandwa (East Nimar)(DISTRICT COLLECTOR EAST NIMAR_IDA)","Gyaneshwar Patil","KHANDWA","books suplly at various schools of khandwa district","07-Sep-2024","100000","06-Jan-2025"
"2160","Normal/Others","WS/MP643/2024-2025/139580-Purchase Books for Library","Madhya Pradesh","Khandwa (East Nimar)(DISTRICT COLLECTOR EAST NIMAR_IDA)","Gyaneshwar Patil","KHANDWA","books suplly at various schools of khandwa district","07-Sep-2024","100000","06-Jan-2025"
"2161","Normal/Others","WS/MP643/2024-2025/139581-Purchase Books for Library","Madhya Pradesh","Khandwa (East Nimar)(DISTRICT COLLECTOR EAST NIMAR_IDA)","Gyaneshwar Patil","KHANDWA","books suplly at various schools of khandwa district","07-Sep-2024","100000","06-Jan-2025"
"2162","Normal/Others","WS/MP643/2024-2025/139582-Purchase Books for Library","Madhya Pradesh","Khandwa (East Nimar)(DISTRICT COLLECTOR EAST NIMAR_IDA)","Gyaneshwar Patil","KHANDWA","books suplly at various schools of khandwa district","07-Sep-2024","100000","06-Jan-2025"
"2163","Normal/Others","WS/MP643/2024-2025/139583-Purchase Books for Library","Madhya Pradesh","Khandwa (East Nimar)(DISTRICT COLLECTOR EAST NIMAR_IDA)","Gyaneshwar Patil","KHANDWA","books suplly at various schools of khandwa district","07-Sep-2024","100000","06-Jan-2025"
"2164","Normal/Others","WS/MP643/2024-2025/139584-Purchase Books for Library","Madhya Pradesh","Khandwa (East Nimar)(DISTRICT COLLECTOR EAST NIMAR_IDA)","Gyaneshwar Patil","KHANDWA","books suplly at various schools of khandwa district","07-Sep-2024","100000","06-Jan-2025"
"2165","Normal/Others","WS/MP643/2024-2025/139585-Purchase Books for Library","Madhya Pradesh","Khandwa (East Nimar)(DISTRICT COLLECTOR EAST NIMAR_IDA)","Gyaneshwar Patil","KHANDWA","books suplly at various schools of khandwa district","07-Sep-2024","100000","06-Jan-2025"
"2166","Normal/Others","WS/MP643/2024-2025/139586-Purchase Books for Library","Madhya Pradesh","Khandwa (East Nimar)(DISTRICT COLLECTOR EAST NIMAR_IDA)","Gyaneshwar Patil","KHANDWA","books suplly at various schools of khandwa district","07-Sep-2024","100000","06-Jan-2025"
"2167","Normal/Others","WS/MP643/2024-2025/139591-Purchase Books for Library","Madhya Pradesh","Khandwa (East Nimar)(DISTRICT COLLECTOR EAST NIMAR_IDA)","Gyaneshwar Patil","KHANDWA","supply of books for various schools at khandwa district","07-Sep-2024","100000","06-Jan-2025"
"2168","Normal/Others","WS/MP643/2024-2025/139592-Purchase Books for Library","Madhya Pradesh","Khandwa (East Nimar)(DISTRICT COLLECTOR EAST NIMAR_IDA)","Gyaneshwar Patil","KHANDWA","supply of books for various schools at khandwa district","07-Sep-2024","100000","06-Jan-2025"
"2169","Normal/Others","WS/MP643/2024-2025/139593-Purchase Books for Library","Madhya Pradesh","Khandwa (East Nimar)(DISTRICT COLLECTOR EAST NIMAR_IDA)","Gyaneshwar Patil","KHANDWA","supply of books for various schools at khandwa district","07-Sep-2024","100000","06-Jan-2025"
"2170","Normal/Others","WS/MP643/2024-2025/139594-Purchase Books for Library","Madhya Pradesh","Khandwa (East Nimar)(DISTRICT COLLECTOR EAST NIMAR_IDA)","Gyaneshwar Patil","KHANDWA","supply of books for various schools at khandwa district","07-Sep-2024","100000","06-Jan-2025"
"2171","Normal/Others","WS/MP643/2024-2025/139595-Purchase Books for Library","Madhya Pradesh","Khandwa (East Nimar)(DISTRICT COLLECTOR EAST NIMAR_IDA)","Gyaneshwar Patil","KHANDWA","supply of books for various schools at khandwa district","07-Sep-2024","100000","06-Jan-2025"
"2172","Normal/Others","WS/MP422/2024-2025/139596-Lighting of public spaces","Bihar","SUPAUL(DISTRICT PLANNING OFFICER SUPAUL_IDA)","Dileshwar Kamait","SUPAUL","HIGH MAST LIGHT KA ADHISTHAPAN -1","07-Sep-2024","921000","27-Mar-2025"
"2173","Normal/Others","NA-Lighting of public spaces","Bihar","SUPAUL(DISTRICT PLANNING OFFICER SUPAUL_IDA)","Dileshwar Kamait","SUPAUL","HIGH MAST LIGHT KA ADHISTHAPAN-1","07-Sep-2024","925000","NA"
"2174","Normal/Others","WS/MP422/2024-2025/139598-Lighting of public spaces","Bihar","SUPAUL(DISTRICT PLANNING OFFICER SUPAUL_IDA)","Dileshwar Kamait","SUPAUL","HIGH MAST LIGHT KA ADHISTHAPAN -1","07-Sep-2024","921000","27-Mar-2025"
"2175","Normal/Others","WS/MP422/2024-2025/139599-Lighting of public spaces","Bihar","SUPAUL(DISTRICT PLANNING OFFICER SUPAUL_IDA)","Dileshwar Kamait","SUPAUL","HIGH MAST LIGHT KA ADHISTHAPAN -1","07-Sep-2024","921000","27-Mar-2025"
"2176","Normal/Others","WS/MP422/2024-2025/139600-Lighting of public spaces","Bihar","SUPAUL(DISTRICT PLANNING OFFICER SUPAUL_IDA)","Dileshwar Kamait","SUPAUL","HIGH MAST LIGHT KA ADHISTHAPAN -1","07-Sep-2024","921000","17-Mar-2025"
"2177","Normal/Others","WS/MP422/2024-2025/139604-Lighting of public spaces","Bihar","SUPAUL(DISTRICT PLANNING OFFICER SUPAUL_IDA)","Dileshwar Kamait","SUPAUL","HIGH MAST LIGHT KA ADHISTHAPAN-1","07-Sep-2024","921000","17-Mar-2025"
"2178","Normal/Others","WS/MP422/2024-2025/139605-Lighting of public spaces","Bihar","SUPAUL(DISTRICT PLANNING OFFICER SUPAUL_IDA)","Dileshwar Kamait","SUPAUL","HIGH MAST LIGHT KA ADHISTHAPAN-1","07-Sep-2024","921000","17-Mar-2025"
"2179","Normal/Others","WS/MP422/2024-2025/139606-Lighting of public spaces","Bihar","SUPAUL(DISTRICT PLANNING OFFICER SUPAUL_IDA)","Dileshwar Kamait","SUPAUL","HIGH MAST LIGHT KA ADHISTHAPAN-1","07-Sep-2024","921000","17-Mar-2025"
"2180","Normal/Others","WS/MP422/2024-2025/139607-Lighting of public spaces","Bihar","SUPAUL(DISTRICT PLANNING OFFICER SUPAUL_IDA)","Dileshwar Kamait","SUPAUL","HIGH MAST LIGHT KA ADHISTHAPAN-1","07-Sep-2024","921000","17-Mar-2025"
"2181","Normal/Others","WS/MP422/2024-2025/139608-Lighting of public spaces","Bihar","SUPAUL(DISTRICT PLANNING OFFICER SUPAUL_IDA)","Dileshwar Kamait","SUPAUL","HIGH MAST LIGHT KA ADHISTHAPAN","07-Sep-2024","921000","17-Mar-2025"
"2182","Normal/Others","WS/MP18176/2024-2025/139718-Construction of buildings for crèches and anganwadies","Tamil Nadu","DINDIGUL(DISTRICT COLLECTOR DINDIGUL_IDA)","SACHITHANANTHAM R","DINDIGUL","CONSTRUCTION OF SEMMETTUPATTI ANGANWADI BUILDING","09-Sep-2024","1653634","20-Sep-2024"
"2183","Normal/Others","WS/MP18176/2024-2025/139719-Construction of buildings for community cultural activities","Tamil Nadu","DINDIGUL(DISTRICT COLLECTOR DINDIGUL_IDA)","SACHITHANANTHAM R","DINDIGUL","CONSTRUCTION OF DRAMA STAGE SERVEEDU PUDUR @ VELAMPATTI","07-Sep-2024","847547","12-Mar-2025"
"2184","Normal/Others","WS/MP18253/2024-2025/139726-Construction of roads, link roads, pathways or any other road with or without drainage system","West Bengal","South 24 Parganas(DISTRICT MAGISTRATE SOUTH TWENTY FOUR PARGANAS_IDA)","BAPI HALDAR","MATHURAPUR(SC)","CONSTRUCTION OF CC ROAD FROM BHOLA HALDER HOUSE TO PARITOSH MONDALHOUSE","07-Sep-2024","400000","19-Nov-2024"
"2185","Normal/Others","WS/MP18253/2024-2025/139727-Construction of roads, link roads, pathways or any other road with or without drainage system","West Bengal","South 24 Parganas(DISTRICT MAGISTRATE SOUTH TWENTY FOUR PARGANAS_IDA)","BAPI HALDAR","MATHURAPUR(SC)","CONSTRUCTION OF CC ROAD FROM ARABINDU RUIDAS  HOUSE TO BHOLA RUIDAS HOUSE","07-Sep-2024","300000","19-Nov-2024"
"2186","Normal/Others","WS/MP18253/2024-2025/139729-Providing drains and gutters for public drainage","West Bengal","South 24 Parganas(DISTRICT MAGISTRATE SOUTH TWENTY FOUR PARGANAS_IDA)","BAPI HALDAR","MATHURAPUR(SC)","CONSTRUCTION OF CONCRET DRAIN FROM NAJIM SARDAR  HOUSE TO MOSTAQUE HOSAINPURKAIT SHOP","07-Sep-2024","300000","19-Nov-2024"
"2187","Normal/Others","WS/MP18253/2024-2025/139731-Construction of roads, link roads, pathways or any other road with or without drainage system","West Bengal","South 24 Parganas(DISTRICT MAGISTRATE SOUTH TWENTY FOUR PARGANAS_IDA)","BAPI HALDAR","MATHURAPUR(SC)","CONSTRUCTION OF CC ROAD WITH PAILING FROM SANJAY MANNA  HOUSE TO ABDUR RAHAMAN LASKAR HOUSE","07-Sep-2024","500000","19-Nov-2024"
"2188","Normal/Others","WS/MP18253/2024-2025/139732-Construction of roads, link roads, pathways or any other road with or without drainage system","West Bengal","South 24 Parganas(DISTRICT MAGISTRATE SOUTH TWENTY FOUR PARGANAS_IDA)","BAPI HALDAR","MATHURAPUR(SC)","CONSTRUCTION OF CC ROAD FROM SUBHRA HOUSE TO JAKIR HOSAIN HOUSE","07-Sep-2024","600000","19-Nov-2024"
"2189","Normal/Others","WS/MP18253/2024-2025/139733-Construction of roads, link roads, pathways or any other road with or without drainage system","West Bengal","South 24 Parganas(DISTRICT MAGISTRATE SOUTH TWENTY FOUR PARGANAS_IDA)","BAPI HALDAR","MATHURAPUR(SC)","CONSTRUCTION OF CC ROAD FROM MAIDUL HALDER HOUSE TO SUJA UDDIN HOUSE","07-Sep-2024","600000","19-Nov-2024"
"2190","Normal/Others","WS/MP18253/2024-2025/139734-Construction of roads, link roads, pathways or any other road with or without drainage system","West Bengal","South 24 Parganas(DISTRICT MAGISTRATE SOUTH TWENTY FOUR PARGANAS_IDA)","BAPI HALDAR","MATHURAPUR(SC)","CONSTRUCTION OF CC ROAD FROM CHAKA ESPAN LASKAR HOUSE TO AHAD LASKAR HOUSE","07-Sep-2024","300000","19-Nov-2024"
"2191","Normal/Others","WS/MP18253/2024-2025/139735-Construction of roads, link roads, pathways or any other road with or without drainage system","West Bengal","South 24 Parganas(DISTRICT MAGISTRATE SOUTH TWENTY FOUR PARGANAS_IDA)","BAPI HALDAR","MATHURAPUR(SC)","CONSTRUCTION OF CC ROAD WITH PAILING FROM SIBPUR BATTALA TO JOTIRMOY BHANDARY LAND","07-Sep-2024","500000","19-Nov-2024"
"2192","Normal/Others","WS/MP18253/2024-2025/139736-Construction of roads, link roads, pathways or any other road with or without drainage system","West Bengal","South 24 Parganas(DISTRICT MAGISTRATE SOUTH TWENTY FOUR PARGANAS_IDA)","BAPI HALDAR","MATHURAPUR(SC)","CONSTRUCTION OF CC ROAD FROM KHELARAMPUR DOCTOR POLE TO ASHRAM MORE","07-Sep-2024","500000","19-Nov-2024"
"2193","Normal/Others","WS/MP18253/2024-2025/139737-Construction of roads, link roads, pathways or any other road with or without drainage system","West Bengal","South 24 Parganas(DISTRICT MAGISTRATE SOUTH TWENTY FOUR PARGANAS_IDA)","BAPI HALDAR","MATHURAPUR(SC)","CONSTRUCTION OF CC ROAD FROM SERPUR TOLE 10 BIGHAR MORE TO KAJLA PARA","07-Sep-2024","500000","19-Nov-2024"
"2194","Normal/Others","WS/MP18253/2024-2025/139738-Construction of roads, link roads, pathways or any other road with or without drainage system","West Bengal","South 24 Parganas(DISTRICT MAGISTRATE SOUTH TWENTY FOUR PARGANAS_IDA)","BAPI HALDAR","MATHURAPUR(SC)","CONSTRUCTION OF CC ROAD WITH PAILING FROM IDGAH MATH  TO SARBERIYA KORANIYA MADRASHA","07-Sep-2024","300000","19-Nov-2024"
"2195","Normal/Others","WS/MP18253/2024-2025/139739-Construction of roads, link roads, pathways or any other road with or without drainage system","West Bengal","South 24 Parganas(DISTRICT MAGISTRATE SOUTH TWENTY FOUR PARGANAS_IDA)","BAPI HALDAR","MATHURAPUR(SC)","CONSTRUCTION OF CC ROAD FROM ASHROM TO SUBHRA MONDALPUKURPAR","07-Sep-2024","400000","19-Nov-2024"
"2196","Normal/Others","WS/MP18253/2024-2025/139740-Construction of roads, link roads, pathways or any other road with or without drainage system","West Bengal","South 24 Parganas(DISTRICT MAGISTRATE SOUTH TWENTY FOUR PARGANAS_IDA)","BAPI HALDAR","MATHURAPUR(SC)","CONSTRUCTION OF CC ROAD FROM PADUMA SARAFAT HALDER SHOP  TO ID GAH MATH","07-Sep-2024","600000","19-Nov-2024"
"2197","Normal/Others","WS/MP18253/2024-2025/139741-Construction of roads, link roads, pathways or any other road with or without drainage system","West Bengal","South 24 Parganas(DISTRICT MAGISTRATE SOUTH TWENTY FOUR PARGANAS_IDA)","BAPI HALDAR","MATHURAPUR(SC)","CONSTRUCTION OF CC ROAD FROM UJILBERIYA ASIT BAR HOUSE TO KATH POLE","07-Sep-2024","600000","19-Nov-2024"
"2198","Normal/Others","WS/MP18176/2024-2025/139742-Construction of buildings for crèches and anganwadies","Tamil Nadu","DINDIGUL(DISTRICT COLLECTOR DINDIGUL_IDA)","SACHITHANANTHAM R","DINDIGUL","CONSTRUCTION OF KARIYAMPATTY MUTHU NAGAR ANGANWADI BUILDING","09-Sep-2024","1655000","16-Sep-2024"
"2199","Normal/Others","WS/MP334/2024-2025/139743-Street lights","Jharkhand","BOKARO(DEPUTY COMMISSIONER BOKARO_IDA)","Shri Chandra Prakash Choudhary","GIRIDIH","installation of solar street light near bandh basti kali mandir in bandh","09-Sep-2024","22000","08-Oct-2024"
"2200","Normal/Others","WS/MP334/2024-2025/139744-Street lights","Jharkhand","BOKARO(DEPUTY COMMISSIONER BOKARO_IDA)","Shri Chandra Prakash Choudhary","GIRIDIH","installation of solar street light near durga mandap tenughat 2 number in sahrachiya","09-Sep-2024","22000","08-Oct-2024"
"2201","Normal/Others","WS/MP334/2024-2025/139745-Street lights","Jharkhand","BOKARO(DEPUTY COMMISSIONER BOKARO_IDA)","Shri Chandra Prakash Choudhary","GIRIDIH","installation of solar street light near durga mandap bangali tola in saram west","09-Sep-2024","22000","08-Oct-2024"
"2202","Normal/Others","WS/MP334/2024-2025/139746-Street lights","Jharkhand","BOKARO(DEPUTY COMMISSIONER BOKARO_IDA)","Shri Chandra Prakash Choudhary","GIRIDIH","installation of solar street light near budhwa mahadev in saram bazar","09-Sep-2024","22000","08-Oct-2024"
"2203","Normal/Others","WS/MP334/2024-2025/139747-Street lights","Jharkhand","BOKARO(DEPUTY COMMISSIONER BOKARO_IDA)","Shri Chandra Prakash Choudhary","GIRIDIH","installation of solar street light near kali mandap in hosir west","09-Sep-2024","22000","08-Oct-2024"
"2204","Normal/Others","WS/MP334/2024-2025/139748-Street lights","Jharkhand","BOKARO(DEPUTY COMMISSIONER BOKARO_IDA)","Shri Chandra Prakash Choudhary","GIRIDIH","installation of solar street light near bajrangbali mandir purana minus in swang north","09-Sep-2024","22000","08-Oct-2024"
"2205","Normal/Others","WS/MP334/2024-2025/139749-Street lights","Jharkhand","BOKARO(DEPUTY COMMISSIONER BOKARO_IDA)","Shri Chandra Prakash Choudhary","GIRIDIH","installation of solar street light near shiv mandir pipradih in swang north","09-Sep-2024","22000","08-Oct-2024"
"2206","Normal/Others","WS/MP334/2024-2025/139750-Street lights","Jharkhand","BOKARO(DEPUTY COMMISSIONER BOKARO_IDA)","Shri Chandra Prakash Choudhary","GIRIDIH","installation of solar street light near prakhand colony visheshwar dham mandir in sadma kala.","09-Sep-2024","22000","08-Oct-2024"
"2207","Normal/Others","WS/MP334/2024-2025/139751-Street lights","Jharkhand","BOKARO(DEPUTY COMMISSIONER BOKARO_IDA)","Shri Chandra Prakash Choudhary","GIRIDIH","installation of solar street light near ram mandir brajesh mishra house in sadma kalan.","09-Sep-2024","22000","08-Oct-2024"
"2208","Normal/Others","WS/MP334/2024-2025/139752-Street lights","Jharkhand","BOKARO(DEPUTY COMMISSIONER BOKARO_IDA)","Shri Chandra Prakash Choudhary","GIRIDIH","installation of solar street light near pordaag kali mandir mahto tola in sadma kalan","09-Sep-2024","22000","08-Oct-2024"
"2209","Normal/Others","WS/MP334/2024-2025/139753-Street lights","Jharkhand","BOKARO(DEPUTY COMMISSIONER BOKARO_IDA)","Shri Chandra Prakash Choudhary","GIRIDIH","installation of solar street light near shiv mandir takaha in sadma kalan.","09-Sep-2024","22000","08-Oct-2024"
"2210","Normal/Others","WS/MP334/2024-2025/139754-Street lights","Jharkhand","BOKARO(DEPUTY COMMISSIONER BOKARO_IDA)","Shri Chandra Prakash Choudhary","GIRIDIH","installation of solar street light near kali mandir dilip pandey house in sadma kalan.","09-Sep-2024","22000","08-Oct-2024"
"2211","Normal/Others","WS/MP334/2024-2025/139755-Street lights","Jharkhand","BOKARO(DEPUTY COMMISSIONER BOKARO_IDA)","Shri Chandra Prakash Choudhary","GIRIDIH","installation of solar street light near durga mandir in sadma kalan","09-Sep-2024","22000","08-Oct-2024"
"2212","Normal/Others","WS/MP334/2024-2025/139756-Street lights","Jharkhand","BOKARO(DEPUTY COMMISSIONER BOKARO_IDA)","Shri Chandra Prakash Choudhary","GIRIDIH","installation of solar street light near baniyatola sadmakala mandir in sadma kalan","09-Sep-2024","22000","08-Oct-2024"
"2213","Normal/Others","WS/MP334/2024-2025/139757-Street lights","Jharkhand","BOKARO(DEPUTY COMMISSIONER BOKARO_IDA)","Shri Chandra Prakash Choudhary","GIRIDIH","installation of solar street light near jaratola mansa mandir mansingh house in sadmakalan.","09-Sep-2024","22000","08-Oct-2024"
"2214","Normal/Others","WS/MP334/2024-2025/139758-Street lights","Jharkhand","BOKARO(DEPUTY COMMISSIONER BOKARO_IDA)","Shri Chandra Prakash Choudhary","GIRIDIH","installation of solar street light near jara karam tola barped in sadma kalan","09-Sep-2024","22000","08-Oct-2024"
"2215","Normal/Others","WS/MP334/2024-2025/139759-Street lights","Jharkhand","BOKARO(DEPUTY COMMISSIONER BOKARO_IDA)","Shri Chandra Prakash Choudhary","GIRIDIH","installation of solar street light near chotki sadma durga mandir koeri tola in sadmakalan","09-Sep-2024","22000","08-Oct-2024"
"2216","Normal/Others","WS/MP334/2024-2025/139760-Street lights","Jharkhand","BOKARO(DEPUTY COMMISSIONER BOKARO_IDA)","Shri Chandra Prakash Choudhary","GIRIDIH","installation of solar street light near sadmakhurd tenu road bajrang bali mandir in sadma kalan","09-Sep-2024","22000","08-Oct-2024"
"2217","Normal/Others","WS/MP334/2024-2025/139761-Street lights","Jharkhand","BOKARO(DEPUTY COMMISSIONER BOKARO_IDA)","Shri Chandra Prakash Choudhary","GIRIDIH","installation of solar street light near chandrapura kauleshwar mahto house bajrangbali mandirin sadma kalan","09-Sep-2024","22000","08-Oct-2024"
"2218","Normal/Others","WS/MP334/2024-2025/139762-Street lights","Jharkhand","BOKARO(DEPUTY COMMISSIONER BOKARO_IDA)","Shri Chandra Prakash Choudhary","GIRIDIH","installation of solar street light near chandarpura gram desi mandir in sadma kalan.","09-Sep-2024","22000","08-Oct-2024"
"2219","Normal/Others","WS/MP334/2024-2025/139763-Street lights","Jharkhand","BOKARO(DEPUTY COMMISSIONER BOKARO_IDA)","Shri Chandra Prakash Choudhary","GIRIDIH","installation of solar street light near budhwatand bajrangbali mandir in sadmakalan","09-Sep-2024","22000","08-Oct-2024"
"2220","Normal/Others","WS/MP334/2024-2025/139764-Street lights","Jharkhand","BOKARO(DEPUTY COMMISSIONER BOKARO_IDA)","Shri Chandra Prakash Choudhary","GIRIDIH","installation of solar street light near tenu chowk bajrang bali mandir in sadma kalan.","09-Sep-2024","22000","08-Oct-2024"
"2221","Normal/Others","WS/MP334/2024-2025/139765-Street lights","Jharkhand","BOKARO(DEPUTY COMMISSIONER BOKARO_IDA)","Shri Chandra Prakash Choudhary","GIRIDIH","installation of solar street light near bhelwatand hari mandir in sadmakalan.","09-Sep-2024","22000","08-Oct-2024"
"2222","Normal/Others","WS/MP334/2024-2025/139872-Street lights","Jharkhand","BOKARO(DEPUTY COMMISSIONER BOKARO_IDA)","Shri Chandra Prakash Choudhary","GIRIDIH","installation of solar street light near shiv sthal in mirzapur of patki panchayat","09-Sep-2024","22000","08-Oct-2024"
"2223","Normal/Others","WS/MP334/2024-2025/139873-Street lights","Jharkhand","BOKARO(DEPUTY COMMISSIONER BOKARO_IDA)","Shri Chandra Prakash Choudhary","GIRIDIH","installation of solar street light near kaali mandir in mirzapur in patki panchayat","09-Sep-2024","22000","08-Oct-2024"
"2224","Normal/Others","WS/MP334/2024-2025/139874-Street lights","Jharkhand","BOKARO(DEPUTY COMMISSIONER BOKARO_IDA)","Shri Chandra Prakash Choudhary","GIRIDIH","installation of solar street light near bajrangbali mandir in rangamati in patki panchayat","09-Sep-2024","22000","08-Oct-2024"
"2225","Normal/Others","WS/MP334/2024-2025/139875-Street lights","Jharkhand","BOKARO(DEPUTY COMMISSIONER BOKARO_IDA)","Shri Chandra Prakash Choudhary","GIRIDIH","installation of solar street light near bajrangbali mandir in sohandih tola of rangamati village of patki panchayat","09-Sep-2024","22000","08-Oct-2024"
"2226","Normal/Others","WS/MP334/2024-2025/139876-Street lights","Jharkhand","BOKARO(DEPUTY COMMISSIONER BOKARO_IDA)","Shri Chandra Prakash Choudhary","GIRIDIH","installation of solar street light near kaali mandir in patki","09-Sep-2024","22000","08-Oct-2024"
"2227","Normal/Others","WS/MP334/2024-2025/139877-Street lights","Jharkhand","BOKARO(DEPUTY COMMISSIONER BOKARO_IDA)","Shri Chandra Prakash Choudhary","GIRIDIH","installation of solar street light near chiniagadha mod ambedkar sthal in patki","09-Sep-2024","22000","08-Oct-2024"
"2228","Normal/Others","WS/MP334/2024-2025/139878-Street lights","Jharkhand","BOKARO(DEPUTY COMMISSIONER BOKARO_IDA)","Shri Chandra Prakash Choudhary","GIRIDIH","installation of solar street light near banjrang bali mandir in suarmarwa tola in rangamati","09-Sep-2024","22000","08-Oct-2024"
"2229","Normal/Others","WS/MP334/2024-2025/139879-Street lights","Jharkhand","BOKARO(DEPUTY COMMISSIONER BOKARO_IDA)","Shri Chandra Prakash Choudhary","GIRIDIH","installation of solar street light near bajrang bali mandir in nawadih tola in rangamati","09-Sep-2024","22000","08-Oct-2024"
"2230","Normal/Others","WS/MP334/2024-2025/139880-Street lights","Jharkhand","BOKARO(DEPUTY COMMISSIONER BOKARO_IDA)","Shri Chandra Prakash Choudhary","GIRIDIH","installation of solar street light near ramrajya mela in bagjobra tola patki panchayat","09-Sep-2024","22000","08-Oct-2024"
"2231","Normal/Others","WS/MP334/2024-2025/139881-Street lights","Jharkhand","BOKARO(DEPUTY COMMISSIONER BOKARO_IDA)","Shri Chandra Prakash Choudhary","GIRIDIH","installation of solar street light near bajrang bali sthal in manitungri in patki","09-Sep-2024","22000","08-Oct-2024"
"2232","Normal/Others","WS/MP334/2024-2025/139887-Street lights","Jharkhand","BOKARO(DEPUTY COMMISSIONER BOKARO_IDA)","Shri Chandra Prakash Choudhary","GIRIDIH","installation of solar street light near bajrangbali sthal baytola in kodarma village of arjua panchayat","09-Sep-2024","22000","08-Oct-2024"
"2233","Normal/Others","WS/MP334/2024-2025/139888-Street lights","Jharkhand","BOKARO(DEPUTY COMMISSIONER BOKARO_IDA)","Shri Chandra Prakash Choudhary","GIRIDIH","installation of solar street light near shiv mandir kodarma in arjua panchayat","09-Sep-2024","22000","08-Oct-2024"
"2234","Normal/Others","WS/MP334/2024-2025/139889-Street lights","Jharkhand","BOKARO(DEPUTY COMMISSIONER BOKARO_IDA)","Shri Chandra Prakash Choudhary","GIRIDIH","installation of solar street light near turi tola mansa mandir in kodarma in arjua panchayat","09-Sep-2024","22000","08-Oct-2024"
"2235","Normal/Others","WS/MP334/2024-2025/139890-Street lights","Jharkhand","BOKARO(DEPUTY COMMISSIONER BOKARO_IDA)","Shri Chandra Prakash Choudhary","GIRIDIH","installation of solar street light near durga mandir in gaga in arjua panchayat","09-Sep-2024","22000","08-Oct-2024"
"2236","Normal/Others","WS/MP334/2024-2025/139891-Street lights","Jharkhand","BOKARO(DEPUTY COMMISSIONER BOKARO_IDA)","Shri Chandra Prakash Choudhary","GIRIDIH","installation of solar street light near panchayat bhavan in arjua","09-Sep-2024","22000","08-Oct-2024"
"2237","Normal/Others","WS/MP334/2024-2025/139892-Street lights","Jharkhand","BOKARO(DEPUTY COMMISSIONER BOKARO_IDA)","Shri Chandra Prakash Choudhary","GIRIDIH","installation of solar street light near shiv durga mandir in irgua of arjua panchayat","09-Sep-2024","22000","08-Oct-2024"
"2238","Normal/Others","WS/MP334/2024-2025/139893-Street lights","Jharkhand","BOKARO(DEPUTY COMMISSIONER BOKARO_IDA)","Shri Chandra Prakash Choudhary","GIRIDIH","installation of solar street light near kali mandir chiruabeda tola in gaga in arjua panchayat","09-Sep-2024","22000","07-Oct-2024"
"2239","Normal/Others","WS/MP334/2024-2025/139894-Street lights","Jharkhand","BOKARO(DEPUTY COMMISSIONER BOKARO_IDA)","Shri Chandra Prakash Choudhary","GIRIDIH","installation of solar street light near dev sthal ghamna tola in gaga of arjua panchayat","09-Sep-2024","22000","08-Oct-2024"
"2240","Normal/Others","WS/MP334/2024-2025/139895-Street lights","Jharkhand","BOKARO(DEPUTY COMMISSIONER BOKARO_IDA)","Shri Chandra Prakash Choudhary","GIRIDIH","installation of solar street light near imli ped dev sthan in merudaru of arjua panchayat","09-Sep-2024","22000","08-Oct-2024"
"2241","Normal/Others","WS/MP334/2024-2025/139896-Street lights","Jharkhand","BOKARO(DEPUTY COMMISSIONER BOKARO_IDA)","Shri Chandra Prakash Choudhary","GIRIDIH","installation of solar street light near durga mandir kodarma of arjua panchayat","09-Sep-2024","22000","08-Oct-2024"
"2242","Normal/Others","WS/MP334/2024-2025/139897-Street lights","Jharkhand","BOKARO(DEPUTY COMMISSIONER BOKARO_IDA)","Shri Chandra Prakash Choudhary","GIRIDIH","installation of solar street light near bajrangbali sthal lavagadha in arjua panchayat","09-Sep-2024","22000","08-Oct-2024"
"2243","Normal/Others","WS/MP334/2024-2025/139901-Street lights","Jharkhand","BOKARO(DEPUTY COMMISSIONER BOKARO_IDA)","Shri Chandra Prakash Choudhary","GIRIDIH","installation of solar street light near kumu munda house in jaruatand in darid","09-Sep-2024","22000","07-Oct-2024"
"2244","Normal/Others","WS/MP334/2024-2025/139902-Street lights","Jharkhand","BOKARO(DEPUTY COMMISSIONER BOKARO_IDA)","Shri Chandra Prakash Choudhary","GIRIDIH","installation of solar street light near balmukund munda house in jaruatand in darid","09-Sep-2024","22000","07-Oct-2024"
"2245","Normal/Others","WS/MP334/2024-2025/139903-Street lights","Jharkhand","BOKARO(DEPUTY COMMISSIONER BOKARO_IDA)","Shri Chandra Prakash Choudhary","GIRIDIH","installation of solar street light near kojram upendranath soren house in karmaakhada in darid panchayat","09-Sep-2024","22000","07-Oct-2024"
"2246","Normal/Others","WS/MP334/2024-2025/139904-Street lights","Jharkhand","BOKARO(DEPUTY COMMISSIONER BOKARO_IDA)","Shri Chandra Prakash Choudhary","GIRIDIH","installation of solar street light near hari mandir bhagath in darid","09-Sep-2024","22000","07-Oct-2024"
"2247","Normal/Others","WS/MP334/2024-2025/139905-Street lights","Jharkhand","BOKARO(DEPUTY COMMISSIONER BOKARO_IDA)","Shri Chandra Prakash Choudhary","GIRIDIH","installation of solar street light near mansa mandir bhagath in darid","09-Sep-2024","22000","07-Oct-2024"
"2248","Normal/Others","WS/MP334/2024-2025/139906-Street lights","Jharkhand","BOKARO(DEPUTY COMMISSIONER BOKARO_IDA)","Shri Chandra Prakash Choudhary","GIRIDIH","installation of solar street light near shed in manjhi tola in lukaiya of darid panchayat","09-Sep-2024","22000","07-Oct-2024"
"2249","Normal/Others","WS/MP334/2024-2025/139907-Street lights","Jharkhand","BOKARO(DEPUTY COMMISSIONER BOKARO_IDA)","Shri Chandra Prakash Choudhary","GIRIDIH","installation of solar street light near bajrangbali mandir of pathak tola in lukaiya of darid","09-Sep-2024","22000","07-Oct-2024"
"2250","Normal/Others","WS/MP334/2024-2025/139908-Street lights","Jharkhand","BOKARO(DEPUTY COMMISSIONER BOKARO_IDA)","Shri Chandra Prakash Choudhary","GIRIDIH","installation of solar street light near mansa mandir turi tola in lukuiya in darid panchayat.","09-Sep-2024","22000","07-Oct-2024"
"2251","Normal/Others","WS/MP334/2024-2025/139909-Street lights","Jharkhand","BOKARO(DEPUTY COMMISSIONER BOKARO_IDA)","Shri Chandra Prakash Choudhary","GIRIDIH","installation of solar street light near birsa munda chowk in lukuiya in darid panchayat.","09-Sep-2024","22000","07-Oct-2024"
"2252","Normal/Others","WS/MP334/2024-2025/139910-Street lights","Jharkhand","BOKARO(DEPUTY COMMISSIONER BOKARO_IDA)","Shri Chandra Prakash Choudhary","GIRIDIH","installation of solar street light near chandramohan das guru house in satichira in darid panchayat","09-Sep-2024","22000","07-Oct-2024"
"2253","Normal/Others","WS/MP334/2024-2025/139911-Street lights","Jharkhand","BOKARO(DEPUTY COMMISSIONER BOKARO_IDA)","Shri Chandra Prakash Choudhary","GIRIDIH","installation of solar street light near peepal ped darid.","09-Sep-2024","22000","07-Oct-2024"
"2254","Normal/Others","WS/MP334/2024-2025/139912-Street lights","Jharkhand","BOKARO(DEPUTY COMMISSIONER BOKARO_IDA)","Shri Chandra Prakash Choudhary","GIRIDIH","installation of solar street light near shivalay in darid.","09-Sep-2024","22000","07-Oct-2024"
"2255","Normal/Others","WS/MP334/2024-2025/139913-Street lights","Jharkhand","BOKARO(DEPUTY COMMISSIONER BOKARO_IDA)","Shri Chandra Prakash Choudhary","GIRIDIH","installation of solar street light near durga mandir darid","09-Sep-2024","22000","07-Oct-2024"
"2256","Normal/Others","WS/MP334/2024-2025/139914-Street lights","Jharkhand","BOKARO(DEPUTY COMMISSIONER BOKARO_IDA)","Shri Chandra Prakash Choudhary","GIRIDIH","installation of solar street light near bajrangbali mandir in khuthara in darid.","09-Sep-2024","22000","07-Oct-2024"
"2257","Normal/Others","WS/MP334/2024-2025/139915-Street lights","Jharkhand","BOKARO(DEPUTY COMMISSIONER BOKARO_IDA)","Shri Chandra Prakash Choudhary","GIRIDIH","installation of solar street light near bajrang bali mandir rajak tola in darid panchayat.","09-Sep-2024","22000","07-Oct-2024"
"2258","Normal/Others","WS/MP334/2024-2025/139916-Street lights","Jharkhand","BOKARO(DEPUTY COMMISSIONER BOKARO_IDA)","Shri Chandra Prakash Choudhary","GIRIDIH","installation of solar street light near saraswati sthan in jarakamaar in darid panchayat","09-Sep-2024","22000","07-Oct-2024"
"2259","Normal/Others","WS/MP334/2024-2025/139917-Street lights","Jharkhand","BOKARO(DEPUTY COMMISSIONER BOKARO_IDA)","Shri Chandra Prakash Choudhary","GIRIDIH","installation of solar street light near bajrangbali mandir in puspuniya kojaram in darid","09-Sep-2024","22000","07-Oct-2024"
"2260","Normal/Others","WS/MP334/2024-2025/139918-Street lights","Jharkhand","BOKARO(DEPUTY COMMISSIONER BOKARO_IDA)","Shri Chandra Prakash Choudhary","GIRIDIH","installation of solar street light near baba hadam chowk bhagath kojram in darid","09-Sep-2024","22000","07-Oct-2024"
"2261","Normal/Others","WS/MP334/2024-2025/139919-Street lights","Jharkhand","BOKARO(DEPUTY COMMISSIONER BOKARO_IDA)","Shri Chandra Prakash Choudhary","GIRIDIH","installation of solar street light near bajrangbali mandir charakh pakhna in darid","09-Sep-2024","22000","07-Oct-2024"
"2262","Normal/Others","WS/MP334/2024-2025/139920-Street lights","Jharkhand","BOKARO(DEPUTY COMMISSIONER BOKARO_IDA)","Shri Chandra Prakash Choudhary","GIRIDIH","installation of solar street light near mansa mandir harijan tola in utasara","09-Sep-2024","22000","07-Oct-2024"
"2263","Normal/Others","WS/MP334/2024-2025/139921-Street lights","Jharkhand","BOKARO(DEPUTY COMMISSIONER BOKARO_IDA)","Shri Chandra Prakash Choudhary","GIRIDIH","installation of solar street light near kali mandir nichetola utasara","09-Sep-2024","22000","07-Oct-2024"
"2264","Normal/Others","WS/MP334/2024-2025/139922-Street lights","Jharkhand","BOKARO(DEPUTY COMMISSIONER BOKARO_IDA)","Shri Chandra Prakash Choudhary","GIRIDIH","installation of solar street light near banga dumarkanari durga mandap in utasara","09-Sep-2024","22000","07-Oct-2024"
"2265","Normal/Others","WS/MP334/2024-2025/139923-Street lights","Jharkhand","BOKARO(DEPUTY COMMISSIONER BOKARO_IDA)","Shri Chandra Prakash Choudhary","GIRIDIH","installation of solar street light near shiv mandir kamaar tola in banga of utasara.","09-Sep-2024","22000","07-Oct-2024"
"2266","Normal/Others","WS/MP334/2024-2025/139924-Street lights","Jharkhand","BOKARO(DEPUTY COMMISSIONER BOKARO_IDA)","Shri Chandra Prakash Choudhary","GIRIDIH","installation of solar street light near shiv mandir ambadih in utasara","09-Sep-2024","22000","07-Oct-2024"
"2267","Normal/Others","WS/MP334/2024-2025/139925-Street lights","Jharkhand","BOKARO(DEPUTY COMMISSIONER BOKARO_IDA)","Shri Chandra Prakash Choudhary","GIRIDIH","installation of solar street light near thakurtola mansa mandir in ambadih in utasara","09-Sep-2024","22000","07-Oct-2024"
"2268","Normal/Others","WS/MP334/2024-2025/139926-Street lights","Jharkhand","BOKARO(DEPUTY COMMISSIONER BOKARO_IDA)","Shri Chandra Prakash Choudhary","GIRIDIH","installation of solar street light near shiv mandir barso groha in utasara","09-Sep-2024","22000","07-Oct-2024"
"2269","Normal/Others","WS/MP334/2024-2025/139928-Street lights","Jharkhand","BOKARO(DEPUTY COMMISSIONER BOKARO_IDA)","Shri Chandra Prakash Choudhary","GIRIDIH","installation of solar street light near rajak tola mansa mandir","09-Sep-2024","22000","07-Oct-2024"
"2270","Normal/Others","WS/MP334/2024-2025/139929-Street lights","Jharkhand","BOKARO(DEPUTY COMMISSIONER BOKARO_IDA)","Shri Chandra Prakash Choudhary","GIRIDIH","installation of solar street light near gurujwa durga mandir in petarbar","09-Sep-2024","22000","07-Oct-2024"
"2271","Normal/Others","WS/MP334/2024-2025/139930-Street lights","Jharkhand","BOKARO(DEPUTY COMMISSIONER BOKARO_IDA)","Shri Chandra Prakash Choudhary","GIRIDIH","installation of solar street light near gurujwa banjrang bali mandir in petarbar","09-Sep-2024","22000","07-Oct-2024"
"2272","Normal/Others","WS/MP334/2024-2025/139931-Street lights","Jharkhand","BOKARO(DEPUTY COMMISSIONER BOKARO_IDA)","Shri Chandra Prakash Choudhary","GIRIDIH","installation of solar street light near kali mandir khatri tola","09-Sep-2024","22000","07-Oct-2024"
"2273","Normal/Others","WS/MP334/2024-2025/139932-Street lights","Jharkhand","BOKARO(DEPUTY COMMISSIONER BOKARO_IDA)","Shri Chandra Prakash Choudhary","GIRIDIH","installation of solar street light near hari mandir khatri tola in petarbar","09-Sep-2024","22000","07-Oct-2024"
"2274","Normal/Others","WS/MP334/2024-2025/139933-Street lights","Jharkhand","BOKARO(DEPUTY COMMISSIONER BOKARO_IDA)","Shri Chandra Prakash Choudhary","GIRIDIH","installation of solar street light near durga mandir khatri tola in petarbar","09-Sep-2024","22000","07-Oct-2024"
"2275","Normal/Others","WS/MP334/2024-2025/139934-Street lights","Jharkhand","BOKARO(DEPUTY COMMISSIONER BOKARO_IDA)","Shri Chandra Prakash Choudhary","GIRIDIH","installation of solar street light near durga mandir in khatri tola (niche) in petarbar","09-Sep-2024","22000","07-Oct-2024"
"2276","Normal/Others","WS/MP334/2024-2025/139935-Street lights","Jharkhand","BOKARO(DEPUTY COMMISSIONER BOKARO_IDA)","Shri Chandra Prakash Choudhary","GIRIDIH","installation of solar street light near gram devi mandir in khatri tola in petarbar","09-Sep-2024","22000","07-Oct-2024"
"2277","Normal/Others","WS/MP334/2024-2025/139936-Street lights","Jharkhand","BOKARO(DEPUTY COMMISSIONER BOKARO_IDA)","Shri Chandra Prakash Choudhary","GIRIDIH","installation of solar street light near mansa mandir rajwar tola in petarbar","09-Sep-2024","22000","07-Oct-2024"
"2278","Normal/Others","WS/MP334/2024-2025/139937-Street lights","Jharkhand","BOKARO(DEPUTY COMMISSIONER BOKARO_IDA)","Shri Chandra Prakash Choudhary","GIRIDIH","installation of solar street light near mansa mandir mukhiya tola in petarbar.","09-Sep-2024","22000","07-Oct-2024"
"2279","Normal/Others","WS/MP334/2024-2025/139938-Street lights","Jharkhand","BOKARO(DEPUTY COMMISSIONER BOKARO_IDA)","Shri Chandra Prakash Choudhary","GIRIDIH","installation of solar street light near durga mandir math tola in petarbar.","09-Sep-2024","22000","07-Oct-2024"
"2280","Normal/Others","WS/MP18245/2024-2025/139939-Lighting of public spaces","West Bengal","Paschim Medinipur(DISTRICT MAGISTRATE PASCHIM MEDINIPUR_IDA)","BAG MITALI","ARAMBAG(SC)","SOLAR PANEL HIGH MAST LIGHT AT AMRAPAT MAJHERPARA WITHIN MANGRUL GP UNDER CHANDRAKONA-I DEV. BLOCK","18-Dec-2024","377848","27-Mar-2025"
"2281","Normal/Others","WS/MP18245/2024-2025/139940-Lighting of public spaces","West Bengal","HOOGHLY(DISTRICT MAGISTRATE HOOGHLY_IDA)","BAG MITALI","ARAMBAG(SC)","SOLAR PANEL HIGH MAST LIGHT AT KULIA WITHIN NAKUNDA GP UNDER GOGHAT-I DEV. BLOCK","12-Sep-2024","377924","02-Dec-2024"
"2282","Normal/Others","WS/MP18245/2024-2025/139941-Lighting of public spaces","West Bengal","HOOGHLY(DISTRICT MAGISTRATE HOOGHLY_IDA)","BAG MITALI","ARAMBAG(SC)","SOLAR PANEL HIGH MAST LIGHT AT NEAR  DATPUR  RADHARANI MANDIR WITHIN HAZIPUR GP UNDER GOGHAT-II DEV. BLOCK.","12-Sep-2024","375656","06-Mar-2025"
"2283","Normal/Others","WS/MP18245/2024-2025/139942-Lighting of public spaces","West Bengal","HOOGHLY(DISTRICT MAGISTRATE HOOGHLY_IDA)","BAG MITALI","ARAMBAG(SC)","SOLAR PANEL HIGH MAST LIGHT AT MAHESHPUR MOREPARA WITHIN KAMARPUKUR GP UNDER GOGHAT-II DEV. BLOCK","12-Sep-2024","377924","02-Dec-2024"
"2284","Normal/Others","WS/MP18245/2024-2025/139943-Lighting of public spaces","West Bengal","HOOGHLY(DISTRICT MAGISTRATE HOOGHLY_IDA)","BAG MITALI","ARAMBAG(SC)","SOLAR PANEL HIGH MAST LIGHT AT JHARIA SHALDANGAR MATH WITHIN PASCHIMPARA GP UNDER GOGHAT-II DEV. BLOCK","12-Sep-2024","377924","02-Dec-2024"
"2285","Normal/Others","WS/MP18245/2024-2025/139944-Lighting of public spaces","West Bengal","HOOGHLY(DISTRICT MAGISTRATE HOOGHLY_IDA)","BAG MITALI","ARAMBAG(SC)","SOLAR PANEL HIGH MAST LIGHT AT PURBA FULUI WITHIN B.F-I GP UNDER GOGHAT-II DEV. BLOCK","12-Sep-2024","377924","02-Dec-2024"
"2286","Normal/Others","WS/MP858/2024-2025/139945-Construction of boundary walls of existing public and community buildings","West Bengal","BIRBHUM(DISTRICT MAGISTRATE BIRBHUM_IDA)","Asit Kumar Mal","BOLPUR(SC)","Construction of Boundary Wall for TANAYENDAR Vidyalaya at GOALPARA Village, Executing Agency will be EO SRINIKETAN SANTINIKETAN DEVELOPMENT AUTHORITY,BOLPUR,BIRBHUM.W.B.","08-Sep-2024","3720542","30-Oct-2024"
"2287","Normal/Others","WS/MP18176/2024-2025/139946-Construction of buildings for crèches and anganwadies","Tamil Nadu","DINDIGUL(DISTRICT COLLECTOR DINDIGUL_IDA)","SACHITHANANTHAM R","DINDIGUL","CONSTRUCTION OF Kullalagundu @ Kalladipatty ANGANWADI BUILDING","09-Sep-2024","1652193","16-Sep-2024"
"2288","Normal/Others","WS/MP18176/2024-2025/139947-Construction of water tanks","Tamil Nadu","DINDIGUL(DISTRICT COLLECTOR DINDIGUL_IDA)","SACHITHANANTHAM R","DINDIGUL","Construction of Kottur @ Sangalpatty 30000 Litre Water Tanks Building","09-Sep-2024","1652052","16-Sep-2024"
"2289","Normal/Others","WS/MP18253/2025-2026/139948-Construction of roads, link roads, pathways or any other road with or without drainage system","West Bengal","South 24 Parganas(DISTRICT MAGISTRATE SOUTH TWENTY FOUR PARGANAS_IDA)","BAPI HALDAR","MATHURAPUR(SC)","CONSTRUCTIONOF CONCRETE ROAD FROM JHAPBERIYA SIKIRPARA TO ASHOKSARDAR HOUSE","08-Sep-2024","349380","24-Jun-2025"
"2290","Normal/Others","WS/MP18253/2024-2025/139949-Construction of roads, link roads, pathways or any other road with or without drainage system","West Bengal","South 24 Parganas(DISTRICT MAGISTRATE SOUTH TWENTY FOUR PARGANAS_IDA)","BAPI HALDAR","MATHURAPUR(SC)","CONSTRUCTIONOF CONCRETE ROAD WITH PAILING FROM HOSAINPUR NASHIR MOLLA HOUSE TO OHAB FAKIR HOUSE","08-Sep-2024","348697","09-Dec-2024"
"2291","Normal/Others","WS/MP18253/2024-2025/139950-Construction of roads, link roads, pathways or any other road with or without drainage system","West Bengal","South 24 Parganas(DISTRICT MAGISTRATE SOUTH TWENTY FOUR PARGANAS_IDA)","BAPI HALDAR","MATHURAPUR(SC)","CONSTRUCTIONOF CONCRETE ROAD WITH PAILING FROM CHHAKURAT PARITOSH SARDAR HOUSE TO MADHAI SARDAR HOUSE","08-Sep-2024","348976","09-Dec-2024"
"2292","Normal/Others","WS/MP18253/2024-2025/139951-Construction of roads, link roads, pathways or any other road with or without drainage system","West Bengal","South 24 Parganas(DISTRICT MAGISTRATE SOUTH TWENTY FOUR PARGANAS_IDA)","BAPI HALDAR","MATHURAPUR(SC)","CONSTRUCTIONOF CONCRETE ROAD FROM RAICHUDDIN SARDAR TO AMBAGAN","08-Sep-2024","349996","09-Dec-2024"
"2293","Normal/Others","WS/MP18253/2024-2025/139952-Construction of roads, link roads, pathways or any other road with or without drainage system","West Bengal","South 24 Parganas(DISTRICT MAGISTRATE SOUTH TWENTY FOUR PARGANAS_IDA)","BAPI HALDAR","MATHURAPUR(SC)","CONSTRUCTIONOF CONCRETE ROAD WITH PAILING FROM SARADANA BARAPOOL TO BASANTA HALDER","08-Sep-2024","349580","09-Dec-2024"
"2294","Normal/Others","WS/MP18253/2024-2025/139953-Construction of roads, link roads, pathways or any other road with or without drainage system","West Bengal","South 24 Parganas(DISTRICT MAGISTRATE SOUTH TWENTY FOUR PARGANAS_IDA)","BAPI HALDAR","MATHURAPUR(SC)","CONSTRUCTIONOF CONCRETE ROAD WITH PAILING FROM KALIKAPUR F.P SCHOOL TO HARICHARAN HAIT HOUSE","08-Sep-2024","349559","09-Dec-2024"
"2295","Normal/Others","WS/MP18253/2024-2025/139954-Construction of roads, link roads, pathways or any other road with or without drainage system","West Bengal","South 24 Parganas(DISTRICT MAGISTRATE SOUTH TWENTY FOUR PARGANAS_IDA)","BAPI HALDAR","MATHURAPUR(SC)","CONSTRUCTIONOF CONCRETE ROAD FROM BIJOYGANGE BAZER PWDROAD TO MACH MAZER","08-Sep-2024","349922","09-Dec-2024"
"2296","Normal/Others","WS/MP18253/2024-2025/139955-Construction of roads, link roads, pathways or any other road with or without drainage system","West Bengal","South 24 Parganas(DISTRICT MAGISTRATE SOUTH TWENTY FOUR PARGANAS_IDA)","BAPI HALDAR","MATHURAPUR(SC)","CONSTRUCTIONOF CONCRETE ROAD FROM RAYPURTRNCEFORMAR TO MUNAF MOLLA HOUSE VIA REJAUL MOLLA HOUSE","08-Sep-2024","349590","09-Dec-2024"
"2297","Normal/Others","WS/MP18176/2024-2025/139956-Installing tube-wells and borewells","Tamil Nadu","DINDIGUL(DISTRICT COLLECTOR DINDIGUL_IDA)","SACHITHANANTHAM R","DINDIGUL","Installing Vellodu - Narasingapuram Government higher Secondary school - bore well (Purpose Drinking water)","09-Sep-2024","400000","20-Sep-2024"
"2298","Normal/Others","WS/MP18176/2024-2025/139957-Construction of buildings for community cultural activities","Tamil Nadu","DINDIGUL(DISTRICT COLLECTOR DINDIGUL_IDA)","SACHITHANANTHAM R","DINDIGUL","CONSTRUCTION OF DRAMA STAGE  Dhomaiyarpuram @ Adiyanuthu","09-Sep-2024","849407","20-Sep-2024"
"2299","Normal/Others","WS/MP18176/2024-2025/139958-Construction of buildings for crèches and anganwadies","Tamil Nadu","DINDIGUL(DISTRICT COLLECTOR DINDIGUL_IDA)","SACHITHANANTHAM R","DINDIGUL","CONSTRUCTION OF Solakulaththupatty ANGANWADI BUILDING","09-Sep-2024","1698995","20-Sep-2024"
"2300","Normal/Others","WS/MP18176/2024-2025/139959-Construction of public toilets and bathrooms","Tamil Nadu","DINDIGUL(DISTRICT COLLECTOR DINDIGUL_IDA)","SACHITHANANTHAM R","DINDIGUL","Construction of free public toilets and bathrooms in bus stand natham (ward No: 9)","09-Sep-2024","1000000","24-Sep-2024"
"2301","Normal/Others","WS/MP18023/2025-2026/139960-Construction of additional rooms and halls in the existing public and community building","Assam","KAMRUP METRO(DEPUTY COMMISSIONER KAMRUP METROPOLITAN_IDA)","BIJULI KALITA MEDHI","GUWAHATI","Construction of Community hall at Jyoti Nagar mahila samiti , Jyotinagar .","08-Sep-2024","500000","11-Apr-2025"
"2302","Normal/Others","WS/MP18023/2024-2025/139962-Construction of public libraries and reading rooms","Assam","KAMRUP(DEPUTY COMMISSIONER KAMRUP_IDA)","BIJULI KALITA MEDHI","GUWAHATI","Construction of Public libraries and Reading room at Chamaria High school , Chamaria satra.","08-Sep-2024","500000","19-Feb-2025"
"2303","Normal/Others","WS/MP823/2024-2025/139964-Crematoriums/energy efficient crematoriums or structures on burial/cremation ground","West Bengal","NADIA(DISTRICT MAGISTRATE NADIA_IDA)","Ms Mahua Moitra","KRISHNANAGAR","Construction of Shed and Beautification with colour paver block at Karimpur Anandapally Crematorium under Karimpur -I Block, Nadia.","08-Sep-2024","2933290","26-Dec-2024"
"2304","Repair and Renovation","WS/MP823/2024-2025/139965-Construction of Government office buildings (Post office, Police station, Police chauki, etc.)","West Bengal","NADIA(DISTRICT MAGISTRATE NADIA_IDA)","Ms Mahua Moitra","KRISHNANAGAR","Renovation & Decorative works of old Building Karimpur Police Station under Karimpur-I Block, Nadia.","08-Sep-2024","2028611","26-Dec-2024"
"2305","Normal/Others","WS/MP823/2024-2025/139966-Renovation of ponds and lakes","West Bengal","NADIA(DISTRICT MAGISTRATE NADIA_IDA)","Ms Mahua Moitra","KRISHNANAGAR","Beautification with Colour paver  block, Seating arrangement and pathway around the pond of Karimpur Police Station in Karimpur-I G.P Under Karimpur-I Block.","08-Sep-2024","518968","26-Dec-2024"
"2306","Normal/Others","WS/MP823/2024-2025/139967-Development of playfields and sports grounds","West Bengal","NADIA(DISTRICT MAGISTRATE NADIA_IDA)","Ms Mahua Moitra","KRISHNANAGAR","Construction of Enternce Gate at Karimpur RMC Ground Under Karimpur-I Block.","08-Sep-2024","199567","26-Dec-2024"
"2307","Normal/Others","WS/MP823/2024-2025/139968-Construction of rooms and facilities for hospitals, FWC , PHC Centers and ANM centers","West Bengal","NADIA(DISTRICT MAGISTRATE NADIA_IDA)","Ms Mahua Moitra","KRISHNANAGAR","Construction of Shed for newly constructed OPD building under Natidanga-I GP, Karimpur-II Block.","08-Sep-2024","80852","16-Dec-2024"
"2308","Normal/Others","WS/MP823/2025-2026/139969-Establishing public ground water recharging facilities","West Bengal","NADIA(DISTRICT MAGISTRATE NADIA_IDA)","Ms Mahua Moitra","KRISHNANAGAR","Low land upgradation of hospital garden under Natidanga-I GP, Karimpur-II Block.","08-Sep-2024","72859","02-Jul-2025"
"2309","Normal/Others","WS/MP823/2024-2025/139970-Construction of rooms and facilities for hospitals, FWC , PHC Centers and ANM centers","West Bengal","NADIA(DISTRICT MAGISTRATE NADIA_IDA)","Ms Mahua Moitra","KRISHNANAGAR","Construction & Upgradation of nursing station under Natidanga-I GP, Karimpur-II Block, Nadia.","08-Sep-2024","181248","16-Dec-2024"
"2310","Normal/Others","WS/MP823/2024-2025/139971-Construction of rooms and facilities for hospitals, FWC , PHC Centers and ANM centers","West Bengal","NADIA(DISTRICT MAGISTRATE NADIA_IDA)","Ms Mahua Moitra","KRISHNANAGAR","Repair & renovation of old quarters Natidanga Rural Hospital Under Natidanga-I Hospital, Karimpur-II Block.","08-Sep-2024","107831","16-Dec-2024"
"2311","Normal/Others","WS/MP823/2024-2025/139972-Construction of rooms and facilities for hospitals, FWC , PHC Centers and ANM centers","West Bengal","NADIA(DISTRICT MAGISTRATE NADIA_IDA)","Ms Mahua Moitra","KRISHNANAGAR","Construction of Car shed for Hospital staff under Natidanga-I GP, under Karimpur-II Block.","08-Sep-2024","99160","16-Dec-2024"
"2312","Normal/Others","WS/	 MP443/2025-2026/139973-Purchase Books for Library","Madhya Pradesh","RAJGARH(DISTRICT COLLECTOR RAJGARH_IDA)","Rodmal Nagar","RAJGARH","Book's purchase for Student's improve knowledge and mental development.","09-Sep-2024","100000","26-Apr-2025"
"2313","Normal/Others","WS/	 MP443/2025-2026/139974-Purchase Books for Library","Madhya Pradesh","RAJGARH(DISTRICT COLLECTOR RAJGARH_IDA)","Rodmal Nagar","RAJGARH","Book's purchase for Student's improve knowledge and mental development.","09-Sep-2024","100000","26-Apr-2025"
"2314","Normal/Others","WS/	 MP443/2025-2026/139975-Purchase Books for Library","Madhya Pradesh","RAJGARH(DISTRICT COLLECTOR RAJGARH_IDA)","Rodmal Nagar","RAJGARH","Book's purchase for Student's improve knowledge and mental development.","09-Sep-2024","100000","26-Apr-2025"
"2315","Normal/Others","WS/	 MP443/2025-2026/139976-Purchase Books for Library","Madhya Pradesh","RAJGARH(DISTRICT COLLECTOR RAJGARH_IDA)","Rodmal Nagar","RAJGARH","Book's purchase for Student's improve knowledge and mental development.","09-Sep-2024","100000","26-Apr-2025"
"2316","Normal/Others","WS/	 MP443/2025-2026/139977-Purchase Books for Library","Madhya Pradesh","RAJGARH(DISTRICT COLLECTOR RAJGARH_IDA)","Rodmal Nagar","RAJGARH","Book's purchase for Student's improve knowledge and mental development.","09-Sep-2024","100000","26-Apr-2025"
"2317","Normal/Others","WS/	 MP443/2025-2026/139978-Purchase Books for Library","Madhya Pradesh","RAJGARH(DISTRICT COLLECTOR RAJGARH_IDA)","Rodmal Nagar","RAJGARH","Book's purchase for Student's improve knowledge and mental development.","09-Sep-2024","100000","26-Apr-2025"
"2318","Normal/Others","WS/	 MP443/2025-2026/139979-Purchase Books for Library","Madhya Pradesh","RAJGARH(DISTRICT COLLECTOR RAJGARH_IDA)","Rodmal Nagar","RAJGARH","Book's purchase for Student's improve knowledge and mental development.","09-Sep-2024","100000","26-Apr-2025"
"2319","Normal/Others","WS/	 MP443/2025-2026/139980-Purchase Books for Library","Madhya Pradesh","RAJGARH(DISTRICT COLLECTOR RAJGARH_IDA)","Rodmal Nagar","RAJGARH","Book's purchase for Student's improve knowledge and mental development.","09-Sep-2024","100000","26-Apr-2025"
"2320","Normal/Others","WS/	 MP443/2025-2026/139981-Purchase Books for Library","Madhya Pradesh","RAJGARH(DISTRICT COLLECTOR RAJGARH_IDA)","Rodmal Nagar","RAJGARH","Book's purchase for Student's improve knowledge and mental development.","09-Sep-2024","100000","26-Apr-2025"
"2321","Normal/Others","WS/	 MP443/2025-2026/139982-Purchase Books for Library","Madhya Pradesh","RAJGARH(DISTRICT COLLECTOR RAJGARH_IDA)","Rodmal Nagar","RAJGARH","Book's purchase for Student's improve knowledge and mental development.","09-Sep-2024","100000","26-Apr-2025"
"2322","Normal/Others","WS/	 MP443/2025-2026/139983-Purchase Books for Library","Madhya Pradesh","RAJGARH(DISTRICT COLLECTOR RAJGARH_IDA)","Rodmal Nagar","RAJGARH","Book's purchase for Student's improve knowledge and mental development.","09-Sep-2024","100000","26-Apr-2025"
"2323","Normal/Others","WS/	 MP443/2025-2026/139984-Purchase Books for Library","Madhya Pradesh","RAJGARH(DISTRICT COLLECTOR RAJGARH_IDA)","Rodmal Nagar","RAJGARH","Book's purchase for Student's improve knowledge and mental development.","09-Sep-2024","100000","26-Apr-2025"
"2324","Normal/Others","WS/	 MP443/2025-2026/139985-Purchase Books for Library","Madhya Pradesh","RAJGARH(DISTRICT COLLECTOR RAJGARH_IDA)","Rodmal Nagar","RAJGARH","Book's purchase for Student's improve knowledge and mental development.","09-Sep-2024","100000","26-Apr-2025"
"2325","Normal/Others","WS/	 MP443/2025-2026/139986-Purchase Books for Library","Madhya Pradesh","RAJGARH(DISTRICT COLLECTOR RAJGARH_IDA)","Rodmal Nagar","RAJGARH","Book's purchase for Student's improve knowledge and mental development.","09-Sep-2024","100000","26-Apr-2025"
"2326","Normal/Others","WS/	 MP443/2025-2026/139987-Purchase Books for Library","Madhya Pradesh","RAJGARH(DISTRICT COLLECTOR RAJGARH_IDA)","Rodmal Nagar","RAJGARH","Book's purchase for Student's improve knowledge and mental development.","09-Sep-2024","100000","26-Apr-2025"
"2327","Normal/Others","WS/	 MP443/2025-2026/139988-Purchase Books for Library","Madhya Pradesh","RAJGARH(DISTRICT COLLECTOR RAJGARH_IDA)","Rodmal Nagar","RAJGARH","Book's purchase for Student's improve knowledge and mental development.","09-Sep-2024","100000","26-Apr-2025"
"2328","Normal/Others","WS/	 MP443/2025-2026/139989-Purchase Books for Library","Madhya Pradesh","RAJGARH(DISTRICT COLLECTOR RAJGARH_IDA)","Rodmal Nagar","RAJGARH","Book's purchase for Student's improve knowledge and mental development.","09-Sep-2024","100000","26-Apr-2025"
"2329","Normal/Others","WS/	 MP443/2025-2026/139990-Purchase Books for Library","Madhya Pradesh","RAJGARH(DISTRICT COLLECTOR RAJGARH_IDA)","Rodmal Nagar","RAJGARH","Book's purchase for Student's improve knowledge and mental development.","09-Sep-2024","100000","26-Apr-2025"
"2330","Normal/Others","WS/	 MP443/2025-2026/139991-Purchase Books for Library","Madhya Pradesh","RAJGARH(DISTRICT COLLECTOR RAJGARH_IDA)","Rodmal Nagar","RAJGARH","Book's purchase for Student's improve knowledge and mental development.","09-Sep-2024","100000","26-Apr-2025"
"2331","Normal/Others","WS/	 MP443/2025-2026/139992-Purchase Books for Library","Madhya Pradesh","RAJGARH(DISTRICT COLLECTOR RAJGARH_IDA)","Rodmal Nagar","RAJGARH","Book's purchase for Student's improve knowledge and mental development.","09-Sep-2024","100000","26-Apr-2025"
"2332","Normal/Others","WS/	 MP443/2025-2026/139993-Purchase Books for Library","Madhya Pradesh","RAJGARH(DISTRICT COLLECTOR RAJGARH_IDA)","Rodmal Nagar","RAJGARH","Book's purchase for Student's improve knowledge and mental development.","09-Sep-2024","100000","26-Apr-2025"
"2333","Normal/Others","WS/	 MP443/2025-2026/139994-Purchase Books for Library","Madhya Pradesh","RAJGARH(DISTRICT COLLECTOR RAJGARH_IDA)","Rodmal Nagar","RAJGARH","Book's purchase for Student's improve knowledge and mental development.","09-Sep-2024","100000","26-Apr-2025"
"2334","Normal/Others","WS/	 MP443/2025-2026/139995-Purchase Books for Library","Madhya Pradesh","RAJGARH(DISTRICT COLLECTOR RAJGARH_IDA)","Rodmal Nagar","RAJGARH","Book's purchase for Student's improve knowledge and mental development.","09-Sep-2024","100000","26-Apr-2025"
"2335","Normal/Others","WS/	 MP443/2025-2026/139996-Purchase Books for Library","Madhya Pradesh","RAJGARH(DISTRICT COLLECTOR RAJGARH_IDA)","Rodmal Nagar","RAJGARH","Book's purchase for Student's improve knowledge and mental development.","09-Sep-2024","100000","26-Apr-2025"
"2336","Normal/Others","WS/	 MP443/2025-2026/139998-Purchase Books for Library","Madhya Pradesh","RAJGARH(DISTRICT COLLECTOR RAJGARH_IDA)","Rodmal Nagar","RAJGARH","Book's purchase for Student's improve knowledge and mental development.","09-Sep-2024","100000","26-Apr-2025"
"2337","Normal/Others","WS/	 MP443/2025-2026/139999-Purchase Books for Library","Madhya Pradesh","RAJGARH(DISTRICT COLLECTOR RAJGARH_IDA)","Rodmal Nagar","RAJGARH","Book's purchase for Student's improve knowledge and mental development.","09-Sep-2024","100000","26-Apr-2025"
"2338","Normal/Others","WS/	 MP443/2025-2026/140000-Purchase Books for Library","Madhya Pradesh","RAJGARH(DISTRICT COLLECTOR RAJGARH_IDA)","Rodmal Nagar","RAJGARH","Book's purchase for Student's improve knowledge and mental development.","09-Sep-2024","100000","26-Apr-2025"
"2339","Normal/Others","WS/	 MP443/2025-2026/140001-Purchase Books for Library","Madhya Pradesh","RAJGARH(DISTRICT COLLECTOR RAJGARH_IDA)","Rodmal Nagar","RAJGARH","Book's purchase for Student's improve knowledge and mental development.","09-Sep-2024","100000","26-Apr-2025"
"2340","Normal/Others","WS/	 MP443/2025-2026/140002-Purchase Books for Library","Madhya Pradesh","RAJGARH(DISTRICT COLLECTOR RAJGARH_IDA)","Rodmal Nagar","RAJGARH","Book's purchase for Student's improve knowledge and mental development.","09-Sep-2024","100000","26-Apr-2025"
"2341","Normal/Others","WS/	 MP443/2025-2026/140003-Purchase Books for Library","Madhya Pradesh","RAJGARH(DISTRICT COLLECTOR RAJGARH_IDA)","Rodmal Nagar","RAJGARH","Book's purchase for Student's improve knowledge and mental development.","09-Sep-2024","100000","26-Apr-2025"
"2342","Normal/Others","WS/	 MP443/2025-2026/140004-Purchase Books for Library","Madhya Pradesh","RAJGARH(DISTRICT COLLECTOR RAJGARH_IDA)","Rodmal Nagar","RAJGARH","Book's purchase for Student's improve knowledge and mental development.","09-Sep-2024","100000","26-Apr-2025"
"2343","Normal/Others","WS/	 MP443/2025-2026/140005-Purchase Books for Library","Madhya Pradesh","RAJGARH(DISTRICT COLLECTOR RAJGARH_IDA)","Rodmal Nagar","RAJGARH","Book's purchase for Student's improve knowledge and mental development.","09-Sep-2024","100000","26-Apr-2025"
"2344","Normal/Others","WS/	 MP443/2025-2026/140006-Purchase Books for Library","Madhya Pradesh","RAJGARH(DISTRICT COLLECTOR RAJGARH_IDA)","Rodmal Nagar","RAJGARH","Book's purchase for Student's improve knowledge and mental development.","09-Sep-2024","100000","26-Apr-2025"
"2345","Normal/Others","WS/	 MP443/2025-2026/140007-Purchase Books for Library","Madhya Pradesh","RAJGARH(DISTRICT COLLECTOR RAJGARH_IDA)","Rodmal Nagar","RAJGARH","Book's purchase for Student's improve knowledge and mental development.","09-Sep-2024","100000","26-Apr-2025"
"2346","Normal/Others","WS/	 MP443/2025-2026/140008-Purchase Books for Library","Madhya Pradesh","RAJGARH(DISTRICT COLLECTOR RAJGARH_IDA)","Rodmal Nagar","RAJGARH","Book's purchase for Student's improve knowledge and mental development.","09-Sep-2024","100000","26-Apr-2025"
"2347","Normal/Others","WS/	 MP443/2025-2026/140009-Purchase Books for Library","Madhya Pradesh","RAJGARH(DISTRICT COLLECTOR RAJGARH_IDA)","Rodmal Nagar","RAJGARH","Book's purchase for Student's improve knowledge and mental development.","09-Sep-2024","100000","26-Apr-2025"
"2348","Normal/Others","WS/	 MP443/2025-2026/140010-Purchase Books for Library","Madhya Pradesh","RAJGARH(DISTRICT COLLECTOR RAJGARH_IDA)","Rodmal Nagar","RAJGARH","Book's purchase for Student's improve knowledge and mental development.","09-Sep-2024","100000","26-Apr-2025"
"2349","Normal/Others","WS/	 MP443/2025-2026/140011-Purchase Books for Library","Madhya Pradesh","RAJGARH(DISTRICT COLLECTOR RAJGARH_IDA)","Rodmal Nagar","RAJGARH","Book's purchase for Student's improve knowledge and mental development.","09-Sep-2024","100000","26-Apr-2025"
"2350","Normal/Others","WS/	 MP443/2025-2026/140012-Purchase Books for Library","Madhya Pradesh","RAJGARH(DISTRICT COLLECTOR RAJGARH_IDA)","Rodmal Nagar","RAJGARH","Book's purchase for Student's improve knowledge and mental development.m","09-Sep-2024","100000","26-Apr-2025"
"2351","Normal/Others","WS/	 MP443/2025-2026/140013-Purchase Books for Library","Madhya Pradesh","RAJGARH(DISTRICT COLLECTOR RAJGARH_IDA)","Rodmal Nagar","RAJGARH","Book's purchase for Student's improve knowledge and mental development.","09-Sep-2024","100000","26-Apr-2025"
"2352","Normal/Others","WS/	 MP443/2025-2026/140014-Purchase Books for Library","Madhya Pradesh","RAJGARH(DISTRICT COLLECTOR RAJGARH_IDA)","Rodmal Nagar","RAJGARH","Book's purchase for Student's improve knowledge and mental development.","09-Sep-2024","100000","26-Apr-2025"
"2353","Normal/Others","WS/	 MP443/2025-2026/140015-Purchase Books for Library","Madhya Pradesh","RAJGARH(DISTRICT COLLECTOR RAJGARH_IDA)","Rodmal Nagar","RAJGARH","Book's purchase for Student's improve knowledge and mental development.","09-Sep-2024","100000","26-Apr-2025"
"2354","Normal/Others","WS/	 MP443/2025-2026/140016-Purchase Books for Library","Madhya Pradesh","RAJGARH(DISTRICT COLLECTOR RAJGARH_IDA)","Rodmal Nagar","RAJGARH","Book's purchase for Student's improve knowledge and mental development.","09-Sep-2024","100000","26-Apr-2025"
"2355","Normal/Others","WS/	 MP443/2025-2026/140017-Purchase Books for Library","Madhya Pradesh","RAJGARH(DISTRICT COLLECTOR RAJGARH_IDA)","Rodmal Nagar","RAJGARH","Book's purchase for Student's improve knowledge and mental development.","09-Sep-2024","100000","26-Apr-2025"
"2356","Normal/Others","WS/	 MP443/2025-2026/140018-Purchase Books for Library","Madhya Pradesh","RAJGARH(DISTRICT COLLECTOR RAJGARH_IDA)","Rodmal Nagar","RAJGARH","Book's purchase for Student's improve knowledge and mental development.","09-Sep-2024","100000","26-Apr-2025"
"2357","Normal/Others","WS/	 MP443/2025-2026/140019-Purchase Books for Library","Madhya Pradesh","RAJGARH(DISTRICT COLLECTOR RAJGARH_IDA)","Rodmal Nagar","RAJGARH","Book's purchase for Student's improve knowledge and mental development.","09-Sep-2024","100000","26-Apr-2025"
"2358","Normal/Others","WS/	 MP443/2025-2026/140020-Purchase Books for Library","Madhya Pradesh","RAJGARH(DISTRICT COLLECTOR RAJGARH_IDA)","Rodmal Nagar","RAJGARH","Book's purchase for Student's improve knowledge and mental development.","09-Sep-2024","100000","26-Apr-2025"
"2359","Normal/Others","WS/	 MP443/2025-2026/140021-Purchase Books for Library","Madhya Pradesh","RAJGARH(DISTRICT COLLECTOR RAJGARH_IDA)","Rodmal Nagar","RAJGARH","Book's purchase for Student's improve knowledge and mental development.","09-Sep-2024","100000","26-Apr-2025"
"2360","Normal/Others","WS/	 MP443/2025-2026/140022-Purchase Books for Library","Madhya Pradesh","RAJGARH(DISTRICT COLLECTOR RAJGARH_IDA)","Rodmal Nagar","RAJGARH","Book's purchase for Student's improve knowledge and mental development.","09-Sep-2024","100000","26-Apr-2025"
"2361","Normal/Others","WS/	 MP443/2025-2026/140023-Purchase Books for Library","Madhya Pradesh","RAJGARH(DISTRICT COLLECTOR RAJGARH_IDA)","Rodmal Nagar","RAJGARH","Book's purchase for Student's improve knowledge and mental development.","09-Sep-2024","100000","26-Apr-2025"
"2362","Normal/Others","WS/MP18152/2025-2026/140024-Purchase of mobile water tankers","Punjab","MOGA(Deputy Commissioner Moga)","SARABJEET SINGH KHALSA","FARIDKOT(SC)","Purchase of Steel mobile water tanker","09-Sep-2024","200000","16-Apr-2025"
"2363","Normal/Others","WS/MP18152/2025-2026/140025-Purchase of mobile water tankers","Punjab","MOGA(Deputy Commissioner Moga)","SARABJEET SINGH KHALSA","FARIDKOT(SC)","Purchase of Steel mobile water tanker at GP Ghal Kalan Patti","09-Sep-2024","200000","16-Apr-2025"
"2364","Normal/Others","WS/MP18152/2024-2025/140026-Street lights","Punjab","MOGA(Deputy Commissioner Moga)","SARABJEET SINGH KHALSA","FARIDKOT(SC)","Installation of Fixed Street lights","09-Sep-2024","250000","18-Feb-2025"
"2365","Normal/Others","WS/MP18152/2025-2026/140027-Purchase of mobile water tankers","Punjab","MOGA(Deputy Commissioner Moga)","SARABJEET SINGH KHALSA","FARIDKOT(SC)","Purchase of Steel mobile water tanker","09-Sep-2024","200000","16-Apr-2025"
"2366","Normal/Others","WS/MP18152/2024-2025/140028-Construction of community centers and community halls","Punjab","MOGA(Deputy Commissioner Moga)","SARABJEET SINGH KHALSA","FARIDKOT(SC)","Construction of SC Dharamshala","09-Sep-2024","400000","20-Dec-2024"
"2367","Normal/Others","WS/MP18152/2024-2025/140029-Installing tube-wells and borewells","Punjab","MOGA(Deputy Commissioner Moga)","SARABJEET SINGH KHALSA","FARIDKOT(SC)","Installing of Borewell and Submersible Pump at cremation ground","09-Sep-2024","100000","20-Dec-2024"
"2368","Normal/Others","WS/MP18152/2024-2025/140030-Fitting of Sitting RCC Benches in Public Places","Punjab","MOGA(Deputy Commissioner Moga)","SARABJEET SINGH KHALSA","FARIDKOT(SC)","Fitting of Sitting RCC Benches in Public Places","09-Sep-2024","100000","20-Dec-2024"
"2369","Normal/Others","WS/MP18152/2025-2026/140031-Purchase of mobile water tankers","Punjab","MOGA(Deputy Commissioner Moga)","SARABJEET SINGH KHALSA","FARIDKOT(SC)","Purchase of Steel mobile water tanker","09-Sep-2024","200000","16-Apr-2025"
"2370","Normal/Others","WS/MP18152/2025-2026/140032-Purchase of mobile water tankers","Punjab","MOGA(Deputy Commissioner Moga)","SARABJEET SINGH KHALSA","FARIDKOT(SC)","Purchase of Steel mobile water tanker","09-Sep-2024","200000","16-Apr-2025"
"2371","Normal/Others","WS/MP18152/2024-2025/140033-Fitting of Sitting RCC Benches in Public Places","Punjab","MOGA(Deputy Commissioner Moga)","SARABJEET SINGH KHALSA","FARIDKOT(SC)","Fitting of Sitting RCC Benches in Public Places at GP Bhauwala","09-Sep-2024","100000","20-Dec-2024"
"2372","Normal/Others","WS/MP18152/2024-2025/140034-Crematoriums/energy efficient crematoriums or structures on burial/cremation ground","Punjab","MOGA(Deputy Commissioner Moga)","SARABJEET SINGH KHALSA","FARIDKOT(SC)","Construction of Shed in Cremation Ground","09-Sep-2024","200000","20-Dec-2024"
"2373","Normal/Others","WS/MP18152/2024-2025/140035-Street lights","Punjab","MOGA(Deputy Commissioner Moga)","SARABJEET SINGH KHALSA","FARIDKOT(SC)","installation of Fixed Street lights","09-Sep-2024","400000","10-Jan-2025"
"2374","Normal/Others","WS/MP18152/2024-2025/140036-Crematoriums/energy efficient crematoriums or structures on burial/cremation ground","Punjab","MOGA(Deputy Commissioner Moga)","SARABJEET SINGH KHALSA","FARIDKOT(SC)","Construction boundary wall of cremation ground at Shaheed Bhagat singh Nagar","09-Sep-2024","300000","18-Feb-2025"
"2375","Normal/Others","WS/MP18253/2024-2025/140037-Construction of roads, link roads, pathways or any other road with or without drainage system","West Bengal","South 24 Parganas(DISTRICT MAGISTRATE SOUTH TWENTY FOUR PARGANAS_IDA)","BAPI HALDAR","MATHURAPUR(SC)","CONSTRUCTION OC CC ROAD WITH PAILING FROM RABI HALDER HOUSE TO RENUPADA HALDER HOUSE","09-Sep-2024","300000","19-Nov-2024"
"2376","Normal/Others","WS/MP18253/2024-2025/140038-Construction of roads, link roads, pathways or any other road with or without drainage system","West Bengal","South 24 Parganas(DISTRICT MAGISTRATE SOUTH TWENTY FOUR PARGANAS_IDA)","BAPI HALDAR","MATHURAPUR(SC)","CONSTRUCTION OC CC ROAD  FROM NARAYAN BISWAS HOUSE TO HARADHAN HOUSE","09-Sep-2024","246723","19-Nov-2024"
"2377","Normal/Others","WS/MP18253/2024-2025/140039-Construction of roads, link roads, pathways or any other road with or without drainage system","West Bengal","South 24 Parganas(DISTRICT MAGISTRATE SOUTH TWENTY FOUR PARGANAS_IDA)","BAPI HALDAR","MATHURAPUR(SC)","CONSTRUCTION OC CC ROAD FROM RABIN GHOSH HOUSE TO PACCA RASTA","09-Sep-2024","400000","23-Oct-2024"
"2378","Normal/Others","WS/MP18253/2024-2025/140040-Construction of roads, link roads, pathways or any other road with or without drainage system","West Bengal","South 24 Parganas(DISTRICT MAGISTRATE SOUTH TWENTY FOUR PARGANAS_IDA)","BAPI HALDAR","MATHURAPUR(SC)","CONSTRUCTION OC CC ROAD  FROM ISWARIPUR PANCHANAN MONDIR TO FAKIR PARA CULVERT","09-Sep-2024","200000","23-Oct-2024"
"2379","Normal/Others","WS/MP18253/2024-2025/140041-Construction of roads, link roads, pathways or any other road with or without drainage system","West Bengal","South 24 Parganas(DISTRICT MAGISTRATE SOUTH TWENTY FOUR PARGANAS_IDA)","BAPI HALDAR","MATHURAPUR(SC)","CONSTRUCTION OC CC ROAD  FROM HANSA SARDAR HOUSE TO TARACHANDPUR SABITA KALAPAHAR HOUSE","09-Sep-2024","300000","19-Nov-2024"
"2380","Normal/Others","WS/MP18253/2024-2025/140044-Construction of roads, link roads, pathways or any other road with or without drainage system","West Bengal","South 24 Parganas(DISTRICT MAGISTRATE SOUTH TWENTY FOUR PARGANAS_IDA)","BAPI HALDAR","MATHURAPUR(SC)","CONSTRUCTION OC CC ROAD FROM REBATI BAZKHA HOUSE TO PATIT HALDER HOUSE","09-Sep-2024","199850","23-Oct-2024"
"2381","Normal/Others","WS/MP18253/2024-2025/140045-Construction of roads, link roads, pathways or any other road with or without drainage system","West Bengal","South 24 Parganas(DISTRICT MAGISTRATE SOUTH TWENTY FOUR PARGANAS_IDA)","BAPI HALDAR","MATHURAPUR(SC)","CONSTRUCTION OC CC ROAD FROM SUNDAR PURKAIT HOUSE TO BIREN MOULE HOUSE AT KUSH BERIYA","09-Sep-2024","249867","23-Oct-2024"
"2382","Normal/Others","WS/MP18253/2024-2025/140046-Construction of roads, link roads, pathways or any other road with or without drainage system","West Bengal","South 24 Parganas(DISTRICT MAGISTRATE SOUTH TWENTY FOUR PARGANAS_IDA)","BAPI HALDAR","MATHURAPUR(SC)","CONSTRUCTION OC CC ROAD  FROM RABI ATIYAR MOLLA GHAT TO JAMALMOLLA HOUSE VIA MOSJID PURBADHOLA","09-Sep-2024","299271","23-Oct-2024"
"2383","Normal/Others","WS/MP18253/2024-2025/140047-Construction of roads, link roads, pathways or any other road with or without drainage system","West Bengal","South 24 Parganas(DISTRICT MAGISTRATE SOUTH TWENTY FOUR PARGANAS_IDA)","BAPI HALDAR","MATHURAPUR(SC)","CONSTRUCTION OC CC ROAD  FROM BAGARIYA  TO DAKSHIN BHANDARY CULVERT","09-Sep-2024","1000000","19-Nov-2024"
"2384","Normal/Others","WS/MP18253/2024-2025/140048-Construction of roads, link roads, pathways or any other road with or without drainage system","West Bengal","South 24 Parganas(DISTRICT MAGISTRATE SOUTH TWENTY FOUR PARGANAS_IDA)","BAPI HALDAR","MATHURAPUR(SC)","CONSTRUCTION OC CC ROAD  FROM GOUR HALDER HOUSE TO KRISHNA HALDER HOUSE AT DAMODARPUR","09-Sep-2024","250000","23-Oct-2024"
"2385","Normal/Others","WS/MP18253/2024-2025/140049-Construction of roads, link roads, pathways or any other road with or without drainage system","West Bengal","South 24 Parganas(DISTRICT MAGISTRATE SOUTH TWENTY FOUR PARGANAS_IDA)","BAPI HALDAR","MATHURAPUR(SC)","CONSTRUCTION OC CC ROAD  FROM RAMTANU NAGAR TRANCFARMA TO UPENDRA PRAMANIK HOUSE","09-Sep-2024","249403","23-Oct-2024"
"2386","Normal/Others","WS/MP18253/2024-2025/140050-Construction of roads, link roads, pathways or any other road with or without drainage system","West Bengal","South 24 Parganas(DISTRICT MAGISTRATE SOUTH TWENTY FOUR PARGANAS_IDA)","BAPI HALDAR","MATHURAPUR(SC)","CONSTRUCTION OC CC ROAD  FROM BIREN GAYEN HOUSE TO PRABIR MONDAL HOUSE","09-Sep-2024","350000","23-Oct-2024"
"2387","Normal/Others","WS/MP18253/2024-2025/140051-Construction of roads, link roads, pathways or any other road with or without drainage system","West Bengal","South 24 Parganas(DISTRICT MAGISTRATE SOUTH TWENTY FOUR PARGANAS_IDA)","BAPI HALDAR","MATHURAPUR(SC)","CONSTRUCTION OC CC ROAD  FROM PRADIP MONDAL HOUSE TO KARNA HATI HOUSE","09-Sep-2024","349818","23-Oct-2024"
"2388","Normal/Others","WS/MP18253/2024-2025/140052-Construction of roads, link roads, pathways or any other road with or without drainage system","West Bengal","South 24 Parganas(DISTRICT MAGISTRATE SOUTH TWENTY FOUR PARGANAS_IDA)","BAPI HALDAR","MATHURAPUR(SC)","CONSTRUCTION OC CC ROAD  FROM NIL KUMAR MONDAL HOUSE TO RATAN MONDAL HOUSE","09-Sep-2024","299828","24-Dec-2024"
"2389","Normal/Others","WS/MP352/2025-2026/140054-Purchase of vans and buses for educational institutions","Kerala","ERNAKULAM(DISTRICT COLLECTOR ERNAKULAM_IDA)","Shri Hibi Eden","ERNAKULAM","Purchase of a School bus for St.Joseph U P School, Karithala","09-Sep-2024","2472799","23-Sep-2025"
"2390","Normal/Others","WS/MP352/2025-2026/140055-Purchase of vans and buses for educational institutions","Kerala","ERNAKULAM(DISTRICT COLLECTOR ERNAKULAM_IDA)","Shri Hibi Eden","ERNAKULAM","Purchase of a school bus for St.Marys CGHS, Ernakulam","09-Sep-2024","2257000","23-Sep-2025"
"2391","Normal/Others","WS/MP18152/2024-2025/140061-Providing drains and gutters for public drainage","Punjab","MOGA(Deputy Commissioner Moga)","SARABJEET SINGH KHALSA","FARIDKOT(SC)","RCC Pipeline for disposal of water","09-Sep-2024","400000","12-Dec-2024"
"2392","Normal/Others","WS/MP18152/2024-2025/140062-Construction of roads, link roads, pathways or any other road with or without drainage system","Punjab","MOGA(Deputy Commissioner Moga)","SARABJEET SINGH KHALSA","FARIDKOT(SC)","Laying of interlock tiles in various Streets.","09-Sep-2024","500000","20-Dec-2024"
"2393","Normal/Others","WS/MP18328/2024-2025/140063-Development of playground","Himachal Pradesh","MANDI(DEPUTY COMMISSIONER MANDI_IDA)","Kangana Ranaut","MANDI","Development of Playground along with protection wall Near Sheed Samark at GSSS Gopalpur, District Mandi HP Work Execute By- BDO Gopalpur.","09-Sep-2024","200000","18-Nov-2024"
"2394","Normal/Others","WS/MP18152/2024-2025/140064-Providing drains and gutters for public drainage","Punjab","MOGA(Deputy Commissioner Moga)","SARABJEET SINGH KHALSA","FARIDKOT(SC)","Pipeline for Disposal Of Water","09-Sep-2024","300000","12-Dec-2024"
"2395","Normal/Others","WS/MP18152/2024-2025/140065-Installation of fixed garden gym equipment","Punjab","MOGA(Deputy Commissioner Moga)","SARABJEET SINGH KHALSA","FARIDKOT(SC)","Installation of fixed garden gym equipment","09-Sep-2024","300000","03-Dec-2024"
"2396","Normal/Others","WS/MP18152/2025-2026/140067-Purchase of mobile water tankers","Punjab","MOGA(Deputy Commissioner Moga)","SARABJEET SINGH KHALSA","FARIDKOT(SC)","Purchase of mobile water tankers","09-Sep-2024","200000","16-Apr-2025"
"2397","Normal/Others","WS/MP423/2024-2025/140068-Construction of roads, link roads, pathways or any other road with or without drainage system","West Bengal","KOLKATA(COMMISSIONER KOLKATA MUNICIPAL CORPORATION_IDA)","Shri Abhishek Banerjee","DIAMOND HARBOUR","Construction of CC Road with Drain from Holding No. X-64 to X-99 Khaldhari Road. (75 mtr)","17-Sep-2024","497670","12-Dec-2024"
"2398","Normal/Others","WS/MP18321/2024-2025/140088-Purchase of prosthetics, wheel chairs, tricycles (manual or motorized), elect scooties, hearing aids","Gujarat","SABAR KANTHA(DISTRICT COLLECTOR SABARKANTHA_IDA)","SHOBHANABEN MAHENDRASINH BARAIYA","SABARKANTHA","Purchase of Equipment Hearing Aids for Deaf And Dump Children  At word No 6 School","09-Sep-2024","1296000","12-Sep-2024"
"2399","Normal/Others","WS/MP18051/2024-2025/140095-Construction of roads, link roads, pathways or any other road with or without drainage system","Chhattisgarh","MAHASAMUND(DISTRICT COLLECTOR MAHASAMUND_IDA)","ROOP KUMARI CHOUDHARY","MAHASAMUND","c c road nirman  gram panchayat dabpali","09-Sep-2024","500000","26-Nov-2024"
"2400","Normal/Others","WS/MP691/2024-2025/140096-Fitting of Sitting RCC Benches in Public Places","Maharashtra","JALGAON(DISTRICT COLLECTOR JALGAON_IDA)","Smt Raksha Nikhil Khadse","RAVER","Mauje Bodwad Bodwad District  Seating Arrangment at various places for inner city citizens in Jalgaon.","09-Sep-2024","2999928","09-Sep-2024"
"2401","Normal/Others","WS/MP18228/2024-2025/140103-Construction of roads, link roads, pathways or any other road with or without drainage system","Uttar Pradesh","JAUNPUR(DISTRICT MAGISTRATE JAUNPUR_IDA)","PRIYA SAROJ","MACHHLISHAHR(SC)","GRAM PANCHAYAT LAHANGPUR (ATAHANU) BLOCK JALALPUR ME PREM PRAKASH K GHAR SE BAHADUR RAJBHAR K GHAR HOTE HUYE VARANASI BORDER TAK SOLING K UPPER C C ROAD 780 METTERS","09-Sep-2024","3646225","01-Oct-2024"
"2402","Normal/Others","WS/MP517/2024-2025/140104-Lighting of public spaces","Uttar Pradesh","AGRA(DISTRICT MAGISTRAE AGRA_IDA)","Rajkumar Chahar","FATEHPUR SIKRI","1- Pl see my letter no 7897 dated 27-8-2024 me prastavit high mast light install as sr no 1,2,3,4,6,7,19,22,24,31","10-Sep-2024","2489504","19-Oct-2024"
"2403","Normal/Others","WS/MP517/2024-2025/140105-Lighting of public spaces","Uttar Pradesh","AGRA(DISTRICT MAGISTRAE AGRA_IDA)","Rajkumar Chahar","FATEHPUR SIKRI","2- Pl see my letter no 7897 dated 27-8-2024 me prastavit high mast light install in block Pinahat as par sr no 32,33,34,38,39,43,46,47,","10-Sep-2024","1991603","19-Oct-2024"
"2404","Normal/Others","WS/MP517/2024-2025/140106-Lighting of public spaces","Uttar Pradesh","AGRA(DISTRICT MAGISTRAE AGRA_IDA)","Rajkumar Chahar","FATEHPUR SIKRI","2- Pl see my letter no 7897 dated 27-8-2024 me prastavit high mast light install in block Pinahat as par sr no 5,8,9,10,11,12,18,20,21,23","10-Sep-2024","2489504","19-Oct-2024"
"2405","Normal/Others","WS/MP517/2024-2025/140107-Lighting of public spaces","Uttar Pradesh","AGRA(DISTRICT MAGISTRAE AGRA_IDA)","Rajkumar Chahar","FATEHPUR SIKRI","4- Pl see my letter no 7897 dated 27-8-2024 me prastavit high mast light install in block Pinahat as par sr no 26,28,30,40,41,42,44,45,48,49","10-Sep-2024","2489258","19-Oct-2024"
"2406","Normal/Others","WS/MP517/2024-2025/140108-Lighting of public spaces","Uttar Pradesh","AGRA(DISTRICT MAGISTRAE AGRA_IDA)","Rajkumar Chahar","FATEHPUR SIKRI","2- Pl see my letter no 7897 dated 27-8-2024 me prastavit high mast light install in block Pinahat as par sr no 13,14,15,16,17,25,27,29,35,36","10-Sep-2024","2489258","19-Oct-2024"
"2407","Normal/Others","WS/MP517/2024-2025/140109-Lighting of public spaces","Uttar Pradesh","AGRA(DISTRICT MAGISTRAE AGRA_IDA)","Rajkumar Chahar","FATEHPUR SIKRI","2- Pl see my letter no 7897 dated 27-8-2024 me prastavit high mast light install in block Pinahat as par sr no 37,50","10-Sep-2024","497798","19-Oct-2024"
"2408","Normal/Others","WS/MP18245/2024-2025/140125-Purchase of mobile water tankers","West Bengal","HOOGHLY(DISTRICT MAGISTRATE HOOGHLY_IDA)","BAG MITALI","ARAMBAG(SC)","Purchase of 2 Nos. mobile water tankers at Hazipur GP under Goghat-II Dev. Block","29-Oct-2024","500000","04-Feb-2025"
"2409","Normal/Others","WS/MP18245/2024-2025/140126-Purchase of ambulances (Four, three and two wheelers)","West Bengal","HOOGHLY(DISTRICT MAGISTRATE HOOGHLY_IDA)","BAG MITALI","ARAMBAG(SC)","PURCHASE OF AMBULANCES MAHINDRA BOLERA NEO+ (AC) WITH AXIGEN CYLINDER AT HAZIPUR GP UNDAR GOGHAT-II DEV. BLOCK","29-Oct-2024","1420000","19-Mar-2025"
"2410","Normal/Others","WS/MP18161/2024-2025/140128-Construction of roads, link roads, pathways or any other road with or without drainage system","Rajasthan","Deeg(DISTRICT COLLECTOR Deeg_IDA)","SANJNA JATAV","BHARATPUR(SC)","WBM gravel sadak nieman karya kalu jatav ke ghar se nijja ke ghar ki or gram sadpuri work agency gp sadpuri","09-Sep-2024","300000","20-Dec-2024"
"2411","Normal/Others","WS/MP18161/2024-2025/140129-Construction of roads, link roads, pathways or any other road with or without drainage system","Rajasthan","Deeg(DISTRICT COLLECTOR Deeg_IDA)","SANJNA JATAV","BHARATPUR(SC)","interlocking int kharnja with nali nirman karya aaro plant se panchayat bhavan ki or gram punay work agency gp punay","09-Sep-2024","300000","24-Jan-2025"
"2412","Normal/Others","WS/MP18253/2024-2025/140130-Construction of roads, link roads, pathways or any other road with or without drainage system","West Bengal","South 24 Parganas(DISTRICT MAGISTRATE SOUTH TWENTY FOUR PARGANAS_IDA)","BAPI HALDAR","MATHURAPUR(SC)","CONSTRUCTION OF CC ROAD WITH PAILING FROM SAIDULLA FAKIR HOUSE TO BABUJAN FAKIR HOUSE VIA JOHORA BIBI HOUSE","15-Sep-2024","499073","18-Feb-2025"
"2413","Normal/Others","WS/MP18253/2024-2025/140131-Construction of roads, link roads, pathways or any other road with or without drainage system","West Bengal","South 24 Parganas(DISTRICT MAGISTRATE SOUTH TWENTY FOUR PARGANAS_IDA)","BAPI HALDAR","MATHURAPUR(SC)","CONSTRUCTION OF CC ROAD  FROM CHANDER MULA  TO SAHANUJ PAIK HOUSE","15-Sep-2024","500000","28-Mar-2025"
"2414","Normal/Others","WS/MP18253/2024-2025/140132-Construction of roads, link roads, pathways or any other road with or without drainage system","West Bengal","South 24 Parganas(DISTRICT MAGISTRATE SOUTH TWENTY FOUR PARGANAS_IDA)","BAPI HALDAR","MATHURAPUR(SC)","CONSTRUCTION OF CC ROAD WITH PAILING FROM BHAGABAN PUR KACHARI MORE TO YOURUCH NAIYA HOUSE VIA SAFIULL GAZI SHOP","15-Sep-2024","499627","10-Dec-2024"
"2415","Normal/Others","WS/MP18253/2024-2025/140133-Construction of roads, link roads, pathways or any other road with or without drainage system","West Bengal","South 24 Parganas(DISTRICT MAGISTRATE SOUTH TWENTY FOUR PARGANAS_IDA)","BAPI HALDAR","MATHURAPUR(SC)","CONSTRUCTION OF CC ROAD WITH PAILING FROM DAKSHIN HARINDANGA BLACK TOP ROAD  TO MANNAN MOLLA  HOUSE VIA KHALID REJOYAN HOUSE","15-Sep-2024","499758","10-Dec-2024"
"2416","Normal/Others","WS/MP18253/2024-2025/140134-Construction of roads, link roads, pathways or any other road with or without drainage system","West Bengal","South 24 Parganas(DISTRICT MAGISTRATE SOUTH TWENTY FOUR PARGANAS_IDA)","BAPI HALDAR","MATHURAPUR(SC)","CONSTRUCTION OF CC ROAD FROM HALDER PARA MOSJID TO SHIULIPARA BATHING GHAT","15-Sep-2024","249969","10-Dec-2024"
"2417","Normal/Others","WS/MP18253/2024-2025/140135-Construction of roads, link roads, pathways or any other road with or without drainage system","West Bengal","South 24 Parganas(DISTRICT MAGISTRATE SOUTH TWENTY FOUR PARGANAS_IDA)","BAPI HALDAR","MATHURAPUR(SC)","CONSTRUCTION OF CC ROAD FROM SAJAHAN SHOP TO KOLONI MOSJID","15-Sep-2024","249909","10-Dec-2024"
"2418","Normal/Others","WS/MP719/2024-2025/140136-Construction of community centers and community halls","Rajasthan","AJMER(DISTRICT COLLECTOR AJMER_IDA)","Bhagirath Chaudhary","AJMER","Construction of public open community hall in Ruvaldada Shiv chowk in village Govaliya, Gram panchayat Tilora","10-Sep-2024","490801","28-Nov-2024"
"2419","Normal/Others","WS/MP18236/2025-2026/140139-Construction of roads, link roads, pathways or any other road with or without drainage system","Uttar Pradesh","SONBHADRA(DISTRICT MAGISTRATE SONBHADRA_IDA)","CHHOTELAL","ROBERTSGANJ(SC)","Construction of culvert in the middle of village Naudiha Block Nagwa","10-Sep-2024","1000000","02-Apr-2025"
"2420","Normal/Others","WS/MP18236/2024-2025/140140-Construction of rooms and halls in school and colleges","Uttar Pradesh","SONBHADRA(DISTRICT MAGISTRATE SONBHADRA_IDA)","CHHOTELAL","ROBERTSGANJ(SC)","Construction of a room in Rana Pratap Small Secondary School Lohara Sukrit Sonbhadra, Block Karma","10-Sep-2024","700000","20-Mar-2025"
"2421","Normal/Others","WS/MP405/2024-2025/140141-Improvement of electricity distribution infrastructure","Andhra Pradesh","KRISHNA(DISTRICT COLLECTOR KRISHNA_IDA)","Balashowry Vallabbhaneni","MACHILIPATNAM","mprovement of electrical distribution infrastructure at Ullipalem of Koduru Mandal in Krishna District","10-Sep-2024","297000","20-Jan-2025"
"2422","Normal/Others","WS/MP405/2025-2026/140142-Improvement of electricity distribution infrastructure","Andhra Pradesh","KRISHNA(DISTRICT COLLECTOR KRISHNA_IDA)","Balashowry Vallabbhaneni","MACHILIPATNAM","mprovement of electrical distribution infrastructure at Pedayadara of Machilipatnam Mandal in Krishna District","10-Sep-2024","381000","06-Feb-2026"
"2423","Normal/Others","WS/MP405/2024-2025/140143-Construction of rooms and facilities for hospitals, FWC , PHC Centers and ANM centers","Andhra Pradesh","KRISHNA(DISTRICT COLLECTOR KRISHNA_IDA)","Balashowry Vallabbhaneni","MACHILIPATNAM","Construction of waiting shelter for patients at Primary Health Centre of China Pandraka of Kruthivennu Mandal","10-Sep-2024","499986","20-Jan-2025"
"2424","Normal/Others","WS/MP405/2025-2026/140144-Purchase of hospital equipment","Andhra Pradesh","KRISHNA(DISTRICT COLLECTOR KRISHNA_IDA)","Balashowry Vallabbhaneni","MACHILIPATNAM","Purchase of Real time micro PCR system for cancer van at GGH, Machilipatnam","10-Sep-2024","896000","11-Dec-2025"
"2425","Normal/Others","WS/MP405/2024-2025/140145-Construction of roads, link roads, pathways or any other road with or without drainage system","Andhra Pradesh","KRISHNA(DISTRICT COLLECTOR KRISHNA_IDA)","Balashowry Vallabbhaneni","MACHILIPATNAM","Providing CC road from Ramalayam to Chukka Srinivasa Rao house in Kanigirilanka of Iluru GP, Thotlavallur Mandal in Krishna District","10-Sep-2024","1500000","22-Oct-2024"
"2426","Normal/Others","WS/MP517/2024-2025/140151-Lighting of public spaces","Uttar Pradesh","AGRA(DISTRICT MAGISTRAE AGRA_IDA)","Rajkumar Chahar","FATEHPUR SIKRI","Pl see my letter no 7897 dated 27-8-2024 me prastavit high mast light install in block Barauli Ahir as par sr no 1,2,3,4,5,6,7,8,9,10","10-Sep-2024","2488890","21-Oct-2024"
"2427","Normal/Others","WS/MP517/2024-2025/140152-Lighting of public spaces","Uttar Pradesh","AGRA(DISTRICT MAGISTRAE AGRA_IDA)","Rajkumar Chahar","FATEHPUR SIKRI","Pl see my letter no 7895 dated 27-8-2024 me prastavit high mast light install in block Barauli Ahir as par sr no 21,22,25,26,30,31,32,33,34,35","10-Sep-2024","2489182","21-Oct-2024"
"2428","Normal/Others","WS/MP517/2024-2025/140153-Lighting of public spaces","Uttar Pradesh","AGRA(DISTRICT MAGISTRAE AGRA_IDA)","Rajkumar Chahar","FATEHPUR SIKRI","Pl see my letter no 7895 dated 27-8-2024 me prastavit high mast light install in block Barauli Ahir as par sr no 36,37,38,39,40,41,42,53,54,55","10-Sep-2024","2488890","21-Oct-2024"
"2429","Normal/Others","WS/MP719/2024-2025/140154-Construction of community centers and community halls","Rajasthan","AJMER(DISTRICT COLLECTOR AJMER_IDA)","Bhagirath Chaudhary","AJMER","Construction of Comunity Hall neat Teja place kadel","10-Sep-2024","299612","28-Nov-2024"
"2430","Normal/Others","WS/MP719/2024-2025/140155-Construction of community centers and community halls","Rajasthan","AJMER(DISTRICT COLLECTOR AJMER_IDA)","Bhagirath Chaudhary","AJMER","Construction of Teen shade and ladder in village rewat","10-Sep-2024","200000","07-Dec-2024"
"2431","Normal/Others","WS/MP517/2024-2025/140156-Lighting of public spaces","Uttar Pradesh","AGRA(DISTRICT MAGISTRAE AGRA_IDA)","Rajkumar Chahar","FATEHPUR SIKRI","Pl see my letter no 7895 dated 27-8-2024 me prastavit high mast light install in block Akola as par sr no 11,12,13,15,23,51,52,58,59","10-Sep-2024","2240001","21-Oct-2024"
"2432","Normal/Others","WS/MP517/2024-2025/140157-Lighting of public spaces","Uttar Pradesh","AGRA(DISTRICT MAGISTRAE AGRA_IDA)","Rajkumar Chahar","FATEHPUR SIKRI","Pl see my letter no 7895 dated 27-8-2024 me prastavit high mast light install in block Bichpuri as par sr no 14,16,17,18,19,20,24,27,28,29","10-Sep-2024","2489037","21-Oct-2024"
"2433","Normal/Others","WS/MP517/2024-2025/140158-Lighting of public spaces","Uttar Pradesh","AGRA(DISTRICT MAGISTRAE AGRA_IDA)","Rajkumar Chahar","FATEHPUR SIKRI","Pl see my letter no 7895 dated 27-8-2024 me prastavit high mast light install in block Bichpuri as par sr no 43,44,45,46,47,48,49,50,56,57","10-Sep-2024","2239343","21-Oct-2024"
"2434","Normal/Others","WS/MP517/2024-2025/140159-Lighting of public spaces","Uttar Pradesh","AGRA(DISTRICT MAGISTRAE AGRA_IDA)","Rajkumar Chahar","FATEHPUR SIKRI","Pl see my letter no 7895 dated 27-8-2024 me prastavit high mast light install in block Bichpuri as par sr no 60","10-Sep-2024","248596","21-Oct-2024"
"2435","Normal/Others","WS/MP479/2024-2025/140160-Street lights","West Bengal","BANKURA(DISTRICT MAGISTRATE BANKURA_IDA)","Saumitra khan","BISHNUPUR(SC)","Installation of Solar LED Street Light with Pole (Pole 6mtr, 18Watt, Battery 12.8V, 24 AH Lithium Ferro Battery, Module 75Wp Solar Panel) Total 25 Nos. x 38000/ each","10-Sep-2024","850498","13-Dec-2024"
"2436","Normal/Others","WS/MP479/2024-2025/140161-Lighting of public spaces","West Bengal","BANKURA(DISTRICT MAGISTRATE BANKURA_IDA)","Saumitra khan","BISHNUPUR(SC)","Installation of Solar LED Light with Pole (Lights 24Watt x 2, Pole 7mtr. Octagonal with Manual Ladder, Battery 12.8V,30A H Lithium ferro, Module 150Wp Solar Panel) Total 4 Nos. X 65000/ each","10-Sep-2024","259864","13-Dec-2024"
"2437","Normal/Others","WS/MP479/2024-2025/140162-Street lights","West Bengal","BANKURA(DISTRICT MAGISTRATE BANKURA_IDA)","Saumitra khan","BISHNUPUR(SC)","Installation of Solar LED Street Light with Pole (Pole 6mtr, 18Watt, Battery 12.8V, 24 AH Lithium Ferro Battery, Module 75Wp Solar Panel) Total 36 Nos. x 38000/ each","10-Sep-2024","1224105","13-Dec-2024"
"2438","Normal/Others","WS/MP479/2024-2025/140163-Street lights","West Bengal","BANKURA(DISTRICT MAGISTRATE BANKURA_IDA)","Saumitra khan","BISHNUPUR(SC)","Installation of Solar LED Street Light with Pole (Pole 6mtr, 18Watt, Battery 12.8V, 24 AH Lithium Ferro Battery, Module 75Wp Solar Panel) Total 22 Nos. x 38000/ each","10-Sep-2024","748139","13-Dec-2024"
"2439","Normal/Others","WS/MP479/2024-2025/140164-Street lights","West Bengal","BANKURA(DISTRICT MAGISTRATE BANKURA_IDA)","Saumitra khan","BISHNUPUR(SC)","Installation of Solar LED Street Light with Pole (Pole 6mtr, 18Watt, Battery 12.8V, 24 AH Lithium Ferro Battery, Module 75Wp Solar Panel) Total 49 Nos. x 38000/ each","10-Sep-2024","1663643","13-Dec-2024"
"2440","Normal/Others","WS/MP479/2024-2025/140165-Lighting of public spaces","West Bengal","BANKURA(DISTRICT MAGISTRATE BANKURA_IDA)","Saumitra khan","BISHNUPUR(SC)","Installation of Solar LED Light with Pole (Lights 24Watt x 2, Pole 7mtr. Octagonal with Manual Ladder, Battery 12.8V,30A H Lithium ferro, Module 150Wp Solar Panel) Total 2 Nos. X 65000/ each","10-Sep-2024","129932","13-Dec-2024"
"2441","Normal/Others","WS/MP479/2024-2025/140168-Lighting of public spaces","West Bengal","BANKURA(DISTRICT MAGISTRATE BANKURA_IDA)","Saumitra khan","BISHNUPUR(SC)","Installation of Solar LED Light with Pole (Lights 24Watt x 2, Pole 7mtr. Octagonal with Manual Ladder, Battery 12.8V,30A H Lithium ferro, Module 150Wp Solar Panel) Total 4 Nos. X 65000/ each","10-Sep-2024","259864","13-Dec-2024"
"2442","Normal/Others","WS/MP18161/2024-2025/140180-Crematoriums/energy efficient crematoriums or structures on burial/cremation ground","Rajasthan","BHARATPUR(DISTRICT COLLECTOR BHARATPUR_IDA)","SANJNA JATAV","BHARATPUR(SC)","shamshan ghat me shavdah grah v anya vikash karya gram baghai work agency gp jatoli Rathman","10-Sep-2024","600000","07-Jan-2025"
"2443","Normal/Others","WS/MP18161/2024-2025/140182-Construction of rooms and halls in school and colleges","Rajasthan","BHARATPUR(DISTRICT COLLECTOR BHARATPUR_IDA)","SANJNA JATAV","BHARATPUR(SC)","shesh baramda nirman karya rajkiya uchcha madhyamik school gram karhi","10-Sep-2024","300000","12-Dec-2024"
"2444","Normal/Others","WS/MP18161/2024-2025/140183-Construction of roads, link roads, pathways or any other road with or without drainage system","Rajasthan","BHARATPUR(DISTRICT COLLECTOR BHARATPUR_IDA)","SANJNA JATAV","BHARATPUR(SC)","interlocking/ cc nirman karya bhumiya baba par se main rasta ki or gram bharkau work agency gp dahra","10-Sep-2024","250000","18-Dec-2024"
"2445","Normal/Others","WS/MP18161/2024-2025/140184-Construction of roads, link roads, pathways or any other road with or without drainage system","Rajasthan","BHARATPUR(DISTRICT COLLECTOR BHARATPUR_IDA)","SANJNA JATAV","BHARATPUR(SC)","interlocking / cc kharnja nirman karya deepachand ke ghar se bhagwan singh ke ghar ki or gram dahra","10-Sep-2024","250000","18-Dec-2024"
"2446","Normal/Others","WS/MP370/2024-2025/140197-Purchase of IT systems, including hardware and software for educational purposes","Odisha","Sundaragada(DISTRICT COLLECTOR SUNDARGARH_IDA)","Shri Jual Oram","SUNDARGARH (ST)","Computer Education project at  Govt. U.P. School, Kusumura, GP-Kusumura, Block Balisankara","20-Sep-2024","480000","05-Dec-2024"
"2447","Normal/Others","WS/MP370/2024-2025/140198-Purchase of IT systems, including hardware and software for educational purposes","Odisha","Sundaragada(DISTRICT COLLECTOR SUNDARGARH_IDA)","Shri Jual Oram","SUNDARGARH (ST)","Computer Education project at Govt. Primary School, Block Colony, GP-Balisankara, Block-Balisankara","20-Sep-2024","480000","19-Nov-2024"
"2448","Normal/Others","WS/MP370/2024-2025/140199-Purchase of IT systems, including hardware and software for educational purposes","Odisha","Sundaragada(DISTRICT COLLECTOR SUNDARGARH_IDA)","Shri Jual Oram","SUNDARGARH (ST)","Computer Education project at  Govt. U.P. School, Kendudihi, GP-Tildega, Block-Balisankara","20-Sep-2024","480000","28-Nov-2024"
"2449","Normal/Others","WS/MP370/2024-2025/140200-Purchase of IT systems, including hardware and software for educational purposes","Odisha","Sundaragada(DISTRICT COLLECTOR SUNDARGARH_IDA)","Shri Jual Oram","SUNDARGARH (ST)","Computer Education project at  Govt. U.P. School, Jadakudar, GP-Beheradihi, Block-Balisankara","20-Sep-2024","480000","05-Dec-2024"
"2450","Normal/Others","WS/MP370/2024-2025/140201-Purchase of IT systems, including hardware and software for educational purposes","Odisha","Sundaragada(DISTRICT COLLECTOR SUNDARGARH_IDA)","Shri Jual Oram","SUNDARGARH (ST)","Computer Education project at  Govt. U.P. School, Khampur, GP-Rampur, Block-Balisankara","20-Sep-2024","480000","28-Nov-2024"
"2451","Normal/Others","WS/MP370/2024-2025/140202-Purchase of IT systems, including hardware and software for educational purposes","Odisha","Sundaragada(DISTRICT COLLECTOR SUNDARGARH_IDA)","Shri Jual Oram","SUNDARGARH (ST)","Computer Education project at  Govt. U.P. School, Kupatangar, GP-Kinjirkela, Block-Balisankara","20-Sep-2024","480000","05-Dec-2024"
"2452","Normal/Others","WS/MP370/2024-2025/140203-Purchase of IT systems, including hardware and software for educational purposes","Odisha","Sundaragada(DISTRICT COLLECTOR SUNDARGARH_IDA)","Shri Jual Oram","SUNDARGARH (ST)","Computer Education project at  Govt. U.P. School, Bandega, GP-Bandega, Block Balisankara","20-Sep-2024","480000","19-Nov-2024"
"2453","Normal/Others","WS/MP370/2024-2025/140204-Purchase of IT systems, including hardware and software for educational purposes","Odisha","Sundaragada(DISTRICT COLLECTOR SUNDARGARH_IDA)","Shri Jual Oram","SUNDARGARH (ST)","Computer Education project at  Govt. Primary School, Girjapara, GP-Dhubendand, Block-Balisankara","20-Sep-2024","480000","19-Nov-2024"
"2454","Normal/Others","WS/MP370/2024-2025/140205-Purchase of IT systems, including hardware and software for educational purposes","Odisha","Sundaragada(DISTRICT COLLECTOR SUNDARGARH_IDA)","Shri Jual Oram","SUNDARGARH (ST)","Computer Education project at  Govt. U.P. School, Tilia, GP-Sagbahal, Block-Balisankara","20-Sep-2024","480000","19-Nov-2024"
"2455","Normal/Others","WS/MP370/2024-2025/140206-Purchase of IT systems, including hardware and software for educational purposes","Odisha","Sundaragada(DISTRICT COLLECTOR SUNDARGARH_IDA)","Shri Jual Oram","SUNDARGARH (ST)","Computer Education project at  Govt. U.P. School, Sikajore, GP-Tileikani","20-Sep-2024","480000","05-Dec-2024"
"2456","Normal/Others","WS/MP370/2024-2025/140207-Purchase of IT systems, including hardware and software for educational purposes","Odisha","Sundaragada(DISTRICT COLLECTOR SUNDARGARH_IDA)","Shri Jual Oram","SUNDARGARH (ST)","Computer Education project at  Govt. U.P. School, Gailo, GP-Jaisar, Block-Subdega","20-Sep-2024","480000","25-Oct-2024"
"2457","Normal/Others","WS/MP370/2024-2025/140208-Purchase of IT systems, including hardware and software for educational purposes","Odisha","Sundaragada(DISTRICT COLLECTOR SUNDARGARH_IDA)","Shri Jual Oram","SUNDARGARH (ST)","Computer Education project at  Govt. U.P. School, Luhurenberni, GP-Hamirpur, Block-Subdega","20-Sep-2024","480000","25-Oct-2024"
"2458","Normal/Others","WS/MP370/2024-2025/140209-Purchase of IT systems, including hardware and software for educational purposes","Odisha","Sundaragada(DISTRICT COLLECTOR SUNDARGARH_IDA)","Shri Jual Oram","SUNDARGARH (ST)","Computer Education project at  Govt. U.P. School, Jamuna, GP-Jamuna, Block-Subdega","20-Sep-2024","480000","25-Oct-2024"
"2459","Normal/Others","WS/MP370/2024-2025/140210-Purchase of IT systems, including hardware and software for educational purposes","Odisha","Sundaragada(DISTRICT COLLECTOR SUNDARGARH_IDA)","Shri Jual Oram","SUNDARGARH (ST)","Computer Education project at  Govt. U.P. School, Baurimunda, GP- Rajpur, Block-Subdega","20-Sep-2024","480000","25-Oct-2024"
"2460","Normal/Others","WS/MP370/2024-2025/140211-Purchase of IT systems, including hardware and software for educational purposes","Odisha","Sundaragada(DISTRICT COLLECTOR SUNDARGARH_IDA)","Shri Jual Oram","SUNDARGARH (ST)","Computer Education project at  Govt. U.P. School, Tedgamuha, GP-Rajpur, Block-Subdega","20-Sep-2024","480000","25-Oct-2024"
"2461","Normal/Others","WS/MP18076/2025-2026/140212-Construction of New Building","Karnataka","Bengaluru South(DEPUTY COMMISSIONER RAMANAGARA_IDA)","DR C N MANJUNATH","BANGALORE RURAL","Construction of New Building for Hujenahalli Milk Producers Co-operative Society Ltd.","10-Sep-2024","300000","08-Aug-2025"
"2462","Normal/Others","WS/MP18176/2024-2025/140224-Construction of buildings for crèches and anganwadies","Tamil Nadu","DINDIGUL(DISTRICT COLLECTOR DINDIGUL_IDA)","SACHITHANANTHAM R","DINDIGUL","CONSTRUCTION OF KATTAKAMANPATTY ANGANWADI BUILDING","12-Sep-2024","1655000","20-Sep-2024"
"2463","Normal/Others","WS/MP18074/2024-2025/140226-Construction of roads, link roads, pathways or any other road with or without drainage system","Jharkhand","SARAIKELA KHARSAWAN(Deputy Commissioner saraikela_IDA)","KALI CHARAN MUNDA","KHUNTI(ST)","Construction of PCC road from Maniram Munda's house to Gothauli in village Todangdih of Baruhatu Panchayat under Kuchai block.","10-Sep-2024","500000","09-Oct-2024"
"2464","Normal/Others","WS/MP18074/2024-2025/140227-Construction of public staircase/ stair ghat for public convenience","Jharkhand","SARAIKELA KHARSAWAN(Deputy Commissioner saraikela_IDA)","KALI CHARAN MUNDA","KHUNTI(ST)","Construction of bathing ghat in Laka pond of village Aruwan of Aruwan Panchayat under Kuchai block.","10-Sep-2024","500000","09-Oct-2024"
"2465","Normal/Others","WS/MP18074/2024-2025/140228-Construction of public staircase/ stair ghat for public convenience","Jharkhand","SARAIKELA KHARSAWAN(Deputy Commissioner saraikela_IDA)","KALI CHARAN MUNDA","KHUNTI(ST)","Construction of bathing ghat in government pond (Burubanda) in village Galudih of Tilopada Panchayat under Kuchai block.","10-Sep-2024","500000","09-Oct-2024"
"2466","Normal/Others","WS/MP18074/2024-2025/140229-Construction of roads, link roads, pathways or any other road with or without drainage system","Jharkhand","SARAIKELA KHARSAWAN(Deputy Commissioner saraikela_IDA)","KALI CHARAN MUNDA","KHUNTI(ST)","Construction of PCC road from football ground to Kanchanpur bathing ghat in village Kanchanpur of Sini Panchayat under Seraikela block.","10-Sep-2024","600000","09-Oct-2024"
"2467","Normal/Others","WS/MP18074/2024-2025/140230-Construction of roads, link roads, pathways or any other road with or without drainage system","Jharkhand","SARAIKELA KHARSAWAN(Deputy Commissioner saraikela_IDA)","KALI CHARAN MUNDA","KHUNTI(ST)","Construction of PCC road from Bhagirathi Mahato's house to village Pradhan Mangal Marandi's house in village Pawarol of Mahitpur Panchayat under Seraikela block.","10-Sep-2024","500000","09-Oct-2024"
"2468","Normal/Others","WS/MP18074/2024-2025/140231-Construction of roads, link roads, pathways or any other road with or without drainage system","Jharkhand","SARAIKELA KHARSAWAN(Deputy Commissioner saraikela_IDA)","KALI CHARAN MUNDA","KHUNTI(ST)","Construction of PCC road from Utkramit Vidyalaya to Lakhindra Mahato's house in village Banddih of Banddih Panchayat under Gamharia block.","10-Sep-2024","700000","09-Oct-2024"
"2469","Normal/Others","WS/MP18074/2024-2025/140232-Construction of roads, link roads, pathways or any other road with or without drainage system","Jharkhand","SARAIKELA KHARSAWAN(Deputy Commissioner saraikela_IDA)","KALI CHARAN MUNDA","KHUNTI(ST)","Construction of PCC road from High School More Main Road to crematorium ghat in village Telisai of Kharsawan Panchayat under Kharsawan block.","10-Sep-2024","600000","09-Oct-2024"
"2470","Normal/Others","WS/MP18074/2024-2025/140233-Construction of roads, link roads, pathways or any other road with or without drainage system","Jharkhand","SARAIKELA KHARSAWAN(Deputy Commissioner saraikela_IDA)","KALI CHARAN MUNDA","KHUNTI(ST)","Construction of PCC road from Gomeya Hembram's house to Dhakkanlal Sardar's house in village Patpat of Riring Panchayat under Kharsawan block.","10-Sep-2024","500000","08-Oct-2024"
"2471","Normal/Others","WS/MP18074/2024-2025/140234-Construction of roads, link roads, pathways or any other road with or without drainage system","Jharkhand","SARAIKELA KHARSAWAN(Deputy Commissioner saraikela_IDA)","KALI CHARAN MUNDA","KHUNTI(ST)","Construction of PCC road from Krishna Modi's house to Bhajanto Pradhan's house in village Jerasai of Telaidih Panchayat under Kharsawan block.","10-Sep-2024","600000","09-Oct-2024"
"2472","Repair and Renovation","WS/MP18023/2024-2025/140235-Retrofitting in essential lifeline buildings","Assam","KAMRUP(DEPUTY COMMISSIONER KAMRUP_IDA)","BIJULI KALITA MEDHI","GUWAHATI","Retrofittinng in building at Dalukagata satra uunayan Samity.","10-Sep-2024","500000","21-Feb-2025"
"2473","Normal/Others","WS/MP405/2024-2025/140236-Providing supply pipelines for drinking water","Andhra Pradesh","KRISHNA(DISTRICT COLLECTOR KRISHNA_IDA)","Balashowry Vallabbhaneni","MACHILIPATNAM","Providing supply pipelines and motor for drinking water at Dantaguntla GP of Bapulapadu Mandal in Krishna District","10-Sep-2024","299297","30-Oct-2024"
"2474","Normal/Others","WS/MP716/2024-2025/140237-Construction of public irrigation facilities","Punjab","SRI MUKTSAR SAHIB(DEPUTY COMMISSIONER SRI MUKTSAR SAHIB_IDA)","Smt Harsimrat Kaur Badal","BHATINDA","For Laying Rcc Pipeline to Sukhwinderpal Singh Field At Village Bhullar Wala","11-Sep-2024","373000","25-Sep-2024"
"2475","Normal/Others","WS/MP826/2024-2025/140238-Providing drains and gutters for public drainage","West Bengal","DARJEELING(DISTRICT MAGISTRATE DARJEELING_IDA)","Raju Bista","DARJEELING","Construction of drainage (jhora) at Khaptawali Gaon  Ref: Rewati Chhetri, Member Mirik Gram Panchayat (9091784652)","18-Sep-2024","452119","23-Dec-2024"
"2476","Normal/Others","WS/MP347/2024-2025/140239-Street lights","Kerala","KOLLAM(DISTRICT COLLECTOR KOLLAM_IDA)","Shri Suresh Kodikunnil","MAVELIKKARA(SC)","Minimast Light in front of Chennamkara Muslim Juma Ath in Pathanapuram Grama Panchayath","11-Sep-2024","342606","22-Nov-2024"
"2477","Normal/Others","WS/MP347/2024-2025/140240-Construction of roads, link roads, pathways or any other road with or without drainage system","Kerala","KOLLAM(DISTRICT COLLECTOR KOLLAM_IDA)","Shri Suresh Kodikunnil","MAVELIKKARA(SC)","Construction of Pera- St.John's Marthoma Church- Cheruvalloore Road in Ummannoor Grama Panchayath","11-Sep-2024","1406283","04-Oct-2024"
"2478","Normal/Others","WS/MP413/2024-2025/140245-Construction of roads, link roads, pathways or any other road with or without drainage system","Bihar","GOPALGANJ(DISTRICT PLANNING OFFICER GOPALGANJ_IDA)","Alok Kumar Suman","GOPALGANJ (SC)","Under the Member of Parliament Local Area Development Scheme, the boundary wall cum PCC of the District Planning Office located in the District Collectorate premises is being constructed from my MP Fund. An amount of up to ten lakh fifty thousand rupees is recommended for the construction work.","11-Sep-2024","1032374","01-Oct-2024"
"2479","Normal/Others","WS/MP347/2024-2025/140252-Purchase of IT systems, including hardware and software for educational purposes","Kerala","KOLLAM(DISTRICT COLLECTOR KOLLAM_IDA)","Shri Suresh Kodikunnil","MAVELIKKARA(SC)","Provide Laptop to Govt.UPS,Nedumoncavu in Kareepra Grama Panchayath","11-Sep-2024","212242","12-Sep-2024"
"2480","Normal/Others","WS/MP18074/2024-2025/140256-Construction of roads, link roads, pathways or any other road with or without drainage system","Jharkhand","SIMDEGA(Deputy Commissioner simdega_IDA)","KALI CHARAN MUNDA","KHUNTI(ST)","Construction of PCC Road from Bhattitoli Azad Basti Khaja Garib Nawaz Mosque to Haki Masjid towards ex- Army’s house under Ward number -19.","11-Sep-2024","600000","02-Oct-2024"
"2481","Normal/Others","WS/MP18074/2024-2025/140257-Construction of roads, link roads, pathways or any other road with or without drainage system","Jharkhand","SIMDEGA(Deputy Commissioner simdega_IDA)","KALI CHARAN MUNDA","KHUNTI(ST)","Construction of PCC Road from Sabir Khan's house to Mohd. Bin Asnari's house in Eidgah Mohalla under Ward number -19.","11-Sep-2024","900000","02-Oct-2024"
"2482","Normal/Others","WS/MP18176/2024-2025/140258-Providing supply pipelines for drinking water","Tamil Nadu","DINDIGUL(DISTRICT COLLECTOR DINDIGUL_IDA)","SACHITHANANTHAM R","DINDIGUL","05.001 - Installing tube-wells and borewells in Eluvanampatty @ uchchampatty (supply pipelines for drinking water)","12-Sep-2024","499340","20-Sep-2024"
"2483","Normal/Others","WS/MP334/2024-2025/140259-Street lights","Jharkhand","BOKARO(DEPUTY COMMISSIONER BOKARO_IDA)","Shri Chandra Prakash Choudhary","GIRIDIH","Installation of solar street light near purana hanuman mandir mahavir sthan in mongo rangamati.","13-Sep-2024","22000","05-Oct-2024"
"2484","Normal/Others","WS/MP334/2024-2025/140260-Street lights","Jharkhand","BOKARO(DEPUTY COMMISSIONER BOKARO_IDA)","Shri Chandra Prakash Choudhary","GIRIDIH","Installation of solar street light near shiv mandir dihwa in mungo rangamati.","13-Sep-2024","22000","05-Oct-2024"
"2485","Normal/Others","WS/MP334/2024-2025/140261-Street lights","Jharkhand","BOKARO(DEPUTY COMMISSIONER BOKARO_IDA)","Shri Chandra Prakash Choudhary","GIRIDIH","Installation of solar street light near hanuman mandir harijan tola in mungo rangamati.","13-Sep-2024","22000","05-Oct-2024"
"2486","Normal/Others","WS/MP334/2024-2025/140262-Street lights","Jharkhand","BOKARO(DEPUTY COMMISSIONER BOKARO_IDA)","Shri Chandra Prakash Choudhary","GIRIDIH","Installation of solar street light near durga mandir dumuhan in mungo rangamati.","13-Sep-2024","22000","05-Oct-2024"
"2487","Normal/Others","WS/MP334/2024-2025/140263-Street lights","Jharkhand","BOKARO(DEPUTY COMMISSIONER BOKARO_IDA)","Shri Chandra Prakash Choudhary","GIRIDIH","Installation of solar street light near hanuman mandir paartand in mungo rangamati.","13-Sep-2024","22000","05-Oct-2024"
"2488","Normal/Others","WS/MP334/2024-2025/140264-Street lights","Jharkhand","BOKARO(DEPUTY COMMISSIONER BOKARO_IDA)","Shri Chandra Prakash Choudhary","GIRIDIH","Installation of solar street light near shiv mandir gamhariyatand.","13-Sep-2024","22000","05-Oct-2024"
"2489","Normal/Others","WS/MP334/2024-2025/140265-Street lights","Jharkhand","BOKARO(DEPUTY COMMISSIONER BOKARO_IDA)","Shri Chandra Prakash Choudhary","GIRIDIH","Installation of solar street light near bhuneshwar mahto house karma akhada purnadih in mungo rangamati.","13-Sep-2024","22000","05-Oct-2024"
"2490","Normal/Others","WS/MP334/2024-2025/140266-Street lights","Jharkhand","BOKARO(DEPUTY COMMISSIONER BOKARO_IDA)","Shri Chandra Prakash Choudhary","GIRIDIH","Installation of solar street light near hanuman mandir purnadih in mungo rangamati.","13-Sep-2024","22000","05-Oct-2024"
"2491","Normal/Others","WS/MP334/2024-2025/140267-Street lights","Jharkhand","BOKARO(DEPUTY COMMISSIONER BOKARO_IDA)","Shri Chandra Prakash Choudhary","GIRIDIH","Installation of solar street light near shiv mandir kothi in mungo rangamati","13-Sep-2024","22000","05-Oct-2024"
"2492","Normal/Others","WS/MP334/2024-2025/140268-Street lights","Jharkhand","BOKARO(DEPUTY COMMISSIONER BOKARO_IDA)","Shri Chandra Prakash Choudhary","GIRIDIH","Installation of solar street light near nakul thakur house in kashiyatand in mungo rangamati.","13-Sep-2024","22000","05-Oct-2024"
"2493","Normal/Others","WS/MP18176/2024-2025/140269-Lighting of public spaces","Tamil Nadu","DINDIGUL(DISTRICT COLLECTOR DINDIGUL_IDA)","SACHITHANANTHAM R","DINDIGUL","Lighting of public spaces in Natham Ward No: 7 Mariyamman kovil high mast light","12-Sep-2024","1000000","24-Sep-2024"
"2494","Normal/Others","WS/MP18391/2024-2025/140271-Purchase of ambulances (Four, three and two wheelers)","Nagaland","MOKOKCHUNG(Deputy Commissioner Mokokchung_IDA)","S SUPONGMEREN JAMIR","NAGALAND","Purchase of Community Ambulances 6 (six) Nos.","11-Sep-2024","16912380","10-Oct-2024"
"2495","Normal/Others","WS/MP18176/2024-2025/140272-Construction of Government office buildings (Post office, Police station, Police chauki, etc.)","Tamil Nadu","DINDIGUL(DISTRICT COLLECTOR DINDIGUL_IDA)","SACHITHANANTHAM R","DINDIGUL","Construction of Government office buildings (Post office, Police station, Police chauki, etc.) in Pudhur @ paralipudhur Ration Shop","12-Sep-2024","1000000","12-Mar-2025"
"2496","Normal/Others","WS/MP18391/2024-2025/140274-Construction of flood control embankments/ protection walls along riverbanks, hilltops, roadsides","Nagaland","KOHIMA(DEPUTY COMMISIONER_7)","S SUPONGMEREN JAMIR","NAGALAND","Construction of river embankment & water conservation plant at Kikha Kohima","11-Sep-2024","11000000","29-Nov-2024"
"2497","Normal/Others","WS/MP334/2024-2025/140275-Street lights","Jharkhand","BOKARO(DEPUTY COMMISSIONER BOKARO_IDA)","Shri Chandra Prakash Choudhary","GIRIDIH","Installation of solar street light near bajranga bali mandir rohaniyatand in penk","13-Sep-2024","22000","05-Oct-2024"
"2498","Normal/Others","WS/MP334/2024-2025/140276-Street lights","Jharkhand","BOKARO(DEPUTY COMMISSIONER BOKARO_IDA)","Shri Chandra Prakash Choudhary","GIRIDIH","Installation of solar street light near mishrilal mahto house rohaniyatand in penk","13-Sep-2024","22000","05-Oct-2024"
"2499","Normal/Others","WS/MP334/2024-2025/140277-Street lights","Jharkhand","BOKARO(DEPUTY COMMISSIONER BOKARO_IDA)","Shri Chandra Prakash Choudhary","GIRIDIH","Installation of solar street light near penk mod in penk","13-Sep-2024","22000","05-Oct-2024"
"2500","Normal/Others","WS/MP334/2024-2025/140278-Street lights","Jharkhand","BOKARO(DEPUTY COMMISSIONER BOKARO_IDA)","Shri Chandra Prakash Choudhary","GIRIDIH","Installation of solar street light near bhathiyatand karam akhada in penk.","13-Sep-2024","22000","05-Oct-2024"
"2501","Normal/Others","WS/MP334/2024-2025/140279-Street lights","Jharkhand","BOKARO(DEPUTY COMMISSIONER BOKARO_IDA)","Shri Chandra Prakash Choudhary","GIRIDIH","Installation of solar street light near budhibagi shiv mandir in penk.","13-Sep-2024","22000","05-Oct-2024"
"2502","Normal/Others","WS/MP334/2024-2025/140280-Street lights","Jharkhand","BOKARO(DEPUTY COMMISSIONER BOKARO_IDA)","Shri Chandra Prakash Choudhary","GIRIDIH","Installation of solar street light near suraj turi house turi tola in penk","13-Sep-2024","22000","05-Oct-2024"
"2503","Normal/Others","WS/MP334/2024-2025/140281-Street lights","Jharkhand","BOKARO(DEPUTY COMMISSIONER BOKARO_IDA)","Shri Chandra Prakash Choudhary","GIRIDIH","Installation of solar street light near mela tand in penk.","13-Sep-2024","22000","05-Oct-2024"
"2504","Normal/Others","WS/MP334/2024-2025/140282-Street lights","Jharkhand","BOKARO(DEPUTY COMMISSIONER BOKARO_IDA)","Shri Chandra Prakash Choudhary","GIRIDIH","Installation of solar street light near shiv mandir kadrukhutta in penk.","13-Sep-2024","22000","05-Oct-2024"
"2505","Normal/Others","WS/MP334/2024-2025/140283-Street lights","Jharkhand","BOKARO(DEPUTY COMMISSIONER BOKARO_IDA)","Shri Chandra Prakash Choudhary","GIRIDIH","Installation of solar street light near ramchandra mahto house kadrukhutta in penk.","13-Sep-2024","22000","05-Oct-2024"
"2506","Normal/Others","WS/MP334/2024-2025/140284-Street lights","Jharkhand","BOKARO(DEPUTY COMMISSIONER BOKARO_IDA)","Shri Chandra Prakash Choudhary","GIRIDIH","Installation of solar street light near suraj mahto house rohaniatand in penk.","13-Sep-2024","22000","05-Oct-2024"
"2507","Normal/Others","WS/MP334/2024-2025/140285-Street lights","Jharkhand","BOKARO(DEPUTY COMMISSIONER BOKARO_IDA)","Shri Chandra Prakash Choudhary","GIRIDIH","Installation of solar street light near shiv mandir jamtiyahir taalab in penk","13-Sep-2024","22000","05-Oct-2024"
"2508","Normal/Others","WS/MP334/2024-2025/140286-Street lights","Jharkhand","BOKARO(DEPUTY COMMISSIONER BOKARO_IDA)","Shri Chandra Prakash Choudhary","GIRIDIH","Installation of solar street light near pyaari mahto house in penk.","13-Sep-2024","22000","05-Oct-2024"
"2509","Normal/Others","WS/MP334/2024-2025/140287-Street lights","Jharkhand","BOKARO(DEPUTY COMMISSIONER BOKARO_IDA)","Shri Chandra Prakash Choudhary","GIRIDIH","Installation of solar street light near banaso mandir in penk.","13-Sep-2024","22000","05-Oct-2024"
"2510","Normal/Others","WS/MP334/2024-2025/140288-Street lights","Jharkhand","BOKARO(DEPUTY COMMISSIONER BOKARO_IDA)","Shri Chandra Prakash Choudhary","GIRIDIH","Installation of solar street light near dhawaiya mod in penk.","13-Sep-2024","22000","05-Oct-2024"
"2511","Normal/Others","WS/MP18391/2024-2025/140289-Construction of public toilets and bathrooms","Nagaland","DIMAPUR(DEPUTY COMMISSIONER DIMAPUR_IDA)","S SUPONGMEREN JAMIR","NAGALAND","Construction of Sanitation facilities","11-Sep-2024","4500000","27-Nov-2024"
"2512","Normal/Others","WS/MP792/2024-2025/140290-Lighting of public spaces","Uttar Pradesh","HARDOI(DISTRICT MAGISTRATE HARDOI_IDA)","Jai Prakash","HARDOI (SC)","19 ?? 6?? 170 ?? 200 ??? ???? ????????? ?????","11-Sep-2024","3959045","09-Oct-2024"
"2513","Normal/Others","WS/MP18391/2024-2025/140291-Forest conservation infrastructure","Nagaland","MOKOKCHUNG(Deputy Commissioner Mokokchung_IDA)","S SUPONGMEREN JAMIR","NAGALAND","Construction of Jangra Villa Amenities","11-Sep-2024","800000","27-Nov-2024"
"2514","Normal/Others","WS/MP792/2024-2025/140292-Lighting of public spaces","Uttar Pradesh","HARDOI(DISTRICT MAGISTRATE HARDOI_IDA)","Jai Prakash","HARDOI (SC)","30 ?? 6?? 170 ?? 200 ??? ???? ????????? ?????","11-Sep-2024","4022832","06-Mar-2025"
"2515","Normal/Others","WS/MP18391/2024-2025/140293-Providing drains and gutters for public drainage","Nagaland","MOKOKCHUNG(Deputy Commissioner Mokokchung_IDA)","S SUPONGMEREN JAMIR","NAGALAND","Construction of Drainage","11-Sep-2024","150000","19-Nov-2024"
"2516","Normal/Others","WS/MP18391/2024-2025/140296-Construction of footpaths and pedestrian ways","Nagaland","MOKOKCHUNG(Deputy Commissioner Mokokchung_IDA)","S SUPONGMEREN JAMIR","NAGALAND","Construction of foot steps","11-Sep-2024","200000","19-Nov-2024"
"2517","Normal/Others","WS/MP18391/2024-2025/140297-Construction of footpaths and pedestrian ways","Nagaland","MOKOKCHUNG(Deputy Commissioner Mokokchung_IDA)","S SUPONGMEREN JAMIR","NAGALAND","Construction of foot steps","11-Sep-2024","150000","19-Nov-2024"
"2518","Normal/Others","WS/MP18391/2024-2025/140298-Providing drains and gutters for public drainage","Nagaland","MOKOKCHUNG(Deputy Commissioner Mokokchung_IDA)","S SUPONGMEREN JAMIR","NAGALAND","Construction of drainage","11-Sep-2024","250000","19-Nov-2024"
"2519","Normal/Others","WS/MP18391/2024-2025/140300-Construction of footpaths and pedestrian ways","Nagaland","Chumoukedima(Deputy Commissioner Chumoukedima_IDA)","S SUPONGMEREN JAMIR","NAGALAND","Construction of foot steps","11-Sep-2024","200000","08-Nov-2024"
"2520","Normal/Others","WS/MP18391/2024-2025/140301-Providing drains and gutters for public drainage","Nagaland","PEREN(Deputy Commissioner Peren_IDA)","S SUPONGMEREN JAMIR","NAGALAND","Construction of drainage","11-Sep-2024","150000","27-Nov-2024"
"2521","Normal/Others","WS/MP18391/2024-2025/140302-Providing drains and gutters for public drainage","Nagaland","PEREN(Deputy Commissioner Peren_IDA)","S SUPONGMEREN JAMIR","NAGALAND","Construction of drainage","11-Sep-2024","100000","27-Nov-2024"
"2522","Normal/Others","WS/MP720/2024-2025/140303-Construction of buildings for community cultural activities","Rajasthan","CHITTORGARH(DISTRICT COLLECTOR CHITTORGARH_IDA)","Chandra Prakash Joshi","CHITTORGARH","Gav Bandanwara me Tejaji ke Mandira ke Pass Sarvajnika sanskrti Bhavan Nirman Kary","11-Sep-2024","500000","21-Nov-2024"
"2523","Normal/Others","WS/MP18165/2024-2025/140304-Construction of rooms and halls in school and colleges","Rajasthan","JAIPUR(DISTRICT COLLECTOR JAIPUR_IDA)","MANJU SHARMA","JAIPUR","sanaganer ward 68 ka govt sr. sec. school manyawas ma room","11-Sep-2024","758307","20-Nov-2024"
"2524","Normal/Others","WS/MP18391/2024-2025/140306-Renovation of ponds and lakes","Nagaland","MOKOKCHUNG(Deputy Commissioner Mokokchung_IDA)","S SUPONGMEREN JAMIR","NAGALAND","Construction of community fishery pond","11-Sep-2024","1000000","16-Oct-2024"
"2525","Normal/Others","WS/MP18391/2024-2025/140309-Construction of roads, link roads, pathways or any other road with or without drainage system","Nagaland","DIMAPUR(DEPUTY COMMISSIONER DIMAPUR_IDA)","S SUPONGMEREN JAMIR","NAGALAND","soiling metalling of approach road","11-Sep-2024","4500000","08-Nov-2024"
"2526","Normal/Others","WS/MP18391/2024-2025/140310-Providing drains and gutters for public drainage","Nagaland","MOKOKCHUNG(Deputy Commissioner Mokokchung_IDA)","S SUPONGMEREN JAMIR","NAGALAND","Construction of drainage","11-Sep-2024","150000","19-Nov-2024"
"2527","Normal/Others","WS/MP18391/2024-2025/140314-Tree plantation for community","Nagaland","KOHIMA(DEPUTY COMMISIONER_7)","S SUPONGMEREN JAMIR","NAGALAND","Conservation of Ecology & Environment","11-Sep-2024","1500000","25-Nov-2024"
"2528","Normal/Others","WS/MP18391/2024-2025/140318-Creation of new ponds","Nagaland","Chumoukedima(Deputy Commissioner Chumoukedima_IDA)","S SUPONGMEREN JAMIR","NAGALAND","Construction of fishery pond","11-Sep-2024","1000000","08-Nov-2024"
"2529","Normal/Others","WS/MP18391/2024-2025/140321-Providing drains and gutters for public drainage","Nagaland","KOHIMA(DEPUTY COMMISIONER_7)","S SUPONGMEREN JAMIR","NAGALAND","Construction of drainage","11-Sep-2024","300000","25-Nov-2024"
"2530","Normal/Others","WS/MP18391/2024-2025/140322-Providing drains and gutters for public drainage","Nagaland","KOHIMA(DEPUTY COMMISIONER_7)","S SUPONGMEREN JAMIR","NAGALAND","Construction of drainage","11-Sep-2024","300000","29-Nov-2024"
"2531","Normal/Others","WS/MP18391/2024-2025/140323-Creation of new ponds","Nagaland","Chumoukedima(Deputy Commissioner Chumoukedima_IDA)","S SUPONGMEREN JAMIR","NAGALAND","Construction of fishery pond","11-Sep-2024","1700000","08-Nov-2024"
"2532","Normal/Others","WS/MP18391/2024-2025/140324-Construction of shelters for animals","Nagaland","Chumoukedima(Deputy Commissioner Chumoukedima_IDA)","S SUPONGMEREN JAMIR","NAGALAND","Rearing of life stock","11-Sep-2024","2200000","11-Nov-2024"
"2533","Normal/Others","WS/MP18391/2024-2025/140325-Creation of new ponds","Nagaland","MOKOKCHUNG(Deputy Commissioner Mokokchung_IDA)","S SUPONGMEREN JAMIR","NAGALAND","Construction of fishery pond","11-Sep-2024","500000","16-Oct-2024"
"2534","Normal/Others","WS/MP18391/2024-2025/140327-Construction of rooms and facilities for hospitals, FWC , PHC Centers and ANM centers","Nagaland","MOKOKCHUNG(Deputy Commissioner Mokokchung_IDA)","S SUPONGMEREN JAMIR","NAGALAND","Health Camp","11-Sep-2024","350000","27-Nov-2024"
"2535","Normal/Others","WS/MP18391/2024-2025/140328-Construction of roads, link roads, pathways or any other road with or without drainage system","Nagaland","MON(Deputy Commissioner Mon_IDA)","S SUPONGMEREN JAMIR","NAGALAND","Construction of road toward Tengjangpang fishery pond","11-Sep-2024","1087620","27-Nov-2024"
"2536","Normal/Others","WS/MP747/2025-2026/140329-Construction of community centers and community halls","Tamil Nadu","VIRUDHUNAGAR(DISTRICT COLLECTOR VIRUDHUNAGAR_IDA)","Manickam Tagore B","VIRUDHUNAGAR","Construction of Community Centre in Meenampatti village at Anuppankulam panchayat","13-Sep-2024","2499149","30-Jun-2025"
"2537","Normal/Others","WS/MP740/2026-2027/140334-Construction of community centers and community halls","Tamil Nadu","ERODE(DISTRICT_COLLECTORE_ERODE_IDA)","Andimuthu Raja","NILGIRIS(SC)","Construction of Anganvadi Building at Thiruvalluvar Thindal (Ward No 19) Kottuveerampalayam at Sathyamanagalam Panchayat","11-Sep-2024","1400000","25-May-2026"
"2538","Normal/Others","WS/MP740/2025-2026/140335-Construction of bus-sheds or bus-stops","Tamil Nadu","ERODE(DISTRICT_COLLECTORE_ERODE_IDA)","Andimuthu Raja","NILGIRIS(SC)","Construction of Passenger Shelter at Alagiri Colony Bus Stop H/O Ariyappam Palayam Town Panchayat","11-Sep-2024","500000","16-May-2025"
"2539","Normal/Others","WS/MP740/2025-2026/140336-Construction of community centers and community halls","Tamil Nadu","COIMBATORE(DISTRICT COLLECTOR COIMBATORE_IDA)","Andimuthu Raja","NILGIRIS(SC)","Construction of Milk Producers co-operative society building at Jothipuram H/O Marudhur Panchayat","11-Sep-2024","1300000","30-Jun-2025"
"2540","Normal/Others","WS/MP740/2026-2027/140337-Construction of community centers and community halls","Tamil Nadu","COIMBATORE(DISTRICT COLLECTOR COIMBATORE_IDA)","Andimuthu Raja","NILGIRIS(SC)","Construction of PD Shop Building at Lingapuram Ward No 2 at Sirumugai Town Panchayat","11-Sep-2024","1695000","15-Jul-2026"
"2541","Normal/Others","WS/MP740/2025-2026/140338-Construction of bus-sheds or bus-stops","Tamil Nadu","COIMBATORE(DISTRICT COLLECTOR COIMBATORE_IDA)","Andimuthu Raja","NILGIRIS(SC)","Construction of Passenger Shelter at Alapalayam Village H/O Kanuvakarai Panchayat","11-Sep-2024","499977","27-Jan-2026"
"2542","Normal/Others","WS/MP740/2026-2027/140339-Construction of water tanks","Tamil Nadu","COIMBATORE(DISTRICT COLLECTOR COIMBATORE_IDA)","Andimuthu Raja","NILGIRIS(SC)","Construction of 30000 Litres capacity OHT 12M Stage at Alagepalayam AD Colony at Kuppanur Panchayat","11-Sep-2024","1399943","15-Jul-2026"
"2543","Normal/Others","NA-Construction of community centers and community halls","Tamil Nadu","COIMBATORE(DISTRICT COLLECTOR COIMBATORE_IDA)","Andimuthu Raja","NILGIRIS(SC)","Construction PD Shop Building at Kunnathur Village at Kunnathur Panchayat","11-Sep-2024","1400000","NA"
"2544","Normal/Others","WS/MP740/2026-2027/140341-Construction of community centers and community halls","Tamil Nadu","ERODE(DISTRICT_COLLECTORE_ERODE_IDA)","Andimuthu Raja","NILGIRIS(SC)","Construction of Anganvadi Building at Weekly Market area Ward No 15 at Punjai Puliampatti Town","11-Sep-2024","1400000","15-May-2026"
"2545","Normal/Others","WS/MP740/2025-2026/140342-Construction of community centers and community halls","Tamil Nadu","ERODE(DISTRICT_COLLECTORE_ERODE_IDA)","Andimuthu Raja","NILGIRIS(SC)","Construction of PD Shop Building in Kempanaickenpalayam Town Panchayat(Ward No. 3)","11-Sep-2024","1300000","03-Jun-2025"
"2546","Normal/Others","WS/MP740/2025-2026/140343-Construction of water tanks","Tamil Nadu","TIRUPPUR(DISTRICT COLLECTOR TIRUPPUR_IDA)","Andimuthu Raja","NILGIRIS(SC)","Construction of 30,000 Litres capacity OHT at AD Colony H/O Dhandukaranpalayam Panchayat","11-Sep-2024","899731","07-Oct-2025"
"2547","Normal/Others","WS/MP740/2025-2026/140344-Construction of buildings for crèches and anganwadies","Tamil Nadu","TIRUPPUR(DISTRICT COLLECTOR TIRUPPUR_IDA)","Andimuthu Raja","NILGIRIS(SC)","Construction of Anganvadi Building at Tirumurugan poondi Town (Ward No 23)","11-Sep-2024","1200000","27-Nov-2025"
"2548","Normal/Others","WS/MP18076/2025-2026/140369-Construction of community centers and community halls","Karnataka","Bengaluru South(DEPUTY COMMISSIONER RAMANAGARA_IDA)","DR C N MANJUNATH","BANGALORE RURAL","Construction of community centre at Bheemasandradoddi Village, Yalachawadi Grama Panchayath, Harohalli Taluk.","11-Sep-2024","400000","15-May-2025"
"2549","Normal/Others","WS/MP18313/2024-2025/140373-Construction of common work sheds/ common covered sitting area","Rajasthan","DUNGARPUR(DISTRICT COLLECTOR DUNGARPUR_IDA)","RAJ KUMAR ROAT","BANSWARA(ST)","GSSS Kasariya mein Tin Shed nirman kary","11-Sep-2024","1000000","13-Dec-2024"
"2550","Normal/Others","WS/MP18211/2024-2025/140375-Construction of roads, link roads, pathways or any other road with or without drainage system","Uttar Pradesh","DEORIA(DISTRICT MAGISTRATE DEORIA)","SHASHANK MANI","DEORIA","Gram - karanpururf pacafera vikas khand - Deoria me sampat ke makaan se Bhunel ke makaan ki or CC Road lagbhag - 115 mtr","11-Sep-2024","989076","30-Oct-2024"
"2551","Normal/Others","WS/MP18313/2024-2025/140376-Construction of roads, link roads, pathways or any other road with or without drainage system","Rajasthan","DUNGARPUR(DISTRICT COLLECTOR DUNGARPUR_IDA)","RAJ KUMAR ROAT","BANSWARA(ST)","manat bodi se hira marta ke ghar hota hua soma ke ghar se jivram/punamchand ke ghar tak CC sadak kary","11-Sep-2024","1500000","12-Dec-2024"
"2552","Normal/Others","WS/MP18211/2024-2025/140377-Construction of roads, link roads, pathways or any other road with or without drainage system","Uttar Pradesh","DEORIA(DISTRICT MAGISTRATE DEORIA)","SHASHANK MANI","DEORIA","Gram - Bhaisadabar, vikas khand - Pathardewa me Ramlaxman ke makaan se Shiv mandir ki or CC Road lagbhag 120 mtr","11-Sep-2024","999106","30-Oct-2024"
"2553","Normal/Others","WS/MP18211/2024-2025/140378-Construction of roads, link roads, pathways or any other road with or without drainage system","Uttar Pradesh","DEORIA(DISTRICT MAGISTRATE DEORIA)","SHASHANK MANI","DEORIA","Gram - Turak Patti, vikas khand - pathardewa me Ramagya Yadav ke makaan se Banwari Sharma ke ghar se hote hue Basdila ki or CC Road lagbhag 110 mtr","11-Sep-2024","978692","30-Oct-2024"
"2554","Normal/Others","WS/MP18211/2024-2025/140379-Construction of roads, link roads, pathways or any other road with or without drainage system","Uttar Pradesh","DEORIA(DISTRICT MAGISTRATE DEORIA)","SHASHANK MANI","DEORIA","Gram - Tirmasahun, vikas khand - Pathardewa, me Hanuman Chowk se Yogendra Prasad ke ghar ki or CC Road lagbhag 115 mtr","11-Sep-2024","989312","30-Oct-2024"
"2555","Normal/Others","WS/MP18211/2024-2025/140380-Construction of roads, link roads, pathways or any other road with or without drainage system","Uttar Pradesh","DEORIA(DISTRICT MAGISTRATE DEORIA)","SHASHANK MANI","DEORIA","Gram - Pandey Chak, vikas khand - patherdewa me Praduman Pandey ke ghar se Avinash Chaubey ke ghar ki or CC Road lagbhag 135 mtr","11-Sep-2024","944354","30-Oct-2024"
"2556","Normal/Others","WS/MP18211/2024-2025/140381-Construction of roads, link roads, pathways or any other road with or without drainage system","Uttar Pradesh","DEORIA(DISTRICT MAGISTRATE DEORIA)","SHASHANK MANI","DEORIA","Gram - Baikunthpur, vikas khand - Rampur Karkhana me Ajeet ke ghar se Ramesh Yadav ke ghar ki or CC Road lagbhag 120 mtr","11-Sep-2024","854674","30-Oct-2024"
"2557","Normal/Others","WS/MP18211/2024-2025/140382-Construction of roads, link roads, pathways or any other road with or without drainage system","Uttar Pradesh","DEORIA(DISTRICT MAGISTRATE DEORIA)","SHASHANK MANI","DEORIA","Gram - Kamdhenwa, vikas khand - Rampur Karkhana me Gopal ji ke khet se Paramhansh ji ke chez tak CC Road lagbhag 110 mtr","11-Sep-2024","968898","30-Oct-2024"
"2558","Normal/Others","WS/MP18313/2024-2025/140383-Construction of roads, link roads, pathways or any other road with or without drainage system","Rajasthan","DUNGARPUR(DISTRICT COLLECTOR DUNGARPUR_IDA)","RAJ KUMAR ROAT","BANSWARA(ST)","baleri ghati main road se shankar lal ke ghar tak CC sadak nirman kary","11-Sep-2024","936889","13-Dec-2024"
"2559","Normal/Others","WS/MP18313/2024-2025/140384-Construction of public libraries and reading rooms","Rajasthan","DUNGARPUR(DISTRICT COLLECTOR DUNGARPUR_IDA)","RAJ KUMAR ROAT","BANSWARA(ST)","gram panchayat chitri mein library aur anya vikas kary","11-Sep-2024","1500000","13-Dec-2024"
"2560","Normal/Others","WS/MP18176/2024-2025/140385-Lighting of public spaces","Tamil Nadu","DINDIGUL(DISTRICT COLLECTOR DINDIGUL_IDA)","SACHITHANANTHAM R","DINDIGUL","Lighting of public spaces in Sirumalai @palaiyur high mast light","12-Sep-2024","500000","12-Mar-2025"
"2561","Normal/Others","WS/MP18313/2024-2025/140386-Construction of rooms and halls in school and colleges","Rajasthan","BANSWARA(DISTRICT COLLECTOR BANSWARA_IDA)","RAJ KUMAR ROAT","BANSWARA(ST)","GSSS bansli khera mein 2 kaksha kaksh nirman kary","11-Sep-2024","1500000","26-Oct-2024"
"2562","Normal/Others","WS/MP18043/2024-2025/140389-Construction of roads, link roads, pathways or any other road with or without drainage system","Bihar","ROHTAS(District Planning Officer Rohtas_IDA)","MANOJ KUMAR","SASARAM(SC)","Panchayat Sado Khar me ravidas Mandir Chowck ka PCC nirman karyn Length 225 feet and width 20 feet","12-Sep-2024","574296","03-Jan-2025"
"2563","Normal/Others","WS/MP18043/2024-2025/140399-Construction of roads, link roads, pathways or any other road with or without drainage system","Bihar","ROHTAS(District Planning Officer Rohtas_IDA)","MANOJ KUMAR","SASARAM(SC)","Shri Bijali Bind ke ghar se mukhy nahar tak pcc nirman kary length 700 fee and width 10 feet","12-Sep-2024","1492159","08-Jan-2025"
"2564","Normal/Others","WS/MP18043/2024-2025/140403-Construction of roads, link roads, pathways or any other road with or without drainage system","Bihar","KAIMUR (BHABUA)(DISTRICT PLANNING OFFICER KAIMUR BHABUA_IDA)","MANOJ KUMAR","SASARAM(SC)","Shri Nathni Bind ke ghar se Shri Ramsurat Bind ke ghar tak pcc nirman kary length 500 feet","12-Sep-2024","791886","17-Jan-2025"
"2565","Normal/Others","WS/MP18043/2024-2025/140407-Construction of footpaths and pedestrian ways","Bihar","KAIMUR (BHABUA)(DISTRICT PLANNING OFFICER KAIMUR BHABUA_IDA)","MANOJ KUMAR","SASARAM(SC)","Samudayik Bhawan ke school hote hue main road tak pcc nirman kary length 600 feet","12-Sep-2024","883044","09-Dec-2024"
"2566","Normal/Others","WS/MP18199/2024-2025/140408-Construction of roads, link roads, pathways or any other road with or without drainage system","Uttar Pradesh","AMBEDKAR NAGAR(DISTRICT MAGISTRATE AMBEDKAR NAGAR_IDA)","LALJI VERMA","AMBEDKAR NAGAR","GAUHANIYA- AKBARPUR MARG SE MARTHUA SARAIYA ME SHRI RAM MURAT TIWARI KE GHAR TAK MITTI AND KHADANJA KARYA DURI 371M","12-Sep-2024","730117","27-Dec-2024"
"2567","Normal/Others","WS/MP18199/2024-2025/140409-Construction of roads, link roads, pathways or any other road with or without drainage system","Uttar Pradesh","AMBEDKAR NAGAR(DISTRICT MAGISTRATE AMBEDKAR NAGAR_IDA)","LALJI VERMA","AMBEDKAR NAGAR","GRAMSABHA MAURAPARA SHRI HARIPRASAD VERMA KE BAG SE VIJAY VERMA KE GHAR TAK MITTI AND KHADANJA KARYA DURI 150M","12-Sep-2024","336111","27-Dec-2024"
"2568","Normal/Others","WS/MP18199/2024-2025/140410-Construction of roads, link roads, pathways or any other road with or without drainage system","Uttar Pradesh","AMBEDKAR NAGAR(DISTRICT MAGISTRATE AMBEDKAR NAGAR_IDA)","LALJI VERMA","AMBEDKAR NAGAR","BATTU GARH BHITWA LONI ME RAM LAUT KE KHET SE SABHAJEET KE GHAR HOTE HUE KALI CHAURA TAK MITTI AND KHADANJA KARYA DURI 300M","12-Sep-2024","641471","27-Dec-2024"
"2569","Normal/Others","WS/MP18199/2024-2025/140411-Construction of roads, link roads, pathways or any other road with or without drainage system","Uttar Pradesh","AMBEDKAR NAGAR(DISTRICT MAGISTRATE AMBEDKAR NAGAR_IDA)","LALJI VERMA","AMBEDKAR NAGAR","KHAIRPUR ME KHAIRPUR MINAR PAR SHRI RAJENDRA VERMA KE KHET SE RAM CHANDRA KE GHAR TAK MITTI AND KHADANJA KARYA DURI 375M","12-Sep-2024","772994","27-Dec-2024"
"2570","Normal/Others","WS/MP18199/2024-2025/140412-Construction of roads, link roads, pathways or any other road with or without drainage system","Uttar Pradesh","AMBEDKAR NAGAR(DISTRICT MAGISTRATE AMBEDKAR NAGAR_IDA)","LALJI VERMA","AMBEDKAR NAGAR","GRAM DINGUR PUR ME LATE VIJAY KUMAR KE GHAR SE SHRI VINOD KUMAR KE KHAR TAK INTERLOCKING KARYA DURI 100M","12-Sep-2024","314520","27-Dec-2024"
"2571","Normal/Others","WS/MP18199/2024-2025/140413-Construction of roads, link roads, pathways or any other road with or without drainage system","Uttar Pradesh","AMBEDKAR NAGAR(DISTRICT MAGISTRATE AMBEDKAR NAGAR_IDA)","LALJI VERMA","AMBEDKAR NAGAR","GRAM PANCHAYAT BHINDUR KE MAJARE KUTTUPUR ME MUKHYA MARG SE RAJMAN BHARTI KE GHAR TAK INTERLOCKING KARYA DURI 159","12-Sep-2024","1023933","27-Dec-2024"
"2572","Normal/Others","WS/MP18043/2024-2025/140417-Construction of public libraries and reading rooms","Bihar","KAIMUR (BHABUA)(DISTRICT PLANNING OFFICER KAIMUR BHABUA_IDA)","MANOJ KUMAR","SASARAM(SC)","Dalit Basti me Baba Saheb Ambedkar library niman kary","12-Sep-2024","697300","26-Dec-2024"
"2573","Normal/Others","WS/MP18043/2024-2025/140418-Construction of roads, link roads, pathways or any other road with or without drainage system","Bihar","ROHTAS(District Planning Officer Rohtas_IDA)","MANOJ KUMAR","SASARAM(SC)","Nainakon gav me purv Phokhrara se Shiv mandir tak pcc nirman kary length 500 feet","12-Sep-2024","867850","08-Jan-2025"
"2574","Normal/Others","WS/MP18199/2024-2025/140419-Construction of roads, link roads, pathways or any other road with or without drainage system","Uttar Pradesh","AMBEDKAR NAGAR(DISTRICT MAGISTRATE AMBEDKAR NAGAR_IDA)","LALJI VERMA","AMBEDKAR NAGAR","GRAM PANCHAYAT HANSWAR NONARA ME NANHU DS BAG SE JIYAU GHAR TAK CC AND HUME PIPE NALI DURI 150M","12-Sep-2024","1516682","27-Dec-2024"
"2575","Normal/Others","WS/MP18199/2024-2025/140420-Construction of roads, link roads, pathways or any other road with or without drainage system","Uttar Pradesh","AMBEDKAR NAGAR(DISTRICT MAGISTRATE AMBEDKAR NAGAR_IDA)","LALJI VERMA","AMBEDKAR NAGAR","AKBARPUR-MALIPUR ROAD SE BELAUWA BARIYARPUR SHRI HANUMAN GAUTAM KE GHAR SE SHRI SHYAMBALI PAL KE GHAR TAK INTERLOCKING KARYA DURI 175M","12-Sep-2024","796000","27-Dec-2024"
"2576","Normal/Others","WS/MP18199/2024-2025/140421-Construction of roads, link roads, pathways or any other road with or without drainage system","Uttar Pradesh","AMBEDKAR NAGAR(DISTRICT MAGISTRATE AMBEDKAR NAGAR_IDA)","LALJI VERMA","AMBEDKAR NAGAR","GRAM AHLADE SHRI SUNIL WAKIL KE GHAR KE PICHHE SADAK SHRI RAJENDRA MASTER KE BHAR TAK INTERLOCKING KARYA DURI 120","12-Sep-2024","527623","27-Dec-2024"
"2577","Normal/Others","WS/MP18199/2024-2025/140422-Construction of roads, link roads, pathways or any other road with or without drainage system","Uttar Pradesh","AMBEDKAR NAGAR(DISTRICT MAGISTRATE AMBEDKAR NAGAR_IDA)","LALJI VERMA","AMBEDKAR NAGAR","GARAM ATANGE SHRI RANA PRAJAPATI KE GHAR SE SHRI ACHCHELAL BHARTI KE BHAR TAK INTERLOCKING KARYA DURI 250M","12-Sep-2024","1037000","27-Dec-2024"
"2578","Normal/Others","WS/MP18199/2024-2025/140423-Construction of roads, link roads, pathways or any other road with or without drainage system","Uttar Pradesh","AMBEDKAR NAGAR(DISTRICT MAGISTRATE AMBEDKAR NAGAR_IDA)","LALJI VERMA","AMBEDKAR NAGAR","RAM PANCHAYAT ARAI ME JAY PRAKASH YADAV KE MURGI FORM SE UMASHANKAR MAURYA KE NALKOOP KE AAGE KHADANJA KARYA DURI 181M","12-Sep-2024","393110","27-Dec-2024"
"2579","Normal/Others","WS/MP18043/2024-2025/140424-Construction of toilet blocks","Bihar","KAIMUR (BHABUA)(DISTRICT PLANNING OFFICER KAIMUR BHABUA_IDA)","MANOJ KUMAR","SASARAM(SC)","G.N. intairnational achadaimy, tulsipur se sate, mauja harakhapoora mein saarvajaanik bhoomi par shauchaalay nirmaan","12-Sep-2024","500000","09-Dec-2024"
"2580","Normal/Others","WS/MP18313/2024-2025/140425-Construction of community centers and community halls","Rajasthan","DUNGARPUR(DISTRICT COLLECTOR DUNGARPUR_IDA)","RAJ KUMAR ROAT","BANSWARA(ST)","Fala Nayaghara ke dendor fala mein dhuni mai par samudayik bhavan - GP Chadoli","12-Sep-2024","500000","13-Dec-2024"
"2581","Normal/Others","WS/MP858/2024-2025/140428-Construction of roads, link roads, pathways or any other road with or without drainage system","West Bengal","PURBA BARDHAMAN(DISTRICT MAGISTRATE PURBA BARDHAMAN_IDA)","Asit Kumar Mal","BOLPUR(SC)","Construction of CC Road from jahirul sk house to Alauddin sk house at majigram gp ,Executing Agency EO Mongalkote Panchayet Samity.","12-Sep-2024","408000","23-Dec-2024"
"2582","Normal/Others","WS/MP858/2024-2025/140430-Construction of roads, link roads, pathways or any other road with or without drainage system","West Bengal","PURBA BARDHAMAN(DISTRICT MAGISTRATE PURBA BARDHAMAN_IDA)","Asit Kumar Mal","BOLPUR(SC)","Construction of CC road from Aogram Masjid tola toAnai sk house at GATISTHA GP ,Executing Agency E O Mongal kote Panchayet Samity.","12-Sep-2024","356195","31-Dec-2024"
"2583","Normal/Others","WS/MP858/2024-2025/140431-Construction of roads, link roads, pathways or any other road with or without drainage system","West Bengal","PURBA BARDHAMAN(DISTRICT MAGISTRATE PURBA BARDHAMAN_IDA)","Asit Kumar Mal","BOLPUR(SC)","Construction of CC Road from Kasiyara younush house to Sherman Mallik house at Gatistha GP Executing Agency EO Mongalkote Panchayet Samity.","12-Sep-2024","356398","31-Dec-2024"
"2584","Normal/Others","WS/MP18250/2025-2026/140433-Street lights","West Bengal","North 24 Parganas(DISTRICT MAGISTRATE NORTH TWENTY FOUR PARGANAS_IDA)","SK NURUL ISLAM","BASIRHAT","Installation of 12 miters Highmast Light with 6nos. IP65 Flood light with high power LED  at Jora Ashathatala under Jagannathpur G.P and Baduria Panchayet Samity (SL. No-35).","12-Sep-2024","500000","06-Mar-2026"
"2585","Normal/Others","WS/MP18250/2026-2027/140435-Street lights","West Bengal","North 24 Parganas(DISTRICT MAGISTRATE NORTH TWENTY FOUR PARGANAS_IDA)","SK NURUL ISLAM","BASIRHAT","Installation of 12 miters Highmast Light with with 6nos. IP65 Flood light with high power Led at Jadurhati Beltala More under Jadurhati Dakshin G.P & Baduria Panchayat Samity (SL.No.- 37).","12-Sep-2024","500000","14-Aug-2026"
"2586","Normal/Others","WS/MP18250/2025-2026/140436-Street lights","West Bengal","North 24 Parganas(DISTRICT MAGISTRATE NORTH TWENTY FOUR PARGANAS_IDA)","SK NURUL ISLAM","BASIRHAT","Installation of 12 miters Highmast Light with with 6nos. IP65 Flood light with high power Led at Narayanapur Bazar under Jadurhati Uttar G.P & Baduria Panchayat Samity (SL.No.- 38).","12-Sep-2024","500000","14-Oct-2025"
"2587","Normal/Others","WS/MP18250/2026-2027/140437-Development of playground","West Bengal","North 24 Parganas(DISTRICT MAGISTRATE NORTH TWENTY FOUR PARGANAS_IDA)","SK NURUL ISLAM","BASIRHAT","Development and beautification of Dilip Kumar Memorial Institution Play Ground under Baduria Municipality (SL.No.- 34).","12-Sep-2024","1000000","23-Jun-2026"
"2588","Normal/Others","NA-Construction of common work sheds/ common covered sitting area","West Bengal","North 24 Parganas(DISTRICT MAGISTRATE NORTH TWENTY FOUR PARGANAS_IDA)","SK NURUL ISLAM","BASIRHAT","Development of Dakshin Auturia BKAP Idgah Maidan under Auturia G.P & Baduria Panchayat Samity (SL.No.-39)","12-Sep-2024","500000","NA"
"2589","Normal/Others","WS/MP526/2024-2025/140439-Purchase of furniture and fixtures for educational purposes","Andhra Pradesh","Y.S.R. Kadapa(DISTRICT COLLECTOR CUDDAPAH_IDA)","Y S Avinash Reddy","KADAPA","Newly Established Govt. Degree College for women, pulivendula YSR District to provide infra & Instuctional facilities to the college ex:- Dual  Desks & Desktopos.","12-Sep-2024","400000","18-Nov-2024"
"2590","Normal/Others","WS/MP526/2024-2025/140440-Construction of boundary walls of existing public and community buildings","Andhra Pradesh","Y.S.R. Kadapa(DISTRICT COLLECTOR CUDDAPAH_IDA)","Y S Avinash Reddy","KADAPA","Construction of Compound wall and backfilling between retaining wall and pack house at Brahmanapalli village of Pulivendula Mandal","12-Sep-2024","476064","08-Jan-2025"
"2591","Normal/Others","WS/MP526/2024-2025/140441-Construction of boundary walls of existing public and community buildings","Andhra Pradesh","Y.S.R. Kadapa(DISTRICT COLLECTOR CUDDAPAH_IDA)","Y S Avinash Reddy","KADAPA","Construction of Kerb wall at Integrated pack house near Brahmanapalli village of Pulivendula Mandal","12-Sep-2024","434169","08-Jan-2025"
"2592","Normal/Others","WS/MP526/2024-2025/140442-Construction of roads, link roads, pathways or any other road with or without drainage system","Andhra Pradesh","Y.S.R. Kadapa(DISTRICT COLLECTOR CUDDAPAH_IDA)","Y S Avinash Reddy","KADAPA","Improvements to the Road from old Kadiri Road to New Kadiri Road of Kanampalli GP of Pulivendula Mandal","12-Sep-2024","400000","08-Jan-2025"
"2593","Normal/Others","WS/MP18043/2024-2025/140453-Construction of roads, link roads, pathways or any other road with or without drainage system","Bihar","KAIMUR (BHABUA)(DISTRICT PLANNING OFFICER KAIMUR BHABUA_IDA)","MANOJ KUMAR","SASARAM(SC)","Lurpurwa Vidyalaya se Shri Pritam Yadav ke ghar tak pcc nirman kary length 600 feet","12-Sep-2024","891351","26-Nov-2024"
"2594","Normal/Others","WS/MP18043/2024-2025/140454-Construction of roads, link roads, pathways or any other road with or without drainage system","Bihar","KAIMUR (BHABUA)(DISTRICT PLANNING OFFICER KAIMUR BHABUA_IDA)","MANOJ KUMAR","SASARAM(SC)","Adv. Virendra Yadav ke ghar se Shri Ramadhar Bind ke ghar tak pcc nirman kary length 700 feet","12-Sep-2024","992604","17-Jan-2025"
"2595","Normal/Others","WS/MP18043/2024-2025/140457-Construction of public libraries and reading rooms","Bihar","KAIMUR (BHABUA)(DISTRICT PLANNING OFFICER KAIMUR BHABUA_IDA)","MANOJ KUMAR","SASARAM(SC)","Panchayat Baghini ke gram bhawan me mahadalit tola me Baba saheb Ambedkar Pushtakalya bhawan ka nirman karya","12-Sep-2024","700000","01-Mar-2025"
"2596","Normal/Others","WS/MP18043/2024-2025/140460-Construction of roads, link roads, pathways or any other road with or without drainage system","Bihar","KAIMUR (BHABUA)(DISTRICT PLANNING OFFICER KAIMUR BHABUA_IDA)","MANOJ KUMAR","SASARAM(SC)","Tarawan ke men road se nahar tak pcc nirman kary length 1000 feet","12-Sep-2024","1463390","17-Dec-2024"
"2597","Repair and Renovation","WS/MP18393/2025-2026/140466-Construction of additional rooms and halls in the existing public and community building","Telangana","SIDDIPET(District Collector Siddipet_IDA)","MADHAVANENI RAGHUNANDAN RAO","MEDAK","Repair and renovation to Bar Association Building at Siddipet Town","12-Sep-2024","1250000","18-Sep-2025"
"2598","Normal/Others","WS/MP334/2024-2025/140474-Street lights","Jharkhand","BOKARO(DEPUTY COMMISSIONER BOKARO_IDA)","Shri Chandra Prakash Choudhary","GIRIDIH","Installation of solar street light in these places of nawadih panchayat: 1)Near bajrang bali mandir kumhar toli near baradih main road. 2.Near Ex- mukhiya sewa ram mahto house. 3.Near baradih barmasiya niche hari mandir koshore mahto house. 4.Near Suresh thakur house karma akhada 5. Near behradih hari mahto house karma akhada 6.near bajrangbali mandir bodro 7.near bodro shiv mandir 8. Near bajrang bali mandir tilaiya tand. 9.Near mansa mandir harijan tola. 10.Near tilaiyatand vinod mahto house","13-Sep-2024","220000","05-Oct-2024"
"2599","Normal/Others","WS/MP334/2024-2025/140475-Street lights","Jharkhand","BOKARO(DEPUTY COMMISSIONER BOKARO_IDA)","Shri Chandra Prakash Choudhary","GIRIDIH","Installation of solar lights inn these places of nawadih panchayat: 1)Near Budgaadda hanuman mandir 2)Near budgaadda Java Akhra 3)Near Hanuman mandir koriyabeda 4)near kachho pragya kendra 5)Near haribol chabutra gowardih 6)near hanuman mandir gowardih 7)Near paartand pahadi mandir 8)Near budgaadda timal bhavan 9)Near kanimahuwa mandir 10)Near koriyabeda pahadi kapsa dharm sthan","13-Sep-2024","220000","05-Oct-2024"
"2600","Normal/Others","WS/MP334/2024-2025/140478-Street lights","Jharkhand","BOKARO(DEPUTY COMMISSIONER BOKARO_IDA)","Shri Chandra Prakash Choudhary","GIRIDIH","Installation of solar street light in kanjkiro panchayat: 1)Near Kanjkiro Mod 2)Near pilpilo Basti 3)Near Teharwa shri Mod 4)Near Hanuman Mandir Khairhagadha 5)Near karamchandra mahto house 6)Near nirmal mahto house bagitola 7)Near bargad ped mod 8)Near jayram mahto house kanjkiro 9)Near teklal mahto house  10)Near bhim mahto house","13-Sep-2024","220000","05-Oct-2024"
"2601","Normal/Others","WS/MP334/2024-2025/140479-Street lights","Jharkhand","BOKARO(DEPUTY COMMISSIONER BOKARO_IDA)","Shri Chandra Prakash Choudhary","GIRIDIH","Installation of solar street light in barai panchayat: 1)Near durga mandap chabutra 2)Near sukhdev saw house kendaiya mod 3)Near ganpati puja sthan chandni market 4)Near Grahwa baba puja sthan 5)Near samudayik bhavan judamada turi tola mod 6)Near bankatwa mandir 7)Near gardih school 8)Near panghatwa dharm sthan mahdhaniya 9)Near durga mandap harladih 10)Near nageshwar singh house judamana","13-Sep-2024","220000","05-Oct-2024"
"2602","Normal/Others","WS/MP334/2024-2025/140480-Street lights","Jharkhand","BOKARO(DEPUTY COMMISSIONER BOKARO_IDA)","Shri Chandra Prakash Choudhary","GIRIDIH","Installation of solar street light in palamu panchayat: 1)Near shukrawar bazaar hanuman mandir 2)Near hanuman mandir badki kudi 3)Near shiv mandir badki kudi 4)Near rakhwa mod 5)Near palamu shiv mandir 6)Near rasbedwa jagarnath mahto house 7)Near pandra house upartola 8)Near jamun ped rohaniyabeda 9)Near teklal mahto house charak paniya 10)Near kodadih kali manda","13-Sep-2024","220000","05-Oct-2024"
"2603","Normal/Others","WS/MP334/2024-2025/140481-Street lights","Jharkhand","BOKARO(DEPUTY COMMISSIONER BOKARO_IDA)","Shri Chandra Prakash Choudhary","GIRIDIH","Installation of solar street light in narainpur panchayat: 1) Near simritand devchand mahto house 2)near kocchakhori akhra 3)near hari mandir 4)near kutchary chowk 5)Near parsuram mahto house  harijan tola  6)Near hari mandir lahiya 7)Near basudev singh house singh tola 8)Near dasrath mahto house in akhra boratand 9)Near anil ravidas house 10)near fulchand mahto house","13-Sep-2024","220000","05-Oct-2024"
"2604","Normal/Others","WS/MP334/2024-2025/140482-Street lights","Jharkhand","BOKARO(DEPUTY COMMISSIONER BOKARO_IDA)","Shri Chandra Prakash Choudhary","GIRIDIH","Installation of solar street light in goniatu panchayat: 1)Near falu mahto house dihwa 2)Near bargad ped teli tola 3)Near jitendra mahto house chitahiya 4)Near hanuman mandir upartola 5)Near kapil turi mansa mandap turidih 6)Near imli ped tetariya tola 7)near raju mahto house parsabeda 8)Near hanuman mandir turidih 9)near durga mandap goniatu 10)Near hanuman mandir dihwa","13-Sep-2024","220000","05-Oct-2024"
"2605","Normal/Others","WS/MP858/2024-2025/140483-Construction of roads, link roads, pathways or any other road with or without drainage system","West Bengal","PURBA BARDHAMAN(DISTRICT MAGISTRATE PURBA BARDHAMAN_IDA)","Asit Kumar Mal","BOLPUR(SC)","Construction of CC Road from ICDS Jabgagram Centre to Fatik sk house at KSHIRGRAM GP, Executing Agency EO Mongalkote Panchayet samity.","12-Sep-2024","357000","23-Dec-2024"
"2606","Normal/Others","WS/MP334/2024-2025/140484-Street lights","Jharkhand","BOKARO(DEPUTY COMMISSIONER BOKARO_IDA)","Shri Chandra Prakash Choudhary","GIRIDIH","Installation of solar street light in chirudih panchayat: 1)mansa mandir turi tola 2)shiv mandir kocchakulhi 3)Near mundratand kori tola 4)near bandhtand karma akhada 5)near shiv mandir lembodih 6)near turi tola lembodih 7)Near mangardaha harijan tola 8)Near mangardaha adiwasi tola 9)near premchand mahto house fulwaridahi 10)near hanuman mandir 11)near bajrangi chowk 12)near prabhu mahto house chowk bandh side 13)Near ambedkar chowk chirudih 14)near sukhlal mahto house karma akhada","13-Sep-2024","308000","05-Oct-2024"
"2607","Normal/Others","WS/MP858/2024-2025/140485-Construction of roads, link roads, pathways or any other road with or without drainage system","West Bengal","PURBA BARDHAMAN(DISTRICT MAGISTRATE PURBA BARDHAMAN_IDA)","Asit Kumar Mal","BOLPUR(SC)","Construction of CC Road from Goahgram primary School to Upo Sasthya at Kendra at Nigan GP ,Executing Agency E O Mongalkote PANCHYAT SAMITY.","12-Sep-2024","357000","31-Dec-2024"
"2608","Normal/Others","WS/MP334/2024-2025/140486-Street lights","Jharkhand","BOKARO(DEPUTY COMMISSIONER BOKARO_IDA)","Shri Chandra Prakash Choudhary","GIRIDIH","Installation of solar street light in sonpura panchayat: 1)Near prachin durga mandir 2)Near shiv mandir purnadih 3)Near kali mandir pirwatand 4)Near kali mandir chowk khunta 5)Near bajrangbali mandir pirwatand 6)near panchayat bhawan sonpura 7)near bich tola pipradih 8)near sili sadam bich chowk 9)near lahar jara chowk 10)near bandh ghutu bich chowk 11)near hari bola mandir purnadih 12)near maday naya sonpura","13-Sep-2024","264000","05-Oct-2024"
"2609","Normal/Others","WS/MP334/2024-2025/140487-Street lights","Jharkhand","BOKARO(DEPUTY COMMISSIONER BOKARO_IDA)","Shri Chandra Prakash Choudhary","GIRIDIH","Installation of solar street light in ponda panchayat: 1)Near mahavir mandir bhochro 2)near mantu rajwar house bhochro 3)near hari mandir bhochro 4)near dhadhkiya mod malaith mukherjee house 5)near bajrang bali mandir dhadhkiya 6)near bajrang bali mandir kochagodha 7)Near kali mandir thakurtola ponda 8)Near jehratand karma puja akhra ponda 9)Near kali mandir birgoda tola ponda 10)near main road chowk","13-Sep-2024","220000","05-Oct-2024"
"2610","Normal/Others","WS/MP858/2025-2026/140488-Construction of roads, link roads, pathways or any other road with or without drainage system","West Bengal","PURBA BARDHAMAN(DISTRICT MAGISTRATE PURBA BARDHAMAN_IDA)","Asit Kumar Mal","BOLPUR(SC)","Two no of Installation HIHG MAST SOLAR LIGHT at CHANDRAPUR CENTRAL HIGH SCHOOL & Near Bajrang bali Mandir at Saragram GP,Executing Agency E.O. Katwa I Panchayat samity.","12-Sep-2024","555673","13-Jun-2025"
"2611","Normal/Others","WS/MP18245/2024-2025/140489-Lighting of public spaces","West Bengal","HOOGHLY(DISTRICT MAGISTRATE HOOGHLY_IDA)","BAG MITALI","ARAMBAG(SC)","SOLAR PANEL HIGH MAST LIGHT AT JAKRI WITHIN RAMMOHAN -1 GP UNDER KHANAKUL-I DEV. BLOCK","12-Sep-2024","377848","02-Dec-2024"
"2612","Normal/Others","WS/MP18245/2024-2025/140490-Lighting of public spaces","West Bengal","HOOGHLY(DISTRICT MAGISTRATE HOOGHLY_IDA)","BAG MITALI","ARAMBAG(SC)","SOLAR PANEL HIGH MAST LIGHT AT TARAKESWAR WARD NO 3 UNDER TARAKESWAR MUNICIPALITY","12-Sep-2024","377924","02-Dec-2024"
"2613","Normal/Others","WS/MP18245/2024-2025/140491-Lighting of public spaces","West Bengal","HOOGHLY(DISTRICT MAGISTRATE HOOGHLY_IDA)","BAG MITALI","ARAMBAG(SC)","SOLAR PANEL HIGH MAST LIGHT AT DARBESHPUR 26 NO ROAD WITHIN NAITA MALPAHARPUR GP UNDER TARAKESWAR DEV. BLOCK","12-Sep-2024","377924","02-Dec-2024"
"2614","Normal/Others","WS/MP18245/2024-2025/140492-Lighting of public spaces","West Bengal","HOOGHLY(DISTRICT MAGISTRATE HOOGHLY_IDA)","BAG MITALI","ARAMBAG(SC)","SOLAR PANEL HIGH MAST LIGHT AT NEAR TELUA BAGPARA WITHIN BATANAL GP UNDER ARAMBAGH DEV. BLOCK","12-Sep-2024","377924","02-Dec-2024"
"2615","Normal/Others","WS/MP457/2024-2025/140493-Construction of buildings for community cultural activities","Tamil Nadu","Viluppuram(DISTRICT COLLECTOR VILLUPURAM_IDA)","D Ravikumar","VILUPPURAM(SC)","Drama Stage in Sakthipattu Colony, Koliyanur Panchayat union, Viluppuram","20-Sep-2024","799743","18-Oct-2024"
"2616","Normal/Others","WS/MP858/2025-2026/140494-Construction of roads, link roads, pathways or any other road with or without drainage system","West Bengal","PURBA BARDHAMAN(DISTRICT MAGISTRATE PURBA BARDHAMAN_IDA)","Asit Kumar Mal","BOLPUR(SC)","Construction of CC Road from Karulia panchanan tola to F P High School at Gidhagram GP ,Executing Agency E O Katwa I Panchayat samity.","12-Sep-2024","357000","14-May-2025"
"2617","Normal/Others","WS/MP727/2024-2025/140495-Construction of roads, link roads, pathways or any other road with or without drainage system","Rajasthan","BUNDI(DISTRICT COLLECTOR BUNDI_IDA)","Om Birla","KOTA","Gram Barfu Mai C.C. Interlocking Sadak May Nali Nirman Kary Bahadur Ke Makan Se Balu K Makan Ki Aur Place- Barfoo , Gram Barfoo,  Gram Panchayat Ganeshpura, Block -Talera, Recommended Amount- 5.00 Lakh Rs., Implementing Agency -Gram Panchayat Ganeshpura (547(Rev. 03 Dated 12.09.24) )","12-Sep-2024","500000","09-Jan-2025"
"2618","Normal/Others","WS/MP727/2024-2025/140496-Construction of roads, link roads, pathways or any other road with or without drainage system","Rajasthan","BUNDI(DISTRICT COLLECTOR BUNDI_IDA)","Om Birla","KOTA","C.C. Road May Nali Nirman Kary Kishan Ji K Makan Se Bakshilal Ji K Makan Ki Aur Interlocking Sadak May Nali Nirman Kary Bahadur Ke Makan Se Balu K Makan Ki Or Place- Alkodiya , Gram Alkodiya,  Gram Panchayat Gumanpura, Block - Bundi, Recommended Amount- 4.00 Lakh Rs., Implementing Agency -Gram Panchayat Gumanpura (548(Rev. 03 Dated 12.09.24) )","12-Sep-2024","400000","14-Jan-2025"
"2619","Normal/Others","WS/MP18043/2024-2025/140499-Construction of roads, link roads, pathways or any other road with or without drainage system","Bihar","ROHTAS(District Planning Officer Rohtas_IDA)","MANOJ KUMAR","SASARAM(SC)","Mahadalit tola me mohan rai ke ghar se karamaini purahra path tak pcc nirman length 150 feet and width 4 feet","13-Sep-2024","1013400","08-Jan-2025"
"2620","Normal/Others","WS/MP18043/2024-2025/140502-Construction of roads, link roads, pathways or any other road with or without drainage system","Bihar","KAIMUR (BHABUA)(DISTRICT PLANNING OFFICER KAIMUR BHABUA_IDA)","MANOJ KUMAR","SASARAM(SC)","Shri Gara Choubey nahar se Gauri Sah aur vinod shrivastav ke ghar tak pcc nirman kary length 600 feet","13-Sep-2024","592130","11-Jan-2025"
"2621","Normal/Others","WS/MP18043/2024-2025/140503-Construction of roads, link roads, pathways or any other road with or without drainage system","Bihar","ROHTAS(District Planning Officer Rohtas_IDA)","MANOJ KUMAR","SASARAM(SC)","Mahadalit tola me shanbhu ram ke ghar se suraj ram ke ghar hote hue kaudi gadn tak pcc nirman kary length 600 feet","13-Sep-2024","1042258","03-Jan-2025"
"2622","Normal/Others","WS/MP18043/2024-2025/140510-Construction of boundary walls of existing public and community buildings","Bihar","ROHTAS(District Planning Officer Rohtas_IDA)","MANOJ KUMAR","SASARAM(SC)","Utkramit Madhya vidyalay kuchhila ka chardivari ka nirman karna hai Hight 6 feet aur length 180 feet","13-Sep-2024","988879","03-Jan-2025"
"2623","Normal/Others","WS/MP18043/2024-2025/140511-Construction of roads, link roads, pathways or any other road with or without drainage system","Bihar","ROHTAS(District Planning Officer Rohtas_IDA)","MANOJ KUMAR","SASARAM(SC)","Tola magardah ward no 2 me sumer yadav ke ghar se suryadev yadav ke ghar tak length 600 feet","13-Sep-2024","1485200","01-Feb-2025"
"2624","Normal/Others","WS/MP18074/2024-2025/140512-Construction of roads, link roads, pathways or any other road with or without drainage system","Jharkhand","KHUNTI(DEPUTY COMMISSIONER KHUNTI_IDA)","KALI CHARAN MUNDA","KHUNTI(ST)","Construction of guard wall on the road going from Khunti Mahil Road  to Dulua under Murhu Block.","12-Sep-2024","1300000","14-Oct-2024"
"2625","Normal/Others","WS/MP18074/2024-2025/140513-Construction of roads, link roads, pathways or any other road with or without drainage system","Jharkhand","KHUNTI(DEPUTY COMMISSIONER KHUNTI_IDA)","KALI CHARAN MUNDA","KHUNTI(ST)","Construction of PCC road in Singha Dulua of Kunjla Panchayat under Murhu Block.","12-Sep-2024","1200000","14-Oct-2024"
"2626","Normal/Others","WS/MP18074/2024-2025/140514-Construction of buildings for community cultural activities","Jharkhand","KHUNTI(DEPUTY COMMISSIONER KHUNTI_IDA)","KALI CHARAN MUNDA","KHUNTI(ST)","Construction of community building in Mahadev Manda under Khunti Nagar Panchayat.","12-Sep-2024","1100000","14-Oct-2024"
"2627","Normal/Others","WS/MP18074/2024-2025/140515-Construction of roads, link roads, pathways or any other road with or without drainage system","Jharkhand","KHUNTI(DEPUTY COMMISSIONER KHUNTI_IDA)","KALI CHARAN MUNDA","KHUNTI(ST)","Construction of PCC road from near Rural Works Department Office towards Fisheries Office in Khunti.","12-Sep-2024","600000","14-Oct-2024"
"2628","Normal/Others","WS/MP18074/2024-2025/140516-Construction of roads, link roads, pathways or any other road with or without drainage system","Jharkhand","KHUNTI(DEPUTY COMMISSIONER KHUNTI_IDA)","KALI CHARAN MUNDA","KHUNTI(ST)","Construction of PCC road from Korakel Garden towards Basti on Murhu Tapkara Path under Murhu Block.","12-Sep-2024","500000","14-Oct-2024"
"2629","Normal/Others","WS/MP18074/2024-2025/140517-Construction of roads, link roads, pathways or any other road with or without drainage system","Jharkhand","KHUNTI(DEPUTY COMMISSIONER KHUNTI_IDA)","KALI CHARAN MUNDA","KHUNTI(ST)","Construction of guard wall near Haldhar Manjhi's farm on Edkeya Path in village Chalam Bartoli of Barudih Panchayat under Khunti Block.","12-Sep-2024","1000000","14-Oct-2024"
"2630","Normal/Others","WS/MP18074/2024-2025/140518-Construction of roads, link roads, pathways or any other road with or without drainage system","Jharkhand","KHUNTI(DEPUTY COMMISSIONER KHUNTI_IDA)","KALI CHARAN MUNDA","KHUNTI(ST)","Construction of paver block path from Ganesh Manjhi's house to PCC Road  in village Ghaghra of Ganaloya Panchayat under Murhu Block.","12-Sep-2024","200000","14-Oct-2024"
"2631","Normal/Others","WS/MP18043/2024-2025/140523-Construction of public libraries and reading rooms","Bihar","KAIMUR (BHABUA)(DISTRICT PLANNING OFFICER KAIMUR BHABUA_IDA)","MANOJ KUMAR","SASARAM(SC)","Baba shaheb Ambedkar Pustakalya bhawan ka nirman kary","13-Sep-2024","697300","17-Dec-2024"
"2632","Normal/Others","WS/MP18043/2024-2025/140528-Construction of roads, link roads, pathways or any other road with or without drainage system","Bihar","ROHTAS(District Planning Officer Rohtas_IDA)","MANOJ KUMAR","SASARAM(SC)","Shri Mahendra Paswan ke ghar se kapil cheron, ramvir bind ke ghar hote hue jayram sah ke mil tak pcc nirman kary length 600 feet","13-Sep-2024","1173737","08-Jan-2025"
"2633","Normal/Others","WS/MP18043/2024-2025/140530-Construction of roads, link roads, pathways or any other road with or without drainage system","Bihar","ROHTAS(District Planning Officer Rohtas_IDA)","MANOJ KUMAR","SASARAM(SC)","Guddiya Devi ke ghar se Dharmendra ji ke ghar hote hue vijay ram ji ke ghar se men road tak pcc nirman kary length 300 feet","13-Sep-2024","252862","28-Jan-2025"
"2634","Normal/Others","WS/MP429/2024-2025/140531-Renovation of ponds and lakes","Chhattisgarh","KORBA(Collector-Korba)","Jyotsna Charandas Mahant","KORBA","Pachri Construction in Mudha Talab Gram-Patharri, Gram Panchayat -Dholpur, Vikas Khand-Pali","13-Sep-2024","300000","24-Oct-2024"
"2635","Normal/Others","WS/MP429/2024-2025/140532-Construction of common work sheds/ common covered sitting area","Chhattisgarh","KORBA(Collector-Korba)","Jyotsna Charandas Mahant","KORBA","Manch construction in Pitambari Mohalla Gram Panchayat- Malda,  Janpad - Podi Uproda","13-Sep-2024","400000","04-Nov-2024"
"2636","Normal/Others","WS/MP429/2024-2025/140533-Construction of common work sheds/ common covered sitting area","Chhattisgarh","Gaurela-Pendra-Marwahi(Collector GPM_IDA)","Jyotsna Charandas Mahant","KORBA","Sarvajanik Manch construction at Gram Panchayat - Karhani, Vikas Khand- Marwahi","13-Sep-2024","200000","25-Oct-2024"
"2637","Normal/Others","WS/MP429/2024-2025/140534-Construction of common work sheds/ common covered sitting area","Chhattisgarh","Gaurela-Pendra-Marwahi(Collector GPM_IDA)","Jyotsna Charandas Mahant","KORBA","Sarvajanik Manch construction at Madakot, Gram Panchayat - Kumhari, Vikas Khand- Marwahi","13-Sep-2024","200000","18-Mar-2025"
"2638","Normal/Others","WS/MP429/2024-2025/140535-Construction of common work sheds/ common covered sitting area","Chhattisgarh","Gaurela-Pendra-Marwahi(Collector GPM_IDA)","Jyotsna Charandas Mahant","KORBA","Sarvajanik Manch construction at Chaura Mohalla in Gram Panchayat - Dharhar, Vikas Khand- Marwahi","13-Sep-2024","199536","09-Oct-2024"
"2639","Normal/Others","WS/MP429/2024-2025/140536-Construction of common work sheds/ common covered sitting area","Chhattisgarh","Gaurela-Pendra-Marwahi(Collector GPM_IDA)","Jyotsna Charandas Mahant","KORBA","Sarvajanik Manch construction at Tendumuda Gram Panchayat - Tendumuda, Vikas Khand- Marwahi","13-Sep-2024","200000","17-Oct-2024"
"2640","Normal/Others","WS/MP429/2024-2025/140537-Construction of common work sheds/ common covered sitting area","Chhattisgarh","Gaurela-Pendra-Marwahi(Collector GPM_IDA)","Jyotsna Charandas Mahant","KORBA","Sarvajanik Manch construction at Patharri Gram Panchayat - Patharri, Vikas Khand- Marwahi","13-Sep-2024","199276","25-Oct-2024"
"2641","Normal/Others","WS/MP429/2024-2025/140538-Construction of common work sheds/ common covered sitting area","Chhattisgarh","Gaurela-Pendra-Marwahi(Collector GPM_IDA)","Jyotsna Charandas Mahant","KORBA","Sarvajanik Manch construction at Higher Secondary School in Parasi Gram Panchayat - Parasi, Vikas Khand- Marwahi","13-Sep-2024","250000","09-Oct-2024"
"2642","Normal/Others","WS/MP429/2024-2025/140539-Construction of community centers and community halls","Chhattisgarh","Gaurela-Pendra-Marwahi(Collector GPM_IDA)","Jyotsna Charandas Mahant","KORBA","Samudayik Bhawan construction at Village Dadhiya, Gram Panchayat - Pondi, Vikas Khand - Marwahi.","13-Sep-2024","500000","25-Oct-2024"
"2643","Normal/Others","WS/MP429/2024-2025/140540-Construction of buildings for community cultural activities","Chhattisgarh","Gaurela-Pendra-Marwahi(Collector GPM_IDA)","Jyotsna Charandas Mahant","KORBA","Sanskritic Manch construction at Madhyamik Shala Parisar, Gram Panchayat - Bagdi, Vikas Khand - Marwahi","13-Sep-2024","250000","09-Oct-2024"
"2644","Normal/Others","WS/MP429/2024-2025/140541-Construction of common work sheds/ common covered sitting area","Chhattisgarh","Gaurela-Pendra-Marwahi(Collector GPM_IDA)","Jyotsna Charandas Mahant","KORBA","Sarvajanik Manch construction at Latkoni, Gram Panchayat - Latkoni Khurd, Vikas Khand - Marwahi","13-Sep-2024","200000","17-Oct-2024"
"2645","Normal/Others","WS/MP429/2024-2025/140542-Construction of common work sheds/ common covered sitting area","Chhattisgarh","Gaurela-Pendra-Marwahi(Collector GPM_IDA)","Jyotsna Charandas Mahant","KORBA","Sarvajanik Manch construction at Village Kodwahi , Gram Panchayat - Latkoni Khurd, Vikas Khand - Marwahi","13-Sep-2024","199995","09-Oct-2024"
"2646","Normal/Others","WS/MP429/2024-2025/140543-Construction of buildings for community cultural activities","Chhattisgarh","Gaurela-Pendra-Marwahi(Collector GPM_IDA)","Jyotsna Charandas Mahant","KORBA","Sanskritic Manch construction at High School Salhekota, Gram Panchayat - Salhekota, Vikas Khand - Marwahi","13-Sep-2024","299112","09-Oct-2024"
"2647","Normal/Others","WS/MP429/2024-2025/140544-Construction of community centers and community halls","Chhattisgarh","Gaurela-Pendra-Marwahi(Collector GPM_IDA)","Jyotsna Charandas Mahant","KORBA","Samudayik Bhawan construction at Anjani, Gram Panchayat - Anjani, Vikas Khand - Gaurela","13-Sep-2024","500000","17-Oct-2024"
"2648","Normal/Others","WS/MP429/2024-2025/140545-Construction of community centers and community halls","Chhattisgarh","Gaurela-Pendra-Marwahi(Collector GPM_IDA)","Jyotsna Charandas Mahant","KORBA","Samudayik Bhawan construction at Bhitariya Para , Gram Panchayat - Amgaon, Vikas Khand - Gaurela","13-Sep-2024","500000","17-Oct-2024"
"2649","Normal/Others","WS/MP429/2024-2025/140546-Construction of common work sheds/ common covered sitting area","Chhattisgarh","Gaurela-Pendra-Marwahi(Collector GPM_IDA)","Jyotsna Charandas Mahant","KORBA","Sarvajanik Manch Construction at Jaldapara , Gram Panchayat - Kotmi Khurd, Vikas Khand - Gaurela","13-Sep-2024","200000","17-Oct-2024"
"2650","Normal/Others","WS/MP429/2024-2025/140547-Construction of common work sheds/ common covered sitting area","Chhattisgarh","Gaurela-Pendra-Marwahi(Collector GPM_IDA)","Jyotsna Charandas Mahant","KORBA","Sarvajanik Manch Construction at Bhariyan Tola, Gram Panchayat - Gorakhpur, Vikas Khand - Gaurela","13-Sep-2024","200000","17-Oct-2024"
"2651","Normal/Others","WS/MP429/2024-2025/140548-Construction of common work sheds/ common covered sitting area","Chhattisgarh","Gaurela-Pendra-Marwahi(Collector GPM_IDA)","Jyotsna Charandas Mahant","KORBA","Sarvajanik Manch Construction at Sarisnal Mohalla, Gram Panchayat - Jogisar, Vikas Khand - Gaurela","13-Sep-2024","200000","17-Oct-2024"
"2652","Normal/Others","WS/MP429/2024-2025/140549-Construction of common work sheds/ common covered sitting area","Chhattisgarh","Gaurela-Pendra-Marwahi(Collector GPM_IDA)","Jyotsna Charandas Mahant","KORBA","Sarvajanik Manch Construction at Baada Para, Gram Panchayat - Belpat, Vikas Khand - Gaurela","13-Sep-2024","198977","17-Oct-2024"
"2653","Normal/Others","WS/MP429/2024-2025/140550-Construction of culverts and bridges","Chhattisgarh","Gaurela-Pendra-Marwahi(Collector GPM_IDA)","Jyotsna Charandas Mahant","KORBA","Puliya (Culvert) construction from Khamli khurd to Thhihayi Pahuch Marg in Gram Panchayat Pandripani, Vikas Khand - Gaurella","13-Sep-2024","900000","27-Sep-2024"
"2654","Normal/Others","WS/MP429/2024-2025/140551-Construction of culverts and bridges","Chhattisgarh","Gaurela-Pendra-Marwahi(Collector GPM_IDA)","Jyotsna Charandas Mahant","KORBA","Puliya (Culvert) construction on Dumarchhapra Pahuch Marg in Gram Panchayat Salheghori, Vikas Khand - Gaurella","13-Sep-2024","799538","27-Sep-2024"
"2655","Normal/Others","WS/MP429/2024-2025/140552-Construction of common work sheds/ common covered sitting area","Chhattisgarh","Gaurela-Pendra-Marwahi(Collector GPM_IDA)","Jyotsna Charandas Mahant","KORBA","Sarvajanik Shed Construction at Ward no.-6 near Majar, Gram Panchayat - Semara, Vikas Khand - Gaurela","13-Sep-2024","499900","17-Oct-2024"
"2656","Normal/Others","WS/MP429/2024-2025/140553-Construction of common work sheds/ common covered sitting area","Chhattisgarh","Gaurela-Pendra-Marwahi(Collector GPM_IDA)","Jyotsna Charandas Mahant","KORBA","Sarvajanik Manch Construction at ward no. - 3, Gram Panchayat - Semara, Vikas Khand - Gaurela","13-Sep-2024","200000","17-Oct-2024"
"2657","Normal/Others","WS/MP334/2024-2025/140554-Street lights","Jharkhand","BOKARO(DEPUTY COMMISSIONER BOKARO_IDA)","Shri Chandra Prakash Choudhary","GIRIDIH","Installation of solar street light in ponda panchayat: 1)near sadanand manjhi house let tand 2)Near durga mandir 3)Near hanuman mandir karmali tola dhadhkiya 4)Near durga mandir dhadhkiya 5)Near mansa mandir munda tola dhadhkiya 6)Near kali mandir kamlapur 7)Near hari mandir kamlapur 8)Near bajrangbali mandir sirkitand kamlapur 9)near shiv mandir kamlapur 10)near mahavir mandir barwakocha 11)near bajrang bali mandir banshajas kamlapur 12)near birmundu mod 13)near durga hembrom house birmundu","13-Sep-2024","286000","05-Oct-2024"
"2658","Normal/Others","WS/MP334/2024-2025/140555-Street lights","Jharkhand","BOKARO(DEPUTY COMMISSIONER BOKARO_IDA)","Shri Chandra Prakash Choudhary","GIRIDIH","Installation of solar street light in hisim panchayat: 1)Near shiv mandir trionala 2)Near utkramit prathmik vidyalay masridih 3)Near bajrangbali mandir dumarkudar 4)Near rama hotel khudibeda 5)Near binod bihari chowk khudibeda 6)Near school mod kedla 7)Near shankar prasad tudu house paikadegain kedlatola 8)Near lakhindra kisku house hadsali in kedla tola 9)Near durga mandir khudibeda 10)near panchayat bhawan hisim","13-Sep-2024","220000","05-Oct-2024"
"2659","Normal/Others","WS/MP334/2024-2025/140556-Street lights","Jharkhand","BOKARO(DEPUTY COMMISSIONER BOKARO_IDA)","Shri Chandra Prakash Choudhary","GIRIDIH","Installation of solar street light in hisim panchayat: 1)Near mukhiya house kedla 2)Near jageshwar murmu house trionala 3)Near kathal tola mod hisim 4)Near saroj mahto house hisim 5)near lipsi mod kedla 6)Near dhaneshwar turi trionala 7)Near pradip mahto house khudibeda 8)Near hari mandir hisim","13-Sep-2024","176000","05-Oct-2024"
"2660","Normal/Others","WS/MP334/2024-2025/140557-Street lights","Jharkhand","BOKARO(DEPUTY COMMISSIONER BOKARO_IDA)","Shri Chandra Prakash Choudhary","GIRIDIH","Installation of solar street light in durgapur panchayat: 1)Near kali mandir rangamati 2)Near rangamati chowk 3)Near ramraja mandir kurko 4)Near bajrang bali mandir lalmatiya 5)Near baijnath mahto house lalmatiya 6)near hari mandir mod harladih 7)near baba badrav mandir durgapur 8)Near shivalay mandir karujara 9)Near kapileshwar mahto house dundadih 10)near hari mandir parsatand","13-Sep-2024","220000","05-Oct-2024"
"2661","Normal/Others","WS/MP334/2024-2025/140558-Street lights","Jharkhand","BOKARO(DEPUTY COMMISSIONER BOKARO_IDA)","Shri Chandra Prakash Choudhary","GIRIDIH","Installation of solar street light in durgapur panchayat: 1)near bajrang bali mandir dundadih 2)Near hari mandir parsatand 3)Near mansa mandir karmali tola chadariya 4)near saraswati mandir kamardih 5)near panchayat bhawan butitand 6)Near ajit kumar mahto house medha in durgapur 7)near shambhu mahto house rugritand in rangamati 8)Near paran mahto house rugditand in rangamati","13-Sep-2024","176000","05-Oct-2024"
"2662","Normal/Others","WS/MP18043/2024-2025/140563-Construction of roads, link roads, pathways or any other road with or without drainage system","Bihar","ROHTAS(District Planning Officer Rohtas_IDA)","MANOJ KUMAR","SASARAM(SC)","Chenari path se vaypar mandal hote hue shri shyam vihari yadav ke ghar tak pcc nirman kary length 500 feet","13-Sep-2024","1276100","28-Jan-2025"
"2663","Normal/Others","WS/MP423/2024-2025/140565-Construction of community centers and community halls","Bihar","MADHUBANI(DISTRICT PLANNING OFFICER MADHUBANI_IDA)","Ramprit Mandal","JHANJHARPUR","block jaynagar ke antargat panchayat dodwar ward 12 gram bhairav nagar ram mandir se devlal ji ke ghar tk jaane wali road men pcc sadak","13-Sep-2024","1194844","27-Feb-2025"
"2664","Normal/Others","WS/MP423/2024-2025/140570-Street lights","Bihar","MADHUBANI(DISTRICT PLANNING OFFICER MADHUBANI_IDA)","Ramprit Mandal","JHANJHARPUR","Babubarhi block ke antargat donwari hatiya evm  durga mata mandir ke najdik high mask electric light ka kray evam adhisthapan karya. (Attached Takniki Vishistiyan ke Anurup).","13-Sep-2024","994000","12-Mar-2025"
"2665","Normal/Others","WS/MP423/2024-2025/140571-Street lights","Bihar","MADHUBANI(DISTRICT PLANNING OFFICER MADHUBANI_IDA)","Ramprit Mandal","JHANJHARPUR","babubarhi block ke antargat khojpur gram sthith mahadev mandir ke najdik near nahar chowk khojpur sthith high mask electric light ka kray evam adhisthapan karya. (Attached Takniki Vishistiyan ke Anurup).","13-Sep-2024","994000","12-Mar-2025"
"2666","Normal/Others","WS/MP423/2024-2025/140572-Street lights","Bihar","MADHUBANI(DISTRICT PLANNING OFFICER MADHUBANI_IDA)","Ramprit Mandal","JHANJHARPUR","rajnagar block ke barhara gram sthith kali mata mandir ke najdik high mask electric light ka kray evam adhisthapan karya. (Attached Takniki Vishistiyan ke Anurup).","13-Sep-2024","994000","12-Mar-2025"
"2667","Normal/Others","WS/MP423/2024-2025/140573-Street lights","Bihar","MADHUBANI(DISTRICT PLANNING OFFICER MADHUBANI_IDA)","Ramprit Mandal","JHANJHARPUR","andhrathadi block ke mangrouna gram sthith chaiti durga mata mandir ke najdik high mask electric light ka kray evam adhisthapan karya.(Attached Takniki Vishistiyan ke Anurup).","13-Sep-2024","994000","12-Mar-2025"
"2668","Normal/Others","WS/MP423/2024-2025/140574-Street lights","Bihar","MADHUBANI(DISTRICT PLANNING OFFICER MADHUBANI_IDA)","Ramprit Mandal","JHANJHARPUR","babubarhi block ke sarra gram sthith madneshwar sthan ke najdik high mask electric light ka kray evam adhisthapan karya. (Attached Takniki Vishistiyan ke Anurup).","13-Sep-2024","994000","12-Mar-2025"
"2669","Normal/Others","WS/MP334/2024-2025/140578-Street lights","Jharkhand","BOKARO(DEPUTY COMMISSIONER BOKARO_IDA)","Shri Chandra Prakash Choudhary","GIRIDIH","Installation of solar street light in baraikala panchayat: 1)Near ramdas mahto house baraikhurd 2)Near sarita devi  house baraikhurd 3)Near punam Devi barai khurd 4)Near arjun Soren house karkatta kala 5)Near lakhiram hembrom house karkattakala 6)Near Rohit karmali in karkatta khurd 7)Near babita devi house  chainpur 8)Near geeta devi house ormo 9)Near kapileshwar mahto house sumadih 10)Near surendra prasad thakur house barai kala","13-Sep-2024","220000","05-Oct-2024"
"2670","Normal/Others","WS/MP334/2024-2025/140580-Street lights","Jharkhand","BOKARO(DEPUTY COMMISSIONER BOKARO_IDA)","Shri Chandra Prakash Choudhary","GIRIDIH","Installation of solar street light in baraikala panchayat: 1)Near Mashuk ansari house nauwajara 2)Near sumita devi house bermo tand 3)Near baijnath mahto house bermotand 4)Near narmada devi house baraikala 5)Near bihari mahto house mortangwa 6)Near renu devi house ormo 7)Near Near dilip mahto house baraikhurd 8)Near Rajkishore mahto house baraikala 9)Near ramnath mahto house baraikala","13-Sep-2024","198000","05-Oct-2024"
"2671","Normal/Others","WS/MP334/2024-2025/140582-Street lights","Jharkhand","BOKARO(DEPUTY COMMISSIONER BOKARO_IDA)","Shri Chandra Prakash Choudhary","GIRIDIH","Installation of solar street light in bandio panchayat: 1)Near hari mandir bandio 2)Near Parmal yadav house  3)Near darsini Mandir bandio  4)Near bajrang bali mandir laharbeda novadahi 5)Near laharbeda bhandar tola 6)Near mansa mandir laaharbeda 7)Near kushalbandha chowk laharbeda 8)Near yogesh house pandey tola laharbeda 9)Near shiv mandir laharbeda 10)Near bajaartand chowk laharbeda","13-Sep-2024","220000","05-Oct-2024"
"2672","Normal/Others","WS/MP334/2024-2025/140583-Street lights","Jharkhand","BOKARO(DEPUTY COMMISSIONER BOKARO_IDA)","Shri Chandra Prakash Choudhary","GIRIDIH","Installation of solar street light in bandio panchayat: 1)Near bajrang bali mandir nasiya 2)Near hari mandir fatehpur 3)Near fatehpur chowk 4)Near fatehpur shiv mandir  5)Near bajrang bali mandir nawatand 6)Near hari Mandir korkotta 7)Near korkotta chowk","13-Sep-2024","154000","05-Oct-2024"
"2673","Normal/Others","WS/MP334/2024-2025/140584-Street lights","Jharkhand","BOKARO(DEPUTY COMMISSIONER BOKARO_IDA)","Shri Chandra Prakash Choudhary","GIRIDIH","Installation of solar street light in paplo panchayat: 1)Near kalkuatand chowk in paplo 2)Near hanuman Mandir kamaldih 3)Near kamaldih chowk 4)Near ravidas tola  5)Near hari mandir junouritand 6)near punit mahto house gadhi basti paplo 7)Near shishu students club 8)Near durga mandir paplo 9)Near bajrang bali mandir khodna tand 10)Near mansa mandir giri tola junouri 11)Near shiv mandir junouri giri tola 12)near junouri tand chowk","13-Sep-2024","264000","05-Oct-2024"
"2674","Normal/Others","WS/MP334/2024-2025/140585-Street lights","Jharkhand","BOKARO(DEPUTY COMMISSIONER BOKARO_IDA)","Shri Chandra Prakash Choudhary","GIRIDIH","Installation of solar street light in alargo panchayat: 1)Near hanuman mandir alargo 2)Near jahersthan saraiyatand 3)Near saraiyatand chowk 4)Near alargo chowk 5)Near giritola 6)Near barnwal tola 7)Near pandey tola 8)Near masjid tola","13-Sep-2024","176000","05-Oct-2024"
"2675","Normal/Others","WS/MP18043/2024-2025/140586-Construction of roads, link roads, pathways or any other road with or without drainage system","Bihar","ROHTAS(District Planning Officer Rohtas_IDA)","MANOJ KUMAR","SASARAM(SC)","Gram Maidani me G.T road se shri ramnath ke ghar tak pcc nirman kary length 500 feet","13-Sep-2024","1452790","20-Jan-2025"
"2676","Normal/Others","WS/MP18043/2024-2025/140587-Construction of roads, link roads, pathways or any other road with or without drainage system","Bihar","KAIMUR (BHABUA)(DISTRICT PLANNING OFFICER KAIMUR BHABUA_IDA)","MANOJ KUMAR","SASARAM(SC)","Ravidsa Mandir se lekar railway line tak pcc nriman kary length 600 feet","13-Sep-2024","789839","09-Dec-2024"
"2677","Normal/Others","WS/MP18043/2024-2025/140588-Construction of roads, link roads, pathways or any other road with or without drainage system","Bihar","KAIMUR (BHABUA)(DISTRICT PLANNING OFFICER KAIMUR BHABUA_IDA)","MANOJ KUMAR","SASARAM(SC)","Shri Dhannu Bind ke ghar se shri Ravidas bind ke ghar tak pcc nirman kary length 600 feet","13-Sep-2024","793177","28-Jan-2025"
"2678","Normal/Others","WS/MP334/2024-2025/140589-Street lights","Jharkhand","BOKARO(DEPUTY COMMISSIONER BOKARO_IDA)","Shri Chandra Prakash Choudhary","GIRIDIH","Installation of solar street light in taranga panchayat: 1)Near lilu mahto house rehwa 2)Near praveen pandit house gadibasti 3)Near shiv mandir saraiyatand 4)Near shanichar mahto house jamuniyatand 5)near shambhu mahto house singdardih 6)Near mahendra pandey house turi tola 7)Near panchayat sachivalay 8)Near bargad ped bishun mahto house  9)Near mohan mahto house chouhan tola 10)Near akalu mahto house godauli","13-Sep-2024","220000","05-Oct-2024"
"2679","Normal/Others","WS/MP334/2024-2025/140590-Street lights","Jharkhand","BOKARO(DEPUTY COMMISSIONER BOKARO_IDA)","Shri Chandra Prakash Choudhary","GIRIDIH","Installation of solar street light in taranga panchayat: 1)near umesh mahto house gadi basti 2)Near janki manjhi house berdo tand 3)Near hari mandir saraiyatand 4)Near daleshwar mahto house kanchangadha 5)Near bhola mochi house house in das tola","13-Sep-2024","110000","05-Oct-2024"
"2680","Normal/Others","WS/MP334/2024-2025/140591-Street lights","Jharkhand","BOKARO(DEPUTY COMMISSIONER BOKARO_IDA)","Shri Chandra Prakash Choudhary","GIRIDIH","Installation of solar street light in taranari panchayat: 1)Near mahabir chowk main gali 2)Near shiv mandir mandir tola 3)Near saraswati chowk niche tola 4)Near mumtaj ansari house niche tola 5)Near mahavir mandir aamtola 6)Near utkramit madhya vidyalay chhotbakhridih 7)Near baijnath mahto house lakshmipur 8)Near ucch vidyalaya taranari 9)Near bhuneshwar mahto house chhotbakridih 10)Near panchayat bhavan taranari 11)Near suresh hadi house pandey tola 12)Near bajrang bali mandir teli tola","13-Sep-2024","264000","05-Oct-2024"
"2681","Normal/Others","WS/MP334/2024-2025/140592-Street lights","Jharkhand","BOKARO(DEPUTY COMMISSIONER BOKARO_IDA)","Shri Chandra Prakash Choudhary","GIRIDIH","Installation of solar street light near kali mandir in taranari.","13-Sep-2024","22000","05-Oct-2024"
"2682","Normal/Others","WS/MP334/2024-2025/140593-Street lights","Jharkhand","BOKARO(DEPUTY COMMISSIONER BOKARO_IDA)","Shri Chandra Prakash Choudhary","GIRIDIH","Installatiojn of solar street light in telo madhya panchayat: 1)near shiv mandir bhandar tola 2)Near surendra mahto house kenduadih 3)Near nehru ucch vidyalay telo 4)Near purv mukhiya rekha devi house  5)Near peepal ped karmkaar tola 6)Near kali mandir  7)Near shiv mandir bel tand 8)near anil mahto house patharghuttu 9)Near mohd. nissar house azaad nagar 10)near bajrangbali mandir laalbandh 11)Near leeladhar pandit house","13-Sep-2024","242000","05-Oct-2024"
"2683","Normal/Others","WS/MP334/2024-2025/140594-Street lights","Jharkhand","BOKARO(DEPUTY COMMISSIONER BOKARO_IDA)","Shri Chandra Prakash Choudhary","GIRIDIH","Installation of solar street light in telo purvi panchayat: 1)Near bajrang bali mandir in dandudih 2)Near bajrang bali mandir panchmukhi 3)Near Mansa mandir aagardih 4)near shiv mandir beltand 5)near madhya vidyalay chadri 6)near mansa mandir nuraagdiya 7)near mansa mandir bahuyarhir 8)near vijay mahto kenduadih 9)near mantu mandal shop telo madhya 10)near praveen mandal house telo madhya","13-Sep-2024","220000","05-Oct-2024"
"2684","Normal/Others","WS/MP334/2024-2025/140595-Street lights","Jharkhand","BOKARO(DEPUTY COMMISSIONER BOKARO_IDA)","Shri Chandra Prakash Choudhary","GIRIDIH","Installation of solar street light inn telo pashchimi panchayat: 1)Near shiv mandir khalcho 2)near aanganwadi khalcho 3)near budha manjhi khalcho 4)Near hari mandir khalcho 5)Near turi tola khlacho 6)Near kali mandir khalcho 7)Near budha manjhi fulsodih 8)near budha manjhi kodgahir 9)near budha manjhi badahi 10)near aanganbadi mirchitand 11)near nijam ansari mirchitand 12)near mansa mandir mirchitand 13)near saryu saw mod 14)near shrinagar tola vatvriksh 15)near bajrangbali mandir laalbandh","13-Sep-2024","330000","31-Dec-2024"
"2685","Normal/Others","WS/MP334/2024-2025/140596-Street lights","Jharkhand","BOKARO(DEPUTY COMMISSIONER BOKARO_IDA)","Shri Chandra Prakash Choudhary","GIRIDIH","Installation of solar street light in narra panchayat: 1)Near kali mandir  2)near durga pahadi mandir 3)near masjid 4)near hari mandir 5)near ambedkar bhawan barwadih 6)near gothwar chowk 7)near kali mandir harlatand 8)near hari mandir chowk beliyatand 9)near mohan mahto house barwadih 10)near hari mandir narra 11)near barwadih chowk 12)near SR international school 13)near narra chowk 14)near dhanpat mahto house daahi 6)","13-Sep-2024","308000","05-Oct-2024"
"2686","Normal/Others","WS/MP334/2024-2025/140597-Street lights","Jharkhand","BOKARO(DEPUTY COMMISSIONER BOKARO_IDA)","Shri Chandra Prakash Choudhary","GIRIDIH","Installation of solar street light near goswami tola telo pashchimi","13-Sep-2024","22000","05-Oct-2024"
"2687","Normal/Others","WS/MP356/2024-2025/140602-Construction of roads, link roads, pathways or any other road with or without drainage system","Madhya Pradesh","NEEMUCH(District Collector Neemuch_IDA)","Shri Sudheer Gupta","MANDSOUR","construction of cc road","13-Sep-2024","300000","18-Nov-2024"
"2688","Normal/Others","WS/MP356/2024-2025/140603-Construction of roads, link roads, pathways or any other road with or without drainage system","Madhya Pradesh","MANDSAUR(DISTRICT COLLECTOR MANDSAUR_IDA)","Shri Sudheer Gupta","MANDSOUR","CONSTRUCTION OF CC ROAD","13-Sep-2024","300000","14-Jan-2025"
"2689","Normal/Others","WS/MP356/2024-2025/140604-Construction of roads, link roads, pathways or any other road with or without drainage system","Madhya Pradesh","MANDSAUR(DISTRICT COLLECTOR MANDSAUR_IDA)","Shri Sudheer Gupta","MANDSOUR","CONSTRUCTION OF CC ROAD","13-Sep-2024","400000","09-Dec-2024"
"2690","Normal/Others","WS/MP356/2025-2026/140605-Improvement of electricity distribution infrastructure","Madhya Pradesh","MANDSAUR(DISTRICT COLLECTOR MANDSAUR_IDA)","Shri Sudheer Gupta","MANDSOUR","11 KV LINE TRANSFER","13-Sep-2024","499246","16-Feb-2026"
"2691","Normal/Others","WS/MP356/2025-2026/140606-Construction of roads, link roads, pathways or any other road with or without drainage system","Madhya Pradesh","MANDSAUR(DISTRICT COLLECTOR MANDSAUR_IDA)","Shri Sudheer Gupta","MANDSOUR","CONSTRUCTION OF CC ROAD","13-Sep-2024","150000","21-Jan-2026"
"2692","Normal/Others","WS/MP18183/2024-2025/140607-Construction of bus-sheds or bus-stops","Tamil Nadu","THANJAVUR(DISTRICT COLLECTOR THANJAVUR_IDA)","MURASOLI S","THANJAVUR","Construction of a new bus station at Kallana Nadukarai, Thogur Panchayat,budalur","13-Sep-2024","1499638","28-Feb-2025"
"2693","Normal/Others","WS/MP393/2024-2025/140635-Street lights","Tamil Nadu","SIVAGANGA(DISTRICT COLLECTOR SIVAGANGA_IDA)","Shri Karti P Chidambaram","SIVAGANGA","thirupuvanam town panchayat (mplads 2022-23) 16th ward chinna muthumariamman kovil near mini mast light","13-Sep-2024","500000","16-Sep-2024"
"2694","Normal/Others","WS/MP18322/2024-2025/140636-Construction of roads, link roads, pathways or any other road with or without drainage system","Jharkhand","DUMKA(DEPUTY COMMISSIONER DUMKA_IDA)","NALIN SOREN","DUMKA(ST)","Construction of PCC Road in Panchayat- Dhawadangal, Village- Bara Phuljhari Village Road","14-Sep-2024","600000","20-Dec-2024"
"2695","Normal/Others","WS/MP18322/2024-2025/140637-Construction of roads, link roads, pathways or any other road with or without drainage system","Jharkhand","DUMKA(DEPUTY COMMISSIONER DUMKA_IDA)","NALIN SOREN","DUMKA(ST)","Construction of PCC Road in Panchayat- Dhawadangal, Village- Kusumghati School Tola Village Road","14-Sep-2024","700000","20-Dec-2024"
"2696","Normal/Others","WS/MP18322/2024-2025/140639-Construction of roads, link roads, pathways or any other road with or without drainage system","Jharkhand","DUMKA(DEPUTY COMMISSIONER DUMKA_IDA)","NALIN SOREN","DUMKA(ST)","Construction of PCC Road in Panchayat- Jhikra, Village- Saldaha Village Road","14-Sep-2024","350000","20-Dec-2024"
"2697","Normal/Others","WS/MP18322/2024-2025/140640-Construction of roads, link roads, pathways or any other road with or without drainage system","Jharkhand","DUMKA(DEPUTY COMMISSIONER DUMKA_IDA)","NALIN SOREN","DUMKA(ST)","Construction of PCC Road in Panchayat- Pandanpahari, Village- Kolha Hathimara Tola Village Road","14-Sep-2024","250000","20-Dec-2024"
"2698","Normal/Others","WS/MP18322/2024-2025/140641-Construction of culverts and bridges","Jharkhand","DUMKA(DEPUTY COMMISSIONER DUMKA_IDA)","NALIN SOREN","DUMKA(ST)","Construction of Culvert cum Guardwall from Primary School to PWD Road in Panchayat- Kalajhar, Village- Amgachhi","14-Sep-2024","350000","20-Dec-2024"
"2699","Normal/Others","WS/MP18322/2024-2025/140642-Construction of roads, link roads, pathways or any other road with or without drainage system","Jharkhand","DUMKA(DEPUTY COMMISSIONER DUMKA_IDA)","NALIN SOREN","DUMKA(ST)","Construction of PCC road from PWD Road to the Way of School in Panchayat- Kalajhar, Village- Kalajhar","14-Sep-2024","450000","20-Dec-2024"
"2700","Normal/Others","WS/MP18322/2024-2025/140643-Construction of roads, link roads, pathways or any other road with or without drainage system","Jharkhand","DUMKA(DEPUTY COMMISSIONER DUMKA_IDA)","NALIN SOREN","DUMKA(ST)","Construction of PCC Road in Panchayat- Asanpahari, Village- Shivtalla Niche Tola Village Road","14-Sep-2024","250000","20-Dec-2024"
"2701","Normal/Others","WS/MP18322/2024-2025/140644-Construction of roads, link roads, pathways or any other road with or without drainage system","Jharkhand","DUMKA(DEPUTY COMMISSIONER DUMKA_IDA)","NALIN SOREN","DUMKA(ST)","Construction of PCC Road in Panchayat- Kadma, Village- Karanpura Village Road","14-Sep-2024","250000","20-Dec-2024"
"2702","Normal/Others","WS/MP18322/2024-2025/140645-Construction of culverts and bridges","Jharkhand","DUMKA(DEPUTY COMMISSIONER DUMKA_IDA)","NALIN SOREN","DUMKA(ST)","Construction of Culvert cum Guardwall in Panchayat- Kadma, Village- Kadma Village Road","14-Sep-2024","350000","20-Dec-2024"
"2703","Normal/Others","WS/MP18322/2024-2025/140646-Construction of culverts and bridges","Jharkhand","DUMKA(DEPUTY COMMISSIONER DUMKA_IDA)","NALIN SOREN","DUMKA(ST)","Construction of Culvert cum Guardwall in Panchayat- Astajora, Village- Singhni Aadiwasi Tola","14-Sep-2024","300000","20-Dec-2024"
"2704","Normal/Others","WS/MP18322/2024-2025/140647-Construction of culverts and bridges","Jharkhand","DUMKA(DEPUTY COMMISSIONER DUMKA_IDA)","NALIN SOREN","DUMKA(ST)","Construction of Culvert cum Guardwall in Panchayat- Pipra, Village- Pipra Village Road","14-Sep-2024","250000","20-Dec-2024"
"2705","Normal/Others","WS/MP18322/2024-2025/140648-Construction of roads, link roads, pathways or any other road with or without drainage system","Jharkhand","DUMKA(DEPUTY COMMISSIONER DUMKA_IDA)","NALIN SOREN","DUMKA(ST)","Construction of PCC Road in Panchayat- Pipra, Village- Jhagrahi Aadiwasi Tola","14-Sep-2024","250000","20-Dec-2024"
"2706","Normal/Others","WS/MP18322/2024-2025/140649-Construction of public irrigation facilities","Jharkhand","DUMKA(DEPUTY COMMISSIONER DUMKA_IDA)","NALIN SOREN","DUMKA(ST)","Construction of Irrigation Drain from Chotabhuibhanga Dam in Panchayat- Bada Chapuriya, Village- Dumaria","14-Sep-2024","250000","20-Dec-2024"
"2707","Normal/Others","WS/MP18322/2024-2025/140650-Construction of roads, link roads, pathways or any other road with or without drainage system","Jharkhand","DUMKA(DEPUTY COMMISSIONER DUMKA_IDA)","NALIN SOREN","DUMKA(ST)","Construction of PCC Road in Panchayat- Barachapuriya, Village- Amgachhi Village Road","14-Sep-2024","250000","20-Dec-2024"
"2708","Normal/Others","WS/MP18322/2024-2025/140651-Construction of roads, link roads, pathways or any other road with or without drainage system","Jharkhand","DUMKA(DEPUTY COMMISSIONER DUMKA_IDA)","NALIN SOREN","DUMKA(ST)","Construction of PCC Road from Deepak Mandal's House to Tej Narayan Bhandari's House, Pancha Mandal's House to Shankar Mandal's House & PCC Road cum Drain Construction with Slab from Hemant Bhagat's House to Tejnarayan Bhandari's House in Panchayat- Teliachak bazar, Village- Teliya Chak Bazar","14-Sep-2024","600000","20-Dec-2024"
"2709","Normal/Others","WS/MP18322/2024-2025/140652-Construction of roads, link roads, pathways or any other road with or without drainage system","Jharkhand","DUMKA(DEPUTY COMMISSIONER DUMKA_IDA)","NALIN SOREN","DUMKA(ST)","Construction of PCC Road in Panchayat- Pipra, Village- Kodrapahari Village Road","14-Sep-2024","300000","20-Dec-2024"
"2710","Normal/Others","WS/MP18322/2024-2025/140653-Construction of roads, link roads, pathways or any other road with or without drainage system","Jharkhand","DUMKA(DEPUTY COMMISSIONER DUMKA_IDA)","NALIN SOREN","DUMKA(ST)","Construction of PCC Road from Suniti Modi's House to Laxman Pal's House in Panchayat- Telia Chak Bazar, Village- Telia Chak Bazar","14-Sep-2024","350000","20-Dec-2024"
"2711","Normal/Others","WS/MP18322/2024-2025/140654-Renovation of ponds and lakes","Jharkhand","DUMKA(DEPUTY COMMISSIONER DUMKA_IDA)","NALIN SOREN","DUMKA(ST)","Construction of Stepped Ghat in Brahamani River behind Kathikund Thana, Panchayat- Telia Chak Bazar","14-Sep-2024","600000","20-Dec-2024"
"2712","Normal/Others","WS/MP18322/2024-2025/140655-Construction of common work sheds/ common covered sitting area","Jharkhand","DUMKA(DEPUTY COMMISSIONER DUMKA_IDA)","NALIN SOREN","DUMKA(ST)","Construction of Guardwall near Pond from Jamni to Gamra Road in Panchayat- Bichiyapahari","14-Sep-2024","300000","20-Dec-2024"
"2713","Normal/Others","WS/MP18043/2024-2025/140658-Construction of roads, link roads, pathways or any other road with or without drainage system","Bihar","KAIMUR (BHABUA)(DISTRICT PLANNING OFFICER KAIMUR BHABUA_IDA)","MANOJ KUMAR","SASARAM(SC)","Rajpur Pihra mukhya road se marchi dalit basti tak pcc nirman krya length 800 feet","22-Sep-2024","889391","07-Jan-2025"
"2714","Normal/Others","WS/MP18023/2024-2025/140674-Construction of roads, link roads, pathways or any other road with or without drainage system","Assam","KAMRUP METRO(DEPUTY COMMISSIONER KAMRUP METROPOLITAN_IDA)","BIJULI KALITA MEDHI","GUWAHATI","Construction of link road at Dabari Road , Gomoria.","13-Sep-2024","2400000","29-Oct-2024"
"2715","Normal/Others","WS/MP18023/2024-2025/140675-Construction of roads, link roads, pathways or any other road with or without drainage system","Assam","GOALPARA(Deputy Commissioner Goalpara_IDA)","BIJULI KALITA MEDHI","GUWAHATI","Construction Of link road from Narayan Kalita house to Sabin Boro house at Jogipara , Dhupdhara.","13-Sep-2024","2800000","19-Feb-2025"
"2716","Normal/Others","WS/MP429/2024-2025/140677-Construction of community centers and community halls","Chhattisgarh","Gaurela-Pendra-Marwahi(Collector GPM_IDA)","Jyotsna Charandas Mahant","KORBA","Samudayik Bhawan Construction at Sadak Para, Gram Panchayat - Amarpur, Vikas Khand - Pedra","13-Sep-2024","499839","25-Oct-2024"
"2717","Normal/Others","WS/MP429/2024-2025/140678-Construction of common work sheds/ common covered sitting area","Chhattisgarh","Gaurela-Pendra-Marwahi(Collector GPM_IDA)","Jyotsna Charandas Mahant","KORBA","Construction of Shed near Bus Stand Chowk, Kudri. Gram Panchayat - Kudri, Vikas Khand - Kudri","13-Sep-2024","400000","21-Oct-2024"
"2718","Normal/Others","WS/MP18023/2024-2025/140680-Construction of roads, link roads, pathways or any other road with or without drainage system","Assam","GOALPARA(Deputy Commissioner Goalpara_IDA)","BIJULI KALITA MEDHI","GUWAHATI","Construction of road from Harimura bazar to Bijay Hajong house at Patalpur, Matia","13-Sep-2024","2500000","19-Feb-2025"
"2719","Normal/Others","WS/MP429/2024-2025/140681-Construction of common work sheds/ common covered sitting area","Chhattisgarh","Gaurela-Pendra-Marwahi(Collector GPM_IDA)","Jyotsna Charandas Mahant","KORBA","Shed construction at Ramgarh in Ghatbahra. Gram Panchayat - Ghatbahra, Janpad - Pendra","13-Sep-2024","200000","20-Nov-2024"
"2720","Normal/Others","WS/MP429/2024-2025/140682-Construction of common work sheds/ common covered sitting area","Chhattisgarh","Gaurela-Pendra-Marwahi(Collector GPM_IDA)","Jyotsna Charandas Mahant","KORBA","Shed construction at Gram Panchayat Damdam, Janpad - Pendra","13-Sep-2024","200000","25-Oct-2024"
"2721","Normal/Others","WS/MP429/2024-2025/140683-Construction of common work sheds/ common covered sitting area","Chhattisgarh","Gaurela-Pendra-Marwahi(Collector GPM_IDA)","Jyotsna Charandas Mahant","KORBA","Shed construction at Gram Panchayat Deori Kalan, Janpad - Pendra","13-Sep-2024","199559","25-Oct-2024"
"2722","Normal/Others","WS/MP429/2024-2025/140684-Construction of common work sheds/ common covered sitting area","Chhattisgarh","Gaurela-Pendra-Marwahi(Collector GPM_IDA)","Jyotsna Charandas Mahant","KORBA","Shed construction in Gram Panchayat - Nawagaon, Janpad - Pendra","13-Sep-2024","199711","25-Oct-2024"
"2723","Normal/Others","WS/MP429/2024-2025/140685-Construction of common work sheds/ common covered sitting area","Chhattisgarh","Gaurela-Pendra-Marwahi(Collector GPM_IDA)","Jyotsna Charandas Mahant","KORBA","Shed construction at Gram Panchayat - Bamhani, Janpad - Pendra","13-Sep-2024","200000","20-Nov-2024"
"2724","Normal/Others","WS/MP429/2024-2025/140686-Construction of rooms and halls in school and colleges","Chhattisgarh","Gaurela-Pendra-Marwahi(Collector GPM_IDA)","Jyotsna Charandas Mahant","KORBA","Cultural stage construction at Girls School in Murmur. Gram Panchayat - Murmur, Janpad - Pendra","13-Sep-2024","250000","20-Nov-2024"
"2725","Normal/Others","WS/MP429/2024-2025/140687-Construction of common work sheds/ common covered sitting area","Chhattisgarh","Gaurela-Pendra-Marwahi(Collector GPM_IDA)","Jyotsna Charandas Mahant","KORBA","Shed construction in Gram Panchayat - Latkoni, Janpad - Pendra","13-Sep-2024","199651","25-Oct-2024"
"2726","Normal/Others","WS/MP18183/2024-2025/140692-Construction of community centers and community halls","Tamil Nadu","THANJAVUR(DISTRICT COLLECTOR THANJAVUR_IDA)","MURASOLI S","THANJAVUR","New PDS building work in Pudukudi panchayat, Kamachipuram, Boothalur","14-Sep-2024","1349637","28-Feb-2025"
"2727","Normal/Others","WS/MP18232/2024-2025/140694-Construction of roads, link roads, pathways or any other road with or without drainage system","Uttar Pradesh","MUZAFFARNAGAR(DISTRICT MAGISTRATE MUZAFFARNAGAR_IDA)","HARENDRA SINGH MALIK","MUZAFFARNAGAR","gram-chand samand, vikas khand- khatauli me sahkari samiti se veer singh ke makan tak 250 meter cc road ka nirman","14-Sep-2024","999000","18-Dec-2024"
"2728","Normal/Others","WS/MP18232/2024-2025/140695-Construction of roads, link roads, pathways or any other road with or without drainage system","Uttar Pradesh","MUZAFFARNAGAR(DISTRICT MAGISTRATE MUZAFFARNAGAR_IDA)","HARENDRA SINGH MALIK","MUZAFFARNAGAR","gram-amirnagar, block-baghra me mukhy sadak se idgah marg tak 250 meter khadanja ka nirman","14-Sep-2024","299000","18-Dec-2024"
"2729","Normal/Others","WS/MP18232/2024-2025/140696-Construction of roads, link roads, pathways or any other road with or without drainage system","Uttar Pradesh","MUZAFFARNAGAR(DISTRICT MAGISTRATE MUZAFFARNAGAR_IDA)","HARENDRA SINGH MALIK","MUZAFFARNAGAR","gram-rasulpur kailaura, vikas khand-khatauli me panchayat ghar se talab tak khadanja ka nirman 200 meter","14-Sep-2024","225000","18-Dec-2024"
"2730","Normal/Others","WS/MP18232/2024-2025/140697-Construction of roads, link roads, pathways or any other road with or without drainage system","Uttar Pradesh","MUZAFFARNAGAR(DISTRICT MAGISTRATE MUZAFFARNAGAR_IDA)","HARENDRA SINGH MALIK","MUZAFFARNAGAR","gram-nasirpur, vikas khand-budhana me mukhy marg se dr. subhash ke makan tak interlocking ka nirman 30 meter","14-Sep-2024","125000","18-Dec-2024"
"2731","Normal/Others","WS/MP18232/2024-2025/140698-Construction of roads, link roads, pathways or any other road with or without drainage system","Uttar Pradesh","MUZAFFARNAGAR(DISTRICT MAGISTRATE MUZAFFARNAGAR_IDA)","HARENDRA SINGH MALIK","MUZAFFARNAGAR","gram-barwala vikash khand-baghra me mukhy marg se ajit singh ki tube wel tak khadanja ka nirman 250meter","14-Sep-2024","299000","18-Dec-2024"
"2732","Normal/Others","WS/MP18232/2024-2025/140701-Construction of roads, link roads, pathways or any other road with or without drainage system","Uttar Pradesh","MUZAFFARNAGAR(DISTRICT MAGISTRATE MUZAFFARNAGAR_IDA)","HARENDRA SINGH MALIK","MUZAFFARNAGAR","gram-jaula, ward no-13, block-budhana, tehsil-budhana me mukhy marg se haji leela ke makan ki pulia tak cc road ka nirman 300 meter","14-Sep-2024","1198000","18-Dec-2024"
"2733","Normal/Others","WS/MP494/2024-2025/140709-Construction of roads, link roads, pathways or any other road with or without drainage system","Uttar Pradesh","ETAH(DISTRICT MAGISTRATE ETAH_IDA)","Prof SP Singh Baghel","AGRA(SC)","CC road in village sarayneem gram mirjapur sherpur from kant residence to mukesh house","16-Oct-2024","2498033","05-Dec-2024"
"2734","Normal/Others","WS/MP494/2024-2025/140710-Construction of roads, link roads, pathways or any other road with or without drainage system","Uttar Pradesh","ETAH(DISTRICT MAGISTRATE ETAH_IDA)","Prof SP Singh Baghel","AGRA(SC)","in block nidhauli village nagala khilla (natak ka nagala) dabar road to vinay kumar s/o chandra pal singh house","16-Oct-2024","761620","05-Dec-2024"
"2735","Normal/Others","NA-Construction of buildings for community cultural activities","Gujarat","Dahod(DISTRICT COLLECTOR DOHAD_IDA)","Jaswantsinh Sumanbhai Bhabhor","DAHOD(ST)","bavka game sarve number 454 ma samajghar nu kam","20-Sep-2024","2500000","NA"
"2736","Normal/Others","WS/MP577/2025-2026/140714-Construction of public irrigation facilities","Gujarat","Dahod(DISTRICT COLLECTOR DOHAD_IDA)","Jaswantsinh Sumanbhai Bhabhor","DAHOD(ST)","patwan game mavi  faliya sarvajanik kuva nu kam","20-Sep-2024","489000","04-Oct-2025"
"2737","Normal/Others","WS/MP577/2025-2026/140715-Construction of flood control embankments/ protection walls along riverbanks, hilltops, roadsides","Gujarat","Dahod(DISTRICT COLLECTOR DOHAD_IDA)","Jaswantsinh Sumanbhai Bhabhor","DAHOD(ST)","patwan game sarkari dukan thi ved faliya sudhi   gatar line nu kam","20-Sep-2024","478000","04-Oct-2025"
"2738","Normal/Others","WS/MP577/2025-2026/140716-Construction of roads, link roads, pathways or any other road with or without drainage system","Gujarat","Dahod(DISTRICT COLLECTOR DOHAD_IDA)","Jaswantsinh Sumanbhai Bhabhor","DAHOD(ST)","pipli game nishal faliyaa ma damar  rasta thi kotar sudhi no c.c.road nu kaam","20-Sep-2024","491262","04-Oct-2025"
"2739","Normal/Others","WS/MP577/2025-2026/140719-Construction of roads, link roads, pathways or any other road with or without drainage system","Gujarat","Dahod(DISTRICT COLLECTOR DOHAD_IDA)","Jaswantsinh Sumanbhai Bhabhor","DAHOD(ST)","jetpur (du) game petrol pump pase na mukhy rasta thi talav sudhi c.c.road nu kam","20-Sep-2024","491262","04-Oct-2025"
"2740","Normal/Others","WS/MP577/2026-2027/140720-Construction of flood control embankments/ protection walls along riverbanks, hilltops, roadsides","Gujarat","Dahod(DISTRICT COLLECTOR DOHAD_IDA)","Jaswantsinh Sumanbhai Bhabhor","DAHOD(ST)","dhanpur game bor chokadii faliya ma samuhik sinchai kuvanu kam","20-Sep-2024","300000","30-Jun-2026"
"2741","Normal/Others","NA-Construction of public irrigation facilities","Gujarat","Dahod(DISTRICT COLLECTOR DOHAD_IDA)","Jaswantsinh Sumanbhai Bhabhor","DAHOD(ST)","nagvav game patel faliya ma  samuhik kuva nu kam","20-Sep-2024","300000","NA"
"2742","Normal/Others","WS/MP18183/2024-2025/140722-Construction of community centers and community halls","Tamil Nadu","THANJAVUR(DISTRICT COLLECTOR THANJAVUR_IDA)","MURASOLI S","THANJAVUR","Construction of new PDS building in Muthalsheri Panchayat, Pattukottai","14-Sep-2024","1325463","06-Feb-2025"
"2743","Normal/Others","WS/MP18183/2025-2026/140746-Construction of community centers and community halls","Tamil Nadu","THANJAVUR(DISTRICT COLLECTOR THANJAVUR_IDA)","MURASOLI S","THANJAVUR","Construction of New PDS Building  Perumal Koil Street, Pattukottai City,ward no 19","14-Sep-2024","1965000","09-Jun-2025"
"2744","Normal/Others","WS/MP18183/2024-2025/140747-Construction of community centers and community halls","Tamil Nadu","THANJAVUR(DISTRICT COLLECTOR THANJAVUR_IDA)","MURASOLI S","THANJAVUR","Construction of New PDS Building at Public Land, Kalaignar Nagar, Vilar Panchayat","14-Sep-2024","1309024","27-Feb-2025"
"2745","Normal/Others","WS/MP18183/2024-2025/140748-Construction of community centers and community halls","Tamil Nadu","THANJAVUR(DISTRICT COLLECTOR THANJAVUR_IDA)","MURASOLI S","THANJAVUR","Construction of new PDS building at Saraboji Nagar, Nilgiri Panchayat,thanjavur","14-Sep-2024","1303191","27-Feb-2025"
"2746","Normal/Others","WS/MP18183/2024-2025/140749-Construction of community centers and community halls","Tamil Nadu","THANJAVUR(DISTRICT COLLECTOR THANJAVUR_IDA)","MURASOLI S","THANJAVUR","Construction of New PDS Building at Vallam Municipality, Vallam South, ward no 8, Thanjavur","14-Sep-2024","1360000","27-Feb-2025"
"2747","Normal/Others","WS/MP577/2024-2025/140752-Construction of public irrigation facilities","Gujarat","Dahod(DISTRICT COLLECTOR DOHAD_IDA)","Jaswantsinh Sumanbhai Bhabhor","DAHOD(ST)","nisarta gamdi game surpur faliya ma sarvajnik kuva nu kam","20-Sep-2024","400000","08-Jan-2025"
"2748","Normal/Others","WS/MP577/2024-2025/140753-Construction of public irrigation facilities","Gujarat","Dahod(DISTRICT COLLECTOR DOHAD_IDA)","Jaswantsinh Sumanbhai Bhabhor","DAHOD(ST)","nisarta gamdi game nisarta faliya ma sarvajnik kuva nu kam","20-Sep-2024","400000","08-Jan-2025"
"2749","Normal/Others","WS/MP577/2024-2025/140754-Construction of public irrigation facilities","Gujarat","Dahod(DISTRICT COLLECTOR DOHAD_IDA)","Jaswantsinh Sumanbhai Bhabhor","DAHOD(ST)","gamdi game bhuriya faliya ma samuhik kuva nu kam","20-Sep-2024","400000","16-Mar-2025"
"2750","Normal/Others","WS/MP577/2024-2025/140755-Construction of public irrigation facilities","Gujarat","Dahod(DISTRICT COLLECTOR DOHAD_IDA)","Jaswantsinh Sumanbhai Bhabhor","DAHOD(ST)","gamdi game katara faliya ma samuhik kuva nu kam","20-Sep-2024","400000","16-Mar-2025"
"2751","Normal/Others","WS/MP577/2024-2025/140756-Construction of public irrigation facilities","Gujarat","Dahod(DISTRICT COLLECTOR DOHAD_IDA)","Jaswantsinh Sumanbhai Bhabhor","DAHOD(ST)","gamdi purv game vhora  faliya ma sarvjanik kuva nu kam","20-Sep-2024","400000","08-Jan-2025"
"2752","Normal/Others","WS/MP577/2024-2025/140757-Construction of public irrigation facilities","Gujarat","Dahod(DISTRICT COLLECTOR DOHAD_IDA)","Jaswantsinh Sumanbhai Bhabhor","DAHOD(ST)","gamdi purv game mota dhara faliya ma sarvajanik kuva nu kam","20-Sep-2024","379000","08-Jan-2025"
"2753","Normal/Others","WS/MP577/2024-2025/140758-Construction of public irrigation facilities","Gujarat","Dahod(DISTRICT COLLECTOR DOHAD_IDA)","Jaswantsinh Sumanbhai Bhabhor","DAHOD(ST)","raypura game   talav    faliya ma sarvajnik kuva nu kam","20-Sep-2024","400000","08-Jan-2025"
"2754","Normal/Others","WS/MP577/2024-2025/140759-Construction of roads, link roads, pathways or any other road with or without drainage system","Gujarat","Dahod(DISTRICT COLLECTOR DOHAD_IDA)","Jaswantsinh Sumanbhai Bhabhor","DAHOD(ST)","gamdi game mukhy rasta thi katara faliya sudhi C.C.ROAD NU KAM","20-Sep-2024","249400","08-Jan-2025"
"2755","Normal/Others","WS/MP577/2024-2025/140760-Construction of roads, link roads, pathways or any other road with or without drainage system","Gujarat","Dahod(DISTRICT COLLECTOR DOHAD_IDA)","Jaswantsinh Sumanbhai Bhabhor","DAHOD(ST)","GAMADI PURV GAME DAMOR RAMANBHAI MAGANBHAI NA GHAR THI  RAYPUR FATAK NE JODTA C.C.ROAD NU KAM","20-Sep-2024","249000","08-Jan-2025"
"2756","Normal/Others","WS/MP577/2024-2025/140761-Construction of flood control embankments/ protection walls along riverbanks, hilltops, roadsides","Gujarat","Dahod(DISTRICT COLLECTOR DOHAD_IDA)","Jaswantsinh Sumanbhai Bhabhor","DAHOD(ST)","NISARTA GAMDI GAME NISARTA FALIYA NA KOTAR PAR JAHER HITARTHE SANRKSHAN DIWAL NU KAM","20-Sep-2024","400000","16-Mar-2025"
"2757","Normal/Others","WS/MP577/2024-2025/140762-Construction of flood control embankments/ protection walls along riverbanks, hilltops, roadsides","Gujarat","Dahod(DISTRICT COLLECTOR DOHAD_IDA)","Jaswantsinh Sumanbhai Bhabhor","DAHOD(ST)","GAMDI GAME TALAV PAR JATA SARKARI KOTAR PAR  JAHER HITARTHE SANRKSHAN DIWAL NU KAM","20-Sep-2024","250000","16-Mar-2025"
"2758","Normal/Others","WS/MP577/2024-2025/140763-Construction of flood control embankments/ protection walls along riverbanks, hilltops, roadsides","Gujarat","Dahod(DISTRICT COLLECTOR DOHAD_IDA)","Jaswantsinh Sumanbhai Bhabhor","DAHOD(ST)","GAMDI GAME DEVAL FALIYA MA JATA SARKARI KOTAR PAR JAHER HITARTHE SANRKSHAN DIWAL NU KAM","20-Sep-2024","250000","16-Mar-2025"
"2759","Normal/Others","WS/MP577/2024-2025/140764-Providing drains and gutters for public drainage","Gujarat","Dahod(DISTRICT COLLECTOR DOHAD_IDA)","Jaswantsinh Sumanbhai Bhabhor","DAHOD(ST)","GAMDI GAME MALI FALIYA THI MAKVANA FALIYANE JODTA RASTA PAR TRAN HARNA NALANU KAM","20-Sep-2024","237500","08-Jan-2025"
"2760","Normal/Others","WS/MP18183/2024-2025/140765-Construction of community centers and community halls","Tamil Nadu","THANJAVUR(DISTRICT COLLECTOR THANJAVUR_IDA)","MURASOLI S","THANJAVUR","Construction of new PDS building at Kannukudi South in Kannukudi West Panchayat,orathanadu","14-Sep-2024","1349747","27-Feb-2025"
"2761","Normal/Others","WS/MP18183/2024-2025/140766-Construction of community centers and community halls","Tamil Nadu","THANJAVUR(DISTRICT COLLECTOR THANJAVUR_IDA)","MURASOLI S","THANJAVUR","construction new  PDS Building  in pudur Panchayat,orathanadu","14-Sep-2024","1348358","27-Feb-2025"
"2762","Normal/Others","WS/MP18183/2024-2025/140767-Construction of community centers and community halls","Tamil Nadu","THANJAVUR(DISTRICT COLLECTOR THANJAVUR_IDA)","MURASOLI S","THANJAVUR","construction new PDS Building  in Thennamanadu Panchayat,orathanadu","14-Sep-2024","1349388","27-Feb-2025"
"2763","Normal/Others","WS/MP18183/2024-2025/140768-Construction of community centers and community halls","Tamil Nadu","THANJAVUR(DISTRICT COLLECTOR THANJAVUR_IDA)","MURASOLI S","THANJAVUR","Construction New PDS Building  at Neivasal Panchayat, Orathanadu","14-Sep-2024","1349703","27-Feb-2025"
"2764","Normal/Others","WS/MP18183/2024-2025/140770-Construction of community centers and community halls","Tamil Nadu","THANJAVUR(DISTRICT COLLECTOR THANJAVUR_IDA)","MURASOLI S","THANJAVUR","Construction of New PDS Building at Periyakottai Panchayat, Periyakottai, madhukur","14-Sep-2024","1349348","22-Feb-2025"
"2765","Normal/Others","WS/MP18183/2024-2025/140772-Construction of community centers and community halls","Tamil Nadu","THIRUVARUR(DISTRICT COLLECTOR THIRUVARUR_IDA)","MURASOLI S","THANJAVUR","Construction of New PDS Building in Thenparai Panchayat,mannargudi,thiruvarur","14-Sep-2024","1186136","18-Feb-2025"
"2766","Normal/Others","WS/MP18183/2025-2026/140773-Construction of community centers and community halls","Tamil Nadu","THIRUVARUR(DISTRICT COLLECTOR THIRUVARUR_IDA)","MURASOLI S","THANJAVUR","Construction of New PDS Building at Bamani in Karnavur Panchayat,mannargudi,thiruvarur","14-Sep-2024","1347131","19-Jun-2025"
"2767","Normal/Others","WS/MP18183/2025-2026/140774-Construction of New Building","Tamil Nadu","THIRUVARUR(DISTRICT COLLECTOR THIRUVARUR_IDA)","MURASOLI S","THANJAVUR","Construction of New PDS Building at Co-operative Society Complex in Paravakottai ,mannargudi,thiruvarurPanchayat, pattukkotai","14-Sep-2024","1348370","25-Jul-2025"
"2768","Normal/Others","WS/MP18183/2025-2026/140775-Construction of community centers and community halls","Tamil Nadu","THIRUVARUR(DISTRICT COLLECTOR THIRUVARUR_IDA)","MURASOLI S","THANJAVUR","Construction of New PDS Building in Pullavarayan kudikadu Panchayat,needamangalam, mannargudi","14-Sep-2024","1308423","30-Jul-2025"
"2769","Normal/Others","WS/MP577/2024-2025/140777-Providing drains and gutters for public drainage","Gujarat","Dahod(DISTRICT COLLECTOR DOHAD_IDA)","Jaswantsinh Sumanbhai Bhabhor","DAHOD(ST)","GAMDI PURV GAME MAL NE JODTA RASTA PAR BE HARNA NALA NU KAM","20-Sep-2024","250000","08-Jan-2025"
"2770","Normal/Others","WS/MP577/2024-2025/140778-Construction of flood control embankments/ protection walls along riverbanks, hilltops, roadsides","Gujarat","Dahod(DISTRICT COLLECTOR DOHAD_IDA)","Jaswantsinh Sumanbhai Bhabhor","DAHOD(ST)","GAMDI PURV GAME GARASIYA FALIYA NE JODTA (DOLARA) KOTAR PAR SANRAKSHAN DIWAL NU KAM","20-Sep-2024","290000","08-Jan-2025"
"2771","Normal/Others","WS/MP577/2024-2025/140779-Construction of flood control embankments/ protection walls along riverbanks, hilltops, roadsides","Gujarat","Dahod(DISTRICT COLLECTOR DOHAD_IDA)","Jaswantsinh Sumanbhai Bhabhor","DAHOD(ST)","GAMDI PURV GAME GANGAJALIYA KOTAR PAR SANRKSHAN DIWAL NU KAM","20-Sep-2024","242900","16-Mar-2025"
"2772","Normal/Others","WS/MP577/2024-2025/140780-Construction of roads, link roads, pathways or any other road with or without drainage system","Gujarat","Dahod(DISTRICT COLLECTOR DOHAD_IDA)","Jaswantsinh Sumanbhai Bhabhor","DAHOD(ST)","GAMDI PURV GAME MUKHY PRATHMIK SHALA THI GUNG TALAI THI DAMOR FALIYA SUDHI C.C.ROAD NU KAM 500 MTR","20-Sep-2024","495000","16-Mar-2025"
"2773","Normal/Others","WS/MP577/2024-2025/140781-Construction of roads, link roads, pathways or any other road with or without drainage system","Gujarat","Dahod(DISTRICT COLLECTOR DOHAD_IDA)","Jaswantsinh Sumanbhai Bhabhor","DAHOD(ST)","GAMDI PURV GAME RAYPURA MUKHY RASTA THI BHABHOR FALIYA 500 MTR C.C.ROAD NU KAM","20-Sep-2024","500000","16-Mar-2025"
"2774","Normal/Others","WS/MP577/2025-2026/140782-Construction of public irrigation facilities","Gujarat","Dahod(DISTRICT COLLECTOR DOHAD_IDA)","Jaswantsinh Sumanbhai Bhabhor","DAHOD(ST)","DHAVADIHYA GAME BHABHOR FALIYA MA SARVAJANIK KUVA NU KAM","20-Sep-2024","300000","11-Apr-2025"
"2775","Normal/Others","WS/MP577/2024-2025/140783-Construction of roads, link roads, pathways or any other road with or without drainage system","Gujarat","Dahod(DISTRICT COLLECTOR DOHAD_IDA)","Jaswantsinh Sumanbhai Bhabhor","DAHOD(ST)","CHHANSIYA GAME MUKHY RASTA THI SUVAR VALUBHAINA GHAR SUDHI C.C.ROAD NU KAM","20-Sep-2024","242600","08-Jan-2025"
"2776","Normal/Others","WS/MP577/2024-2025/140784-Construction of roads, link roads, pathways or any other road with or without drainage system","Gujarat","Dahod(DISTRICT COLLECTOR DOHAD_IDA)","Jaswantsinh Sumanbhai Bhabhor","DAHOD(ST)","RAYPUR GAME DINDOR FALIYA MA C.C.ROAD NU KAM","20-Sep-2024","245800","08-Jan-2025"
"2777","Normal/Others","WS/MP577/2024-2025/140786-Construction of roads, link roads, pathways or any other road with or without drainage system","Gujarat","Dahod(DISTRICT COLLECTOR DOHAD_IDA)","Jaswantsinh Sumanbhai Bhabhor","DAHOD(ST)","GAMDI GAME POST FALIYATHI MAKVANA FALIYA NE JODTA RASTA PAR TRAN HAR NALA NU KAM","20-Sep-2024","250000","08-Jan-2025"
"2778","Normal/Others","WS/MP18076/2025-2026/140804-Construction of New Building","Karnataka","Bengaluru South(DEPUTY COMMISSIONER RAMANAGARA_IDA)","DR C N MANJUNATH","BANGALORE RURAL","Construction of New Building, Vividhodesha Prarthamika Grameena Krushi Sahakara Sangha at Thagachakere Village, Kasaba Hobli, Channapatana Taluk, Ramanagara Disrtrict.","14-Sep-2024","1000000","15-May-2025"
"2779","Normal/Others","WS/MP18221/2025-2026/140813-Lighting of public spaces","Uttar Pradesh","JALAUN(DISTRICT MAGISTRATE JALAUN_IDA)","NARAYAN DAS AHIRWAR","JALAUN(SC)","MS Pole with LED semi High mast Light","14-Sep-2024","243000","05-Jun-2025"
"2780","Normal/Others","WS/MP18221/2025-2026/140814-Lighting of public spaces","Uttar Pradesh","JALAUN(DISTRICT MAGISTRATE JALAUN_IDA)","NARAYAN DAS AHIRWAR","JALAUN(SC)","MS Pole with LED semi High mast Light","14-Sep-2024","243000","05-Jun-2025"
"2781","Normal/Others","WS/MP18221/2025-2026/140815-Lighting of public spaces","Uttar Pradesh","JALAUN(DISTRICT MAGISTRATE JALAUN_IDA)","NARAYAN DAS AHIRWAR","JALAUN(SC)","MS Pole with LED semi High mast Light","14-Sep-2024","243000","05-Jun-2025"
"2782","Normal/Others","WS/MP18221/2025-2026/140816-Lighting of public spaces","Uttar Pradesh","JALAUN(DISTRICT MAGISTRATE JALAUN_IDA)","NARAYAN DAS AHIRWAR","JALAUN(SC)","MS Pole with LED semi High mast Light","14-Sep-2024","243000","05-Jun-2025"
"2783","Normal/Others","WS/MP18221/2025-2026/140817-Lighting of public spaces","Uttar Pradesh","JALAUN(DISTRICT MAGISTRATE JALAUN_IDA)","NARAYAN DAS AHIRWAR","JALAUN(SC)","MS Pole with LED semi High mast Light","14-Sep-2024","243000","05-Jun-2025"
"2784","Normal/Others","WS/MP18221/2025-2026/140818-Lighting of public spaces","Uttar Pradesh","JALAUN(DISTRICT MAGISTRATE JALAUN_IDA)","NARAYAN DAS AHIRWAR","JALAUN(SC)","MS Pole with LED semi High mast Light","14-Sep-2024","243000","05-Jun-2025"
"2785","Normal/Others","WS/MP18221/2025-2026/140819-Lighting of public spaces","Uttar Pradesh","JALAUN(DISTRICT MAGISTRATE JALAUN_IDA)","NARAYAN DAS AHIRWAR","JALAUN(SC)","MS Pole with LED semi High mast Light","14-Sep-2024","243000","05-Jun-2025"
"2786","Normal/Others","WS/MP18221/2025-2026/140820-Lighting of public spaces","Uttar Pradesh","JALAUN(DISTRICT MAGISTRATE JALAUN_IDA)","NARAYAN DAS AHIRWAR","JALAUN(SC)","MS Pole with LED semi High mast Light","14-Sep-2024","243000","05-Jun-2025"
"2787","Normal/Others","WS/MP18221/2025-2026/140821-Lighting of public spaces","Uttar Pradesh","JALAUN(DISTRICT MAGISTRATE JALAUN_IDA)","NARAYAN DAS AHIRWAR","JALAUN(SC)","MS Pole with LED semi High mast Light","14-Sep-2024","243000","05-Jun-2025"
"2788","Normal/Others","WS/MP18221/2025-2026/140822-Lighting of public spaces","Uttar Pradesh","JALAUN(DISTRICT MAGISTRATE JALAUN_IDA)","NARAYAN DAS AHIRWAR","JALAUN(SC)","MS Pole with LED semi High mast Light","14-Sep-2024","243000","05-Jun-2025"
"2789","Normal/Others","WS/MP18221/2025-2026/140824-Lighting of public spaces","Uttar Pradesh","JALAUN(DISTRICT MAGISTRATE JALAUN_IDA)","NARAYAN DAS AHIRWAR","JALAUN(SC)","MS Pole with LED semi High Mast Light","14-Sep-2024","243000","05-Jun-2025"
"2790","Normal/Others","WS/MP18221/2025-2026/140825-Lighting of public spaces","Uttar Pradesh","JALAUN(DISTRICT MAGISTRATE JALAUN_IDA)","NARAYAN DAS AHIRWAR","JALAUN(SC)","MS Pole with LED semi High Mast Light","14-Sep-2024","243000","05-Jun-2025"
"2791","Normal/Others","WS/MP18221/2025-2026/140826-Lighting of public spaces","Uttar Pradesh","JALAUN(DISTRICT MAGISTRATE JALAUN_IDA)","NARAYAN DAS AHIRWAR","JALAUN(SC)","MS Pole with LED semi High Mast Light","14-Sep-2024","243000","05-Jun-2025"
"2792","Normal/Others","WS/MP18221/2025-2026/140827-Lighting of public spaces","Uttar Pradesh","JALAUN(DISTRICT MAGISTRATE JALAUN_IDA)","NARAYAN DAS AHIRWAR","JALAUN(SC)","MS Pole with LED semi High Mast Light","14-Sep-2024","243000","05-Jun-2025"
"2793","Normal/Others","WS/MP18221/2025-2026/140828-Lighting of public spaces","Uttar Pradesh","JALAUN(DISTRICT MAGISTRATE JALAUN_IDA)","NARAYAN DAS AHIRWAR","JALAUN(SC)","MS Pole with LED semi High Mast Light","14-Sep-2024","243000","05-Jun-2025"
"2794","Normal/Others","WS/MP18221/2025-2026/140829-Lighting of public spaces","Uttar Pradesh","JALAUN(DISTRICT MAGISTRATE JALAUN_IDA)","NARAYAN DAS AHIRWAR","JALAUN(SC)","MS Pole with LED semi High Mast Light","14-Sep-2024","243000","05-Jun-2025"
"2795","Normal/Others","WS/MP18221/2025-2026/140830-Lighting of public spaces","Uttar Pradesh","JALAUN(DISTRICT MAGISTRATE JALAUN_IDA)","NARAYAN DAS AHIRWAR","JALAUN(SC)","MS Pole with LED semi High Mast Light","14-Sep-2024","243000","05-Jun-2025"
"2796","Normal/Others","WS/MP18221/2025-2026/140831-Lighting of public spaces","Uttar Pradesh","JALAUN(DISTRICT MAGISTRATE JALAUN_IDA)","NARAYAN DAS AHIRWAR","JALAUN(SC)","MS Pole with LED semi High Mast Light","14-Sep-2024","243000","13-Jun-2025"
"2797","Normal/Others","WS/MP18221/2025-2026/140832-Lighting of public spaces","Uttar Pradesh","JALAUN(DISTRICT MAGISTRATE JALAUN_IDA)","NARAYAN DAS AHIRWAR","JALAUN(SC)","MS Pole with LED semi High Mast Light","14-Sep-2024","243000","05-Jun-2025"
"2798","Normal/Others","WS/MP18221/2025-2026/140833-Lighting of public spaces","Uttar Pradesh","JALAUN(DISTRICT MAGISTRATE JALAUN_IDA)","NARAYAN DAS AHIRWAR","JALAUN(SC)","MS Pole with LED semi High Mast Light","14-Sep-2024","243000","05-Jun-2025"
"2799","Normal/Others","WS/MP18221/2025-2026/140845-Lighting of public spaces","Uttar Pradesh","JALAUN(DISTRICT MAGISTRATE JALAUN_IDA)","NARAYAN DAS AHIRWAR","JALAUN(SC)","MS Pole with LED semi High Mast Light","15-Sep-2024","243000","05-Jun-2025"
"2800","Normal/Others","WS/MP18221/2025-2026/140846-Lighting of public spaces","Uttar Pradesh","JALAUN(DISTRICT MAGISTRATE JALAUN_IDA)","NARAYAN DAS AHIRWAR","JALAUN(SC)","MS Pole with LED semi High Mast Light","15-Sep-2024","243000","05-Jun-2025"
"2801","Normal/Others","WS/MP18221/2025-2026/140850-Lighting of public spaces","Uttar Pradesh","JALAUN(DISTRICT MAGISTRATE JALAUN_IDA)","NARAYAN DAS AHIRWAR","JALAUN(SC)","MS Pole with LED semi High Mast Light","15-Sep-2024","243000","05-Jun-2025"
"2802","Normal/Others","WS/MP18221/2025-2026/140851-Lighting of public spaces","Uttar Pradesh","JALAUN(DISTRICT MAGISTRATE JALAUN_IDA)","NARAYAN DAS AHIRWAR","JALAUN(SC)","MS Pole with LED semi High Mast Light","15-Sep-2024","243000","05-Jun-2025"
"2803","Normal/Others","WS/MP18221/2025-2026/140852-Lighting of public spaces","Uttar Pradesh","JALAUN(DISTRICT MAGISTRATE JALAUN_IDA)","NARAYAN DAS AHIRWAR","JALAUN(SC)","MS Pole with LED semi High Mast Light","15-Sep-2024","243000","05-Jun-2025"
"2804","Normal/Others","WS/MP18221/2025-2026/140853-Lighting of public spaces","Uttar Pradesh","JALAUN(DISTRICT MAGISTRATE JALAUN_IDA)","NARAYAN DAS AHIRWAR","JALAUN(SC)","MS Pole with LED semi High Mast Light","15-Sep-2024","243000","05-Jun-2025"
"2805","Normal/Others","WS/MP18221/2025-2026/140854-Lighting of public spaces","Uttar Pradesh","JALAUN(DISTRICT MAGISTRATE JALAUN_IDA)","NARAYAN DAS AHIRWAR","JALAUN(SC)","MS Pole with LED semi High Mast Light","15-Sep-2024","243000","05-Jun-2025"
"2806","Normal/Others","WS/MP18221/2025-2026/140855-Lighting of public spaces","Uttar Pradesh","JALAUN(DISTRICT MAGISTRATE JALAUN_IDA)","NARAYAN DAS AHIRWAR","JALAUN(SC)","MS Pole with LED semi High Mast Light","15-Sep-2024","243000","05-Jun-2025"
"2807","Normal/Others","WS/MP18221/2025-2026/140856-Lighting of public spaces","Uttar Pradesh","JALAUN(DISTRICT MAGISTRATE JALAUN_IDA)","NARAYAN DAS AHIRWAR","JALAUN(SC)","MS Pole with LED semi High Mast Light","15-Sep-2024","243000","05-Jun-2025"
"2808","Normal/Others","WS/MP18221/2025-2026/140857-Lighting of public spaces","Uttar Pradesh","JALAUN(DISTRICT MAGISTRATE JALAUN_IDA)","NARAYAN DAS AHIRWAR","JALAUN(SC)","MS Pole with LED semi High Mast Light","15-Sep-2024","243000","05-Jun-2025"
"2809","Normal/Others","WS/MP313/2024-2025/140862-Construction of public irrigation facilities","Arunachal Pradesh","EAST SIANG(Deputy Commisioner East Siang_IDA)","Shri Tapir Gao","ARUNACHAL EAST","C/o MIC at Sille Nallah & culvert at Jia Sika in East Siang District","15-Sep-2024","1000000","05-Feb-2025"
"2810","Normal/Others","WS/MP18221/2025-2026/140863-Lighting of public spaces","Uttar Pradesh","JALAUN(DISTRICT MAGISTRATE JALAUN_IDA)","NARAYAN DAS AHIRWAR","JALAUN(SC)","MS Pole with LED semi High Mast Light","15-Sep-2024","243000","05-Jun-2025"
"2811","Normal/Others","WS/MP18221/2025-2026/140864-Lighting of public spaces","Uttar Pradesh","JALAUN(DISTRICT MAGISTRATE JALAUN_IDA)","NARAYAN DAS AHIRWAR","JALAUN(SC)","MS Pole with LED semi High Mast Light","15-Sep-2024","243000","05-Jun-2025"
"2812","Normal/Others","WS/MP18221/2025-2026/140865-Lighting of public spaces","Uttar Pradesh","JALAUN(DISTRICT MAGISTRATE JALAUN_IDA)","NARAYAN DAS AHIRWAR","JALAUN(SC)","MS Pole with LED semi High Mast Light","15-Sep-2024","243000","05-Jun-2025"
"2813","Normal/Others","WS/MP18221/2025-2026/140866-Lighting of public spaces","Uttar Pradesh","JALAUN(DISTRICT MAGISTRATE JALAUN_IDA)","NARAYAN DAS AHIRWAR","JALAUN(SC)","MS Pole with LED semi High Mast Light","15-Sep-2024","243000","05-Jun-2025"
"2814","Normal/Others","WS/MP18221/2025-2026/140867-Lighting of public spaces","Uttar Pradesh","JALAUN(DISTRICT MAGISTRATE JALAUN_IDA)","NARAYAN DAS AHIRWAR","JALAUN(SC)","MS Pole with LED semi High Mast Light","15-Sep-2024","243000","05-Jun-2025"
"2815","Normal/Others","WS/MP18221/2025-2026/140868-Lighting of public spaces","Uttar Pradesh","JALAUN(DISTRICT MAGISTRATE JALAUN_IDA)","NARAYAN DAS AHIRWAR","JALAUN(SC)","MS Pole with LED semi High Mast Light","15-Sep-2024","243000","05-Jun-2025"
"2816","Normal/Others","WS/MP18221/2025-2026/140869-Lighting of public spaces","Uttar Pradesh","JALAUN(DISTRICT MAGISTRATE JALAUN_IDA)","NARAYAN DAS AHIRWAR","JALAUN(SC)","MS Pole with LED semi High Mast Light","15-Sep-2024","243000","05-Jun-2025"
"2817","Normal/Others","WS/MP18221/2025-2026/140870-Lighting of public spaces","Uttar Pradesh","JALAUN(DISTRICT MAGISTRATE JALAUN_IDA)","NARAYAN DAS AHIRWAR","JALAUN(SC)","MS Pole with LED semi High Mast Light","15-Sep-2024","243000","05-Jun-2025"
"2818","Normal/Others","WS/MP18221/2025-2026/140871-Lighting of public spaces","Uttar Pradesh","JALAUN(DISTRICT MAGISTRATE JALAUN_IDA)","NARAYAN DAS AHIRWAR","JALAUN(SC)","MS Pole with LED semi High Mast Light","15-Sep-2024","243000","05-Jun-2025"
"2819","Normal/Others","WS/MP18221/2025-2026/140872-Lighting of public spaces","Uttar Pradesh","JALAUN(DISTRICT MAGISTRATE JALAUN_IDA)","NARAYAN DAS AHIRWAR","JALAUN(SC)","MS Pole with LED semi High Mast Light","15-Sep-2024","243000","05-Jun-2025"
"2820","Normal/Others","WS/MP313/2024-2025/140877-Construction of culverts and bridges","Arunachal Pradesh","LOWER DIBANG VALLEY(Deputy Commisioner Lower Dibang Valley_IDA)","Shri Tapir Gao","ARUNACHAL EAST","C/o Culvert (2 nos) at Paglam Village in Lower Dibang Valley District","14-Sep-2024","600000","25-Nov-2024"
"2821","Normal/Others","WS/MP313/2024-2025/140878-Construction of roads, link roads, pathways or any other road with or without drainage system","Arunachal Pradesh","LOWER DIBANG VALLEY(Deputy Commisioner Lower Dibang Valley_IDA)","Shri Tapir Gao","ARUNACHAL EAST","C/o RLR at Ekisang Village in Lower Dibang Valley District","14-Sep-2024","1000000","23-Oct-2024"
"2822","Normal/Others","WS/MP18221/2025-2026/140879-Lighting of public spaces","Uttar Pradesh","JALAUN(DISTRICT MAGISTRATE JALAUN_IDA)","NARAYAN DAS AHIRWAR","JALAUN(SC)","MS Pole with LED semi High Mast Light","15-Sep-2024","243000","05-Jun-2025"
"2823","Normal/Others","WS/MP18221/2025-2026/140880-Lighting of public spaces","Uttar Pradesh","JALAUN(DISTRICT MAGISTRATE JALAUN_IDA)","NARAYAN DAS AHIRWAR","JALAUN(SC)","MS Pole with LED semi High Mast Light","15-Sep-2024","243000","05-Jun-2025"
"2824","Normal/Others","WS/MP18221/2025-2026/140881-Lighting of public spaces","Uttar Pradesh","JALAUN(DISTRICT MAGISTRATE JALAUN_IDA)","NARAYAN DAS AHIRWAR","JALAUN(SC)","MS Pole with LED semi High Mast Light","15-Sep-2024","243000","05-Jun-2025"
"2825","Normal/Others","WS/MP18221/2025-2026/140882-Lighting of public spaces","Uttar Pradesh","JALAUN(DISTRICT MAGISTRATE JALAUN_IDA)","NARAYAN DAS AHIRWAR","JALAUN(SC)","MS Pole with LED semi High Mast Light","15-Sep-2024","243000","05-Jun-2025"
"2826","Normal/Others","WS/MP18221/2025-2026/140883-Lighting of public spaces","Uttar Pradesh","JALAUN(DISTRICT MAGISTRATE JALAUN_IDA)","NARAYAN DAS AHIRWAR","JALAUN(SC)","MS Pole with LED semi High Mast Light","15-Sep-2024","243000","05-Jun-2025"
"2827","Normal/Others","WS/MP18221/2025-2026/140884-Lighting of public spaces","Uttar Pradesh","JALAUN(DISTRICT MAGISTRATE JALAUN_IDA)","NARAYAN DAS AHIRWAR","JALAUN(SC)","MS Pole with LED semi High Mast Light","15-Sep-2024","243000","05-Jun-2025"
"2828","Normal/Others","WS/MP18221/2025-2026/140885-Lighting of public spaces","Uttar Pradesh","JALAUN(DISTRICT MAGISTRATE JALAUN_IDA)","NARAYAN DAS AHIRWAR","JALAUN(SC)","MS Pole with LED semi High Mast Light","15-Sep-2024","243000","05-Jun-2025"
"2829","Normal/Others","WS/MP18221/2025-2026/140886-Lighting of public spaces","Uttar Pradesh","JALAUN(DISTRICT MAGISTRATE JALAUN_IDA)","NARAYAN DAS AHIRWAR","JALAUN(SC)","MS Pole with LED semi High Mast Light","15-Sep-2024","243000","05-Jun-2025"
"2830","Normal/Others","WS/MP18221/2025-2026/140887-Lighting of public spaces","Uttar Pradesh","JALAUN(DISTRICT MAGISTRATE JALAUN_IDA)","NARAYAN DAS AHIRWAR","JALAUN(SC)","MS Pole with LED semi High Mast Light","15-Sep-2024","243000","05-Jun-2025"
"2831","Normal/Others","WS/MP18221/2025-2026/140888-Lighting of public spaces","Uttar Pradesh","JALAUN(DISTRICT MAGISTRATE JALAUN_IDA)","NARAYAN DAS AHIRWAR","JALAUN(SC)","MS Pole with LED semi High Mast Light","15-Sep-2024","243000","05-Jun-2025"
"2832","Normal/Others","WS/MP313/2024-2025/140889-Construction of flood control embankments/ protection walls along riverbanks, hilltops, roadsides","Arunachal Pradesh","LOHIT(DEPUTY COMMISSIONER LOHIT_IDA)","Shri Tapir Gao","ARUNACHAL EAST","Flood protection work at Mawai Nallah in Lohit District","14-Sep-2024","1000000","04-Feb-2025"
"2833","Normal/Others","WS/MP313/2024-2025/140890-Construction of buildings for community cultural activities","Arunachal Pradesh","ANJAW(Deputy Commisioner Anjaw_IDA)","Shri Tapir Gao","ARUNACHAL EAST","Extension of Welcome Gate at Tidding in Anjaw District","14-Sep-2024","2000000","05-Feb-2025"
"2834","Normal/Others","WS/MP313/2024-2025/140891-Construction of culverts and bridges","Arunachal Pradesh","EAST SIANG(Deputy Commisioner East Siang_IDA)","Shri Tapir Gao","ARUNACHAL EAST","C/o Culvert at Lekong Nallah, Ralung in East Siang District","15-Sep-2024","1000000","05-Feb-2025"
"2835","Normal/Others","WS/MP313/2024-2025/140892-Construction of public irrigation facilities","Arunachal Pradesh","EAST SIANG(Deputy Commisioner East Siang_IDA)","Shri Tapir Gao","ARUNACHAL EAST","C/o MIC at Ledum Sika Nallah in East Siang District","15-Sep-2024","500000","12-Mar-2025"
"2836","Normal/Others","WS/MP18221/2025-2026/140893-Lighting of public spaces","Uttar Pradesh","JALAUN(DISTRICT MAGISTRATE JALAUN_IDA)","NARAYAN DAS AHIRWAR","JALAUN(SC)","MS Pole with LED semi High Mast Light","15-Sep-2024","243000","05-Jun-2025"
"2837","Normal/Others","WS/MP18221/2025-2026/140894-Lighting of public spaces","Uttar Pradesh","JALAUN(DISTRICT MAGISTRATE JALAUN_IDA)","NARAYAN DAS AHIRWAR","JALAUN(SC)","MS Pole with LED semi High Mast Light","15-Sep-2024","243000","05-Jun-2025"
"2838","Normal/Others","WS/MP18221/2025-2026/140895-Lighting of public spaces","Uttar Pradesh","JALAUN(DISTRICT MAGISTRATE JALAUN_IDA)","NARAYAN DAS AHIRWAR","JALAUN(SC)","MS Pole with LED semi High Mast Light","15-Sep-2024","243000","05-Jun-2025"
"2839","Normal/Others","WS/MP18221/2025-2026/140896-Lighting of public spaces","Uttar Pradesh","JALAUN(DISTRICT MAGISTRATE JALAUN_IDA)","NARAYAN DAS AHIRWAR","JALAUN(SC)","MS Pole with LED semi High Mast Light","15-Sep-2024","243000","05-Jun-2025"
"2840","Normal/Others","WS/MP18221/2025-2026/140897-Lighting of public spaces","Uttar Pradesh","JALAUN(DISTRICT MAGISTRATE JALAUN_IDA)","NARAYAN DAS AHIRWAR","JALAUN(SC)","MS Pole with LED semi High Mast Light","15-Sep-2024","243000","05-Jun-2025"
"2841","Normal/Others","WS/MP18221/2025-2026/140898-Lighting of public spaces","Uttar Pradesh","JALAUN(DISTRICT MAGISTRATE JALAUN_IDA)","NARAYAN DAS AHIRWAR","JALAUN(SC)","MS Pole with LED semi High Mast Light","15-Sep-2024","243000","05-Jun-2025"
"2842","Normal/Others","WS/MP18221/2025-2026/140899-Lighting of public spaces","Uttar Pradesh","JALAUN(DISTRICT MAGISTRATE JALAUN_IDA)","NARAYAN DAS AHIRWAR","JALAUN(SC)","MS Pole with LED semi High Mast Light","15-Sep-2024","243000","05-Jun-2025"
"2843","Normal/Others","WS/MP18221/2025-2026/140900-Lighting of public spaces","Uttar Pradesh","JALAUN(DISTRICT MAGISTRATE JALAUN_IDA)","NARAYAN DAS AHIRWAR","JALAUN(SC)","MS Pole with LED semi High Mast Light","15-Sep-2024","243000","05-Jun-2025"
"2844","Normal/Others","WS/MP18221/2025-2026/140901-Lighting of public spaces","Uttar Pradesh","JALAUN(DISTRICT MAGISTRATE JALAUN_IDA)","NARAYAN DAS AHIRWAR","JALAUN(SC)","MS Pole with LED semi High Mast Light","15-Sep-2024","243000","05-Jun-2025"
"2845","Normal/Others","WS/MP18221/2025-2026/140902-Lighting of public spaces","Uttar Pradesh","JALAUN(DISTRICT MAGISTRATE JALAUN_IDA)","NARAYAN DAS AHIRWAR","JALAUN(SC)","MS Pole with LED semi High Mast Light","15-Sep-2024","243000","05-Jun-2025"
"2846","Normal/Others","WS/MP313/2024-2025/140903-Construction of boundary walls of existing public and community buildings","Arunachal Pradesh","EAST SIANG(Deputy Commisioner East Siang_IDA)","Shri Tapir Gao","ARUNACHAL EAST","Protection Wall at LP School Ruksin Village in East Siang District","15-Sep-2024","1000000","05-Feb-2025"
"2847","Normal/Others","WS/MP313/2024-2025/140904-Construction of flood control embankments/ protection walls along riverbanks, hilltops, roadsides","Arunachal Pradesh","EAST SIANG(Deputy Commisioner East Siang_IDA)","Shri Tapir Gao","ARUNACHAL EAST","Protection work to protect cultivation field at Kumdum, Rayang Village in East Siang District","15-Sep-2024","1000000","05-Feb-2025"
"2848","Normal/Others","WS/MP18221/2025-2026/140905-Lighting of public spaces","Uttar Pradesh","JALAUN(DISTRICT MAGISTRATE JALAUN_IDA)","NARAYAN DAS AHIRWAR","JALAUN(SC)","MS Pole with LED semi High Mast Light","15-Sep-2024","243000","05-Jun-2025"
"2849","Normal/Others","WS/MP18221/2025-2026/140906-Lighting of public spaces","Uttar Pradesh","JALAUN(DISTRICT MAGISTRATE JALAUN_IDA)","NARAYAN DAS AHIRWAR","JALAUN(SC)","MS Pole with LED semi High Mast Light","15-Sep-2024","243000","05-Jun-2025"
"2850","Normal/Others","WS/MP18221/2025-2026/140907-Lighting of public spaces","Uttar Pradesh","JALAUN(DISTRICT MAGISTRATE JALAUN_IDA)","NARAYAN DAS AHIRWAR","JALAUN(SC)","MS Pole with LED semi High Mast Light","15-Sep-2024","243000","05-Jun-2025"
"2851","Normal/Others","WS/MP18221/2025-2026/140908-Lighting of public spaces","Uttar Pradesh","JALAUN(DISTRICT MAGISTRATE JALAUN_IDA)","NARAYAN DAS AHIRWAR","JALAUN(SC)","MS Pole with LED semi High Mast Light","15-Sep-2024","243000","05-Jun-2025"
"2852","Normal/Others","WS/MP18221/2025-2026/140909-Lighting of public spaces","Uttar Pradesh","JALAUN(DISTRICT MAGISTRATE JALAUN_IDA)","NARAYAN DAS AHIRWAR","JALAUN(SC)","MS Pole with LED semi High Mast Light","15-Sep-2024","243000","05-Jun-2025"
"2853","Normal/Others","WS/MP18221/2025-2026/140911-Lighting of public spaces","Uttar Pradesh","JALAUN(DISTRICT MAGISTRATE JALAUN_IDA)","NARAYAN DAS AHIRWAR","JALAUN(SC)","MS Pole with LED semi High Mast Light","15-Sep-2024","243000","05-Jun-2025"
"2854","Normal/Others","WS/MP18221/2025-2026/140912-Lighting of public spaces","Uttar Pradesh","JALAUN(DISTRICT MAGISTRATE JALAUN_IDA)","NARAYAN DAS AHIRWAR","JALAUN(SC)","MS Pole with LED semi High Mast Light","15-Sep-2024","243000","05-Jun-2025"
"2855","Normal/Others","WS/MP18221/2025-2026/140913-Lighting of public spaces","Uttar Pradesh","JALAUN(DISTRICT MAGISTRATE JALAUN_IDA)","NARAYAN DAS AHIRWAR","JALAUN(SC)","MS Pole with LED semi High Mast Light","15-Sep-2024","243000","05-Jun-2025"
"2856","Normal/Others","WS/MP18221/2025-2026/140914-Lighting of public spaces","Uttar Pradesh","JALAUN(DISTRICT MAGISTRATE JALAUN_IDA)","NARAYAN DAS AHIRWAR","JALAUN(SC)","MS Pole with LED semi High Mast Light","15-Sep-2024","243000","05-Jun-2025"
"2857","Normal/Others","WS/MP313/2024-2025/140915-Construction of public irrigation facilities","Arunachal Pradesh","EAST SIANG(Deputy Commisioner East Siang_IDA)","Shri Tapir Gao","ARUNACHAL EAST","C/o Irrigation Channel at WRC field Mirem Peneng in East Siang District","15-Sep-2024","500000","18-Feb-2025"
"2858","Normal/Others","WS/MP18221/2025-2026/140916-Lighting of public spaces","Uttar Pradesh","JALAUN(DISTRICT MAGISTRATE JALAUN_IDA)","NARAYAN DAS AHIRWAR","JALAUN(SC)","MS Pole with LED semi High Mast Light","15-Sep-2024","243000","05-Jun-2025"
"2859","Normal/Others","WS/MP18221/2025-2026/140917-Lighting of public spaces","Uttar Pradesh","JALAUN(DISTRICT MAGISTRATE JALAUN_IDA)","NARAYAN DAS AHIRWAR","JALAUN(SC)","MS Pole with LED semi High Mast Light","15-Sep-2024","243000","05-Jun-2025"
"2860","Normal/Others","WS/MP18221/2025-2026/140918-Lighting of public spaces","Uttar Pradesh","JALAUN(DISTRICT MAGISTRATE JALAUN_IDA)","NARAYAN DAS AHIRWAR","JALAUN(SC)","MS Pole with LED semi High Mast Light","15-Sep-2024","243000","05-Jun-2025"
"2861","Normal/Others","WS/MP18221/2025-2026/140919-Lighting of public spaces","Uttar Pradesh","JALAUN(DISTRICT MAGISTRATE JALAUN_IDA)","NARAYAN DAS AHIRWAR","JALAUN(SC)","MS Pole with LED semi High Mast Light","15-Sep-2024","243000","05-Jun-2025"
"2862","Normal/Others","WS/MP18221/2025-2026/140921-Lighting of public spaces","Uttar Pradesh","JALAUN(DISTRICT MAGISTRATE JALAUN_IDA)","NARAYAN DAS AHIRWAR","JALAUN(SC)","MS Pole with LED semi High Mast Light","15-Sep-2024","243000","05-Jun-2025"
"2863","Normal/Others","WS/MP18221/2025-2026/140922-Lighting of public spaces","Uttar Pradesh","JALAUN(DISTRICT MAGISTRATE JALAUN_IDA)","NARAYAN DAS AHIRWAR","JALAUN(SC)","MS Pole with LED semi High Mast Light","15-Sep-2024","243000","05-Jun-2025"
"2864","Normal/Others","WS/MP18221/2025-2026/140923-Lighting of public spaces","Uttar Pradesh","JALAUN(DISTRICT MAGISTRATE JALAUN_IDA)","NARAYAN DAS AHIRWAR","JALAUN(SC)","MS Pole with LED semi High Mast Light","15-Sep-2024","243000","05-Jun-2025"
"2865","Normal/Others","WS/MP18221/2025-2026/140924-Lighting of public spaces","Uttar Pradesh","JALAUN(DISTRICT MAGISTRATE JALAUN_IDA)","NARAYAN DAS AHIRWAR","JALAUN(SC)","MS Pole with LED semi High Mast Light","15-Sep-2024","243000","05-Jun-2025"
"2866","Normal/Others","WS/MP18221/2025-2026/140925-Lighting of public spaces","Uttar Pradesh","JALAUN(DISTRICT MAGISTRATE JALAUN_IDA)","NARAYAN DAS AHIRWAR","JALAUN(SC)","MS Pole with LED semi High Mast Light","15-Sep-2024","243000","05-Jun-2025"
"2867","Normal/Others","WS/MP18221/2025-2026/140926-Lighting of public spaces","Uttar Pradesh","JALAUN(DISTRICT MAGISTRATE JALAUN_IDA)","NARAYAN DAS AHIRWAR","JALAUN(SC)","MS pole with LED semi High Mast Light","15-Sep-2024","243000","05-Jun-2025"
"2868","Normal/Others","WS/MP18221/2025-2026/140927-Lighting of public spaces","Uttar Pradesh","JALAUN(DISTRICT MAGISTRATE JALAUN_IDA)","NARAYAN DAS AHIRWAR","JALAUN(SC)","MS pole with LED semi High Mast Light","15-Sep-2024","243000","05-Jun-2025"
"2869","Normal/Others","WS/MP18221/2025-2026/140928-Lighting of public spaces","Uttar Pradesh","JALAUN(DISTRICT MAGISTRATE JALAUN_IDA)","NARAYAN DAS AHIRWAR","JALAUN(SC)","MS pole with LED semi High Mast Light","15-Sep-2024","243000","05-Jun-2025"
"2870","Normal/Others","WS/MP18221/2025-2026/140929-Lighting of public spaces","Uttar Pradesh","JALAUN(DISTRICT MAGISTRATE JALAUN_IDA)","NARAYAN DAS AHIRWAR","JALAUN(SC)","MS pole with LED semi High Mast Light","15-Sep-2024","243000","05-Jun-2025"
"2871","Normal/Others","WS/MP18221/2025-2026/140930-Lighting of public spaces","Uttar Pradesh","JALAUN(DISTRICT MAGISTRATE JALAUN_IDA)","NARAYAN DAS AHIRWAR","JALAUN(SC)","MS pole with LED semi High Mast Light","15-Sep-2024","243000","05-Jun-2025"
"2872","Normal/Others","WS/MP18221/2025-2026/140931-Lighting of public spaces","Uttar Pradesh","JALAUN(DISTRICT MAGISTRATE JALAUN_IDA)","NARAYAN DAS AHIRWAR","JALAUN(SC)","MS pole with LED semi High Mast Light","15-Sep-2024","243000","05-Jun-2025"
"2873","Normal/Others","WS/MP18221/2025-2026/140932-Lighting of public spaces","Uttar Pradesh","JALAUN(DISTRICT MAGISTRATE JALAUN_IDA)","NARAYAN DAS AHIRWAR","JALAUN(SC)","MS pole with LED semi High Mast Light","15-Sep-2024","243000","05-Jun-2025"
"2874","Normal/Others","WS/MP18221/2025-2026/140933-Lighting of public spaces","Uttar Pradesh","JALAUN(DISTRICT MAGISTRATE JALAUN_IDA)","NARAYAN DAS AHIRWAR","JALAUN(SC)","MS pole with LED semi High Mast Light","15-Sep-2024","243000","06-Jun-2025"
"2875","Normal/Others","WS/MP18221/2025-2026/140934-Lighting of public spaces","Uttar Pradesh","JALAUN(DISTRICT MAGISTRATE JALAUN_IDA)","NARAYAN DAS AHIRWAR","JALAUN(SC)","MS pole with LED semi High Mast Light","15-Sep-2024","243000","05-Jun-2025"
"2876","Normal/Others","WS/MP18221/2025-2026/140935-Lighting of public spaces","Uttar Pradesh","JALAUN(DISTRICT MAGISTRATE JALAUN_IDA)","NARAYAN DAS AHIRWAR","JALAUN(SC)","MS pole with LED semi High Mast Light","15-Sep-2024","243000","05-Jun-2025"
"2877","Normal/Others","WS/MP18221/2025-2026/140936-Lighting of public spaces","Uttar Pradesh","JALAUN(DISTRICT MAGISTRATE JALAUN_IDA)","NARAYAN DAS AHIRWAR","JALAUN(SC)","MS Pole with LED Semi High Mast Light","15-Sep-2024","243000","06-Jun-2025"
"2878","Normal/Others","WS/MP18221/2025-2026/140937-Lighting of public spaces","Uttar Pradesh","JALAUN(DISTRICT MAGISTRATE JALAUN_IDA)","NARAYAN DAS AHIRWAR","JALAUN(SC)","MS Pole with LED Semi High Mast Light","15-Sep-2024","243000","06-Jun-2025"
"2879","Normal/Others","WS/MP18221/2025-2026/140938-Lighting of public spaces","Uttar Pradesh","JALAUN(DISTRICT MAGISTRATE JALAUN_IDA)","NARAYAN DAS AHIRWAR","JALAUN(SC)","MS Pole with LED Semi High Mast Light","15-Sep-2024","243000","06-Jun-2025"
"2880","Normal/Others","WS/MP18221/2025-2026/140939-Lighting of public spaces","Uttar Pradesh","JALAUN(DISTRICT MAGISTRATE JALAUN_IDA)","NARAYAN DAS AHIRWAR","JALAUN(SC)","MS Pole with LED Semi High Mast Light","15-Sep-2024","243000","06-Jun-2025"
"2881","Normal/Others","WS/MP18221/2025-2026/140940-Lighting of public spaces","Uttar Pradesh","JALAUN(DISTRICT MAGISTRATE JALAUN_IDA)","NARAYAN DAS AHIRWAR","JALAUN(SC)","MS Pole with LED Semi High Mast Light","15-Sep-2024","243000","06-Jun-2025"
"2882","Normal/Others","WS/MP18221/2025-2026/140941-Lighting of public spaces","Uttar Pradesh","JALAUN(DISTRICT MAGISTRATE JALAUN_IDA)","NARAYAN DAS AHIRWAR","JALAUN(SC)","MS Pole with LED Semi High Mast Light","15-Sep-2024","243000","06-Jun-2025"
"2883","Normal/Others","WS/MP18221/2025-2026/140942-Lighting of public spaces","Uttar Pradesh","JALAUN(DISTRICT MAGISTRATE JALAUN_IDA)","NARAYAN DAS AHIRWAR","JALAUN(SC)","MS Pole with LED Semi High Mast Light","15-Sep-2024","243000","06-Jun-2025"
"2884","Normal/Others","WS/MP18221/2025-2026/140943-Lighting of public spaces","Uttar Pradesh","JALAUN(DISTRICT MAGISTRATE JALAUN_IDA)","NARAYAN DAS AHIRWAR","JALAUN(SC)","MS Pole with LED Semi High Mast Light","15-Sep-2024","243000","06-Jun-2025"
"2885","Normal/Others","WS/MP18221/2025-2026/140944-Lighting of public spaces","Uttar Pradesh","JALAUN(DISTRICT MAGISTRATE JALAUN_IDA)","NARAYAN DAS AHIRWAR","JALAUN(SC)","MS Pole with LED Semi High Mast Light","15-Sep-2024","243000","06-Jun-2025"
"2886","Normal/Others","WS/MP18221/2025-2026/140945-Lighting of public spaces","Uttar Pradesh","JALAUN(DISTRICT MAGISTRATE JALAUN_IDA)","NARAYAN DAS AHIRWAR","JALAUN(SC)","MS Pole with LED Semi High Mast Light","15-Sep-2024","243000","06-Jun-2025"
"2887","Normal/Others","WS/MP18221/2025-2026/140946-Lighting of public spaces","Uttar Pradesh","JALAUN(DISTRICT MAGISTRATE JALAUN_IDA)","NARAYAN DAS AHIRWAR","JALAUN(SC)","MS pole with LED Semi High Mast Light","15-Sep-2024","243000","06-Jun-2025"
"2888","Normal/Others","WS/MP18221/2025-2026/140947-Lighting of public spaces","Uttar Pradesh","JALAUN(DISTRICT MAGISTRATE JALAUN_IDA)","NARAYAN DAS AHIRWAR","JALAUN(SC)","MS pole with LED Semi High Mast Light","15-Sep-2024","243000","06-Jun-2025"
"2889","Normal/Others","WS/MP18221/2025-2026/140948-Lighting of public spaces","Uttar Pradesh","JALAUN(DISTRICT MAGISTRATE JALAUN_IDA)","NARAYAN DAS AHIRWAR","JALAUN(SC)","MS pole with LED Semi High Mast Light","15-Sep-2024","243000","06-Jun-2025"
"2890","Normal/Others","WS/MP18221/2025-2026/140949-Lighting of public spaces","Uttar Pradesh","JALAUN(DISTRICT MAGISTRATE JALAUN_IDA)","NARAYAN DAS AHIRWAR","JALAUN(SC)","MS pole with LED Semi High Mast Light","15-Sep-2024","243000","06-Jun-2025"
"2891","Normal/Others","WS/MP18221/2025-2026/140950-Lighting of public spaces","Uttar Pradesh","JALAUN(DISTRICT MAGISTRATE JALAUN_IDA)","NARAYAN DAS AHIRWAR","JALAUN(SC)","MS pole with LED Semi High Mast Light","15-Sep-2024","243000","06-Jun-2025"
"2892","Normal/Others","WS/MP18221/2025-2026/140951-Lighting of public spaces","Uttar Pradesh","JALAUN(DISTRICT MAGISTRATE JALAUN_IDA)","NARAYAN DAS AHIRWAR","JALAUN(SC)","MS pole with LED Semi High Mast Light","15-Sep-2024","243000","06-Jun-2025"
"2893","Normal/Others","WS/MP18221/2025-2026/140952-Lighting of public spaces","Uttar Pradesh","JALAUN(DISTRICT MAGISTRATE JALAUN_IDA)","NARAYAN DAS AHIRWAR","JALAUN(SC)","MS pole with LED Semi High Mast Light","15-Sep-2024","243000","06-Jun-2025"
"2894","Normal/Others","WS/MP18221/2025-2026/140954-Lighting of public spaces","Uttar Pradesh","JALAUN(DISTRICT MAGISTRATE JALAUN_IDA)","NARAYAN DAS AHIRWAR","JALAUN(SC)","MS pole with LED Semi High Mast Light","15-Sep-2024","243000","06-Jun-2025"
"2895","Normal/Others","WS/MP18221/2025-2026/140955-Lighting of public spaces","Uttar Pradesh","JALAUN(DISTRICT MAGISTRATE JALAUN_IDA)","NARAYAN DAS AHIRWAR","JALAUN(SC)","MS pole with LED Semi High Mast Light","15-Sep-2024","243000","06-Jun-2025"
"2896","Normal/Others","WS/MP18221/2025-2026/140956-Lighting of public spaces","Uttar Pradesh","JALAUN(DISTRICT MAGISTRATE JALAUN_IDA)","NARAYAN DAS AHIRWAR","JALAUN(SC)","MS pole with LED Semi High Mast LIght","15-Sep-2024","243000","06-Jun-2025"
"2897","Normal/Others","WS/MP18221/2025-2026/140957-Lighting of public spaces","Uttar Pradesh","JALAUN(DISTRICT MAGISTRATE JALAUN_IDA)","NARAYAN DAS AHIRWAR","JALAUN(SC)","MS pole with LED Semi High Mast LIght","15-Sep-2024","243000","06-Jun-2025"
"2898","Normal/Others","WS/MP18221/2025-2026/140958-Lighting of public spaces","Uttar Pradesh","JALAUN(DISTRICT MAGISTRATE JALAUN_IDA)","NARAYAN DAS AHIRWAR","JALAUN(SC)","MS pole with LED Semi High Mast LIght","15-Sep-2024","243000","06-Jun-2025"
"2899","Normal/Others","WS/MP18221/2025-2026/140959-Lighting of public spaces","Uttar Pradesh","JALAUN(DISTRICT MAGISTRATE JALAUN_IDA)","NARAYAN DAS AHIRWAR","JALAUN(SC)","MS pole with LED Semi High Mast LIght","15-Sep-2024","243000","06-Jun-2025"
"2900","Normal/Others","WS/MP18221/2025-2026/140960-Lighting of public spaces","Uttar Pradesh","JALAUN(DISTRICT MAGISTRATE JALAUN_IDA)","NARAYAN DAS AHIRWAR","JALAUN(SC)","MS pole with LED Semi High Mast LIght","15-Sep-2024","243000","06-Jun-2025"
"2901","Normal/Others","WS/MP18221/2025-2026/140961-Lighting of public spaces","Uttar Pradesh","JALAUN(DISTRICT MAGISTRATE JALAUN_IDA)","NARAYAN DAS AHIRWAR","JALAUN(SC)","MS pole with LED Semi High Mast LIght","15-Sep-2024","243000","06-Jun-2025"
"2902","Normal/Others","WS/MP18221/2025-2026/140962-Lighting of public spaces","Uttar Pradesh","JALAUN(DISTRICT MAGISTRATE JALAUN_IDA)","NARAYAN DAS AHIRWAR","JALAUN(SC)","MS pole with LED Semi High Mast LIght","15-Sep-2024","243000","06-Jun-2025"
"2903","Normal/Others","WS/MP18221/2025-2026/140963-Lighting of public spaces","Uttar Pradesh","JALAUN(DISTRICT MAGISTRATE JALAUN_IDA)","NARAYAN DAS AHIRWAR","JALAUN(SC)","MS pole with LED Semi High Mast LIght","15-Sep-2024","243000","06-Jun-2025"
"2904","Normal/Others","WS/MP313/2024-2025/140976-Development of playground","Arunachal Pradesh","NAMSAI(Deputy Commisioner Namsai_IDA)","Shri Tapir Gao","ARUNACHAL EAST","Land development work at Panghun near NH-15 in Namsai District","15-Sep-2024","498889","24-Nov-2024"
"2905","Normal/Others","WS/MP313/2024-2025/140977-Construction of culverts and bridges","Arunachal Pradesh","EAST SIANG(Deputy Commisioner East Siang_IDA)","Shri Tapir Gao","ARUNACHAL EAST","C/o Culvert near WRC field at 10 mile Sille Block in East Siang District","15-Sep-2024","2000000","05-Feb-2025"
"2906","Normal/Others","WS/MP313/2024-2025/140978-Construction of flood control embankments/ protection walls along riverbanks, hilltops, roadsides","Arunachal Pradesh","EAST SIANG(Deputy Commisioner East Siang_IDA)","Shri Tapir Gao","ARUNACHAL EAST","Flood Protection work at Jone River near WRC field Debing in East Siang District","15-Sep-2024","500000","05-Feb-2025"
"2907","Normal/Others","WS/MP313/2024-2025/140979-Construction of culverts and bridges","Arunachal Pradesh","EAST SIANG(Deputy Commisioner East Siang_IDA)","Shri Tapir Gao","ARUNACHAL EAST","C/o Culvert at Mirem Yober cultivation field in East Siang District","15-Sep-2024","1000000","18-Feb-2025"
"2908","Normal/Others","WS/MP313/2024-2025/140980-Construction of culverts and bridges","Arunachal Pradesh","EAST SIANG(Deputy Commisioner East Siang_IDA)","Shri Tapir Gao","ARUNACHAL EAST","C/o Culvert at Jone Rikmeng in East Siang District","15-Sep-2024","500000","05-Feb-2025"
"2909","Normal/Others","WS/MP313/2024-2025/140981-Construction of culverts and bridges","Arunachal Pradesh","EAST SIANG(Deputy Commisioner East Siang_IDA)","Shri Tapir Gao","ARUNACHAL EAST","C/o Culvert at PMGP Road near Jampani under Sika Bamin Village in East Siang District","15-Sep-2024","800000","05-Feb-2025"
"2910","Normal/Others","WS/MP18221/2024-2025/140982-Lighting of public spaces","Uttar Pradesh","KANPUR DEHAT(DISTRICT MAGISTRATE KANPUR DEHAT_IDA)","NARAYAN DAS AHIRWAR","JALAUN(SC)","MS pole with LED semi High Mast Light","15-Sep-2024","238871.64","28-Jan-2025"
"2911","Normal/Others","WS/MP18221/2024-2025/140983-Lighting of public spaces","Uttar Pradesh","KANPUR DEHAT(DISTRICT MAGISTRATE KANPUR DEHAT_IDA)","NARAYAN DAS AHIRWAR","JALAUN(SC)","MS pole with LED semi High Mast Light","15-Sep-2024","238871.64","28-Jan-2025"
"2912","Normal/Others","WS/MP18221/2024-2025/140984-Lighting of public spaces","Uttar Pradesh","KANPUR DEHAT(DISTRICT MAGISTRATE KANPUR DEHAT_IDA)","NARAYAN DAS AHIRWAR","JALAUN(SC)","MS pole with LED semi High Mast Light","15-Sep-2024","238871.64","28-Jan-2025"
"2913","Normal/Others","WS/MP18221/2024-2025/140985-Lighting of public spaces","Uttar Pradesh","KANPUR DEHAT(DISTRICT MAGISTRATE KANPUR DEHAT_IDA)","NARAYAN DAS AHIRWAR","JALAUN(SC)","MS pole with LED semi High Mast Light","15-Sep-2024","238871.64","28-Jan-2025"
"2914","Normal/Others","WS/MP18221/2024-2025/140987-Lighting of public spaces","Uttar Pradesh","KANPUR DEHAT(DISTRICT MAGISTRATE KANPUR DEHAT_IDA)","NARAYAN DAS AHIRWAR","JALAUN(SC)","MS pole with LED semi High Mast Light","15-Sep-2024","238871.64","23-Jan-2025"
"2915","Normal/Others","WS/MP18221/2024-2025/140988-Lighting of public spaces","Uttar Pradesh","KANPUR DEHAT(DISTRICT MAGISTRATE KANPUR DEHAT_IDA)","NARAYAN DAS AHIRWAR","JALAUN(SC)","MS pole with LED semi High Mast Light","15-Sep-2024","238871.64","23-Jan-2025"
"2916","Normal/Others","WS/MP18221/2024-2025/140989-Lighting of public spaces","Uttar Pradesh","KANPUR DEHAT(DISTRICT MAGISTRATE KANPUR DEHAT_IDA)","NARAYAN DAS AHIRWAR","JALAUN(SC)","MS pole with LED semi High Mast Light","15-Sep-2024","238871.64","28-Jan-2025"
"2917","Normal/Others","WS/MP18221/2024-2025/140990-Lighting of public spaces","Uttar Pradesh","KANPUR DEHAT(DISTRICT MAGISTRATE KANPUR DEHAT_IDA)","NARAYAN DAS AHIRWAR","JALAUN(SC)","MS pole with LED semi High Mast Light","15-Sep-2024","238871.64","28-Jan-2025"
"2918","Normal/Others","WS/MP18221/2024-2025/140991-Lighting of public spaces","Uttar Pradesh","KANPUR DEHAT(DISTRICT MAGISTRATE KANPUR DEHAT_IDA)","NARAYAN DAS AHIRWAR","JALAUN(SC)","MS pole with LED semi High Mast Light","15-Sep-2024","238871.64","28-Jan-2025"
"2919","Normal/Others","WS/MP18221/2024-2025/140994-Lighting of public spaces","Uttar Pradesh","KANPUR DEHAT(DISTRICT MAGISTRATE KANPUR DEHAT_IDA)","NARAYAN DAS AHIRWAR","JALAUN(SC)","MS Pole with LED semi High Mast Light","15-Sep-2024","238871.64","23-Jan-2025"
"2920","Normal/Others","WS/MP18221/2024-2025/140995-Lighting of public spaces","Uttar Pradesh","KANPUR DEHAT(DISTRICT MAGISTRATE KANPUR DEHAT_IDA)","NARAYAN DAS AHIRWAR","JALAUN(SC)","MS Pole with LED semi High Mast Light","15-Sep-2024","238871.64","23-Jan-2025"
"2921","Normal/Others","WS/MP18221/2024-2025/140996-Lighting of public spaces","Uttar Pradesh","KANPUR DEHAT(DISTRICT MAGISTRATE KANPUR DEHAT_IDA)","NARAYAN DAS AHIRWAR","JALAUN(SC)","MS Pole with LED semi High Mast Light","15-Sep-2024","238871.64","23-Jan-2025"
"2922","Normal/Others","WS/MP18221/2024-2025/140997-Lighting of public spaces","Uttar Pradesh","KANPUR DEHAT(DISTRICT MAGISTRATE KANPUR DEHAT_IDA)","NARAYAN DAS AHIRWAR","JALAUN(SC)","MS Pole with LED semi High Mast Light","15-Sep-2024","238871.64","23-Jan-2025"
"2923","Normal/Others","WS/MP18221/2024-2025/140998-Lighting of public spaces","Uttar Pradesh","KANPUR DEHAT(DISTRICT MAGISTRATE KANPUR DEHAT_IDA)","NARAYAN DAS AHIRWAR","JALAUN(SC)","MS Pole with LED semi High Mast Light","15-Sep-2024","238871.64","23-Jan-2025"
"2924","Normal/Others","WS/MP18221/2024-2025/140999-Lighting of public spaces","Uttar Pradesh","KANPUR DEHAT(DISTRICT MAGISTRATE KANPUR DEHAT_IDA)","NARAYAN DAS AHIRWAR","JALAUN(SC)","MS Pole with LED semi High Mast Light","15-Sep-2024","238871.64","23-Jan-2025"
"2925","Normal/Others","WS/MP18221/2024-2025/141000-Lighting of public spaces","Uttar Pradesh","KANPUR DEHAT(DISTRICT MAGISTRATE KANPUR DEHAT_IDA)","NARAYAN DAS AHIRWAR","JALAUN(SC)","MS Pole with LED semi High Mast Light","15-Sep-2024","238871.64","23-Jan-2025"
"2926","Normal/Others","WS/MP18221/2024-2025/141001-Lighting of public spaces","Uttar Pradesh","KANPUR DEHAT(DISTRICT MAGISTRATE KANPUR DEHAT_IDA)","NARAYAN DAS AHIRWAR","JALAUN(SC)","MS Pole with LED semi High Mast Light","15-Sep-2024","238871.64","23-Jan-2025"
"2927","Normal/Others","WS/MP18221/2024-2025/141002-Lighting of public spaces","Uttar Pradesh","KANPUR DEHAT(DISTRICT MAGISTRATE KANPUR DEHAT_IDA)","NARAYAN DAS AHIRWAR","JALAUN(SC)","MS Pole with LED semi High Mast Light","15-Sep-2024","238871.64","23-Jan-2025"
"2928","Normal/Others","WS/MP18221/2024-2025/141003-Lighting of public spaces","Uttar Pradesh","KANPUR DEHAT(DISTRICT MAGISTRATE KANPUR DEHAT_IDA)","NARAYAN DAS AHIRWAR","JALAUN(SC)","MS Pole with LED semi High Mast Light","15-Sep-2024","238871.64","23-Jan-2025"
"2929","Normal/Others","WS/MP18221/2024-2025/141004-Lighting of public spaces","Uttar Pradesh","JHANSI(DISTRICT MAGISTRAE JHANSI_IDA)","NARAYAN DAS AHIRWAR","JALAUN(SC)","MS Pole with LED semi High Mast Light","15-Sep-2024","211299","24-Jan-2025"
"2930","Normal/Others","WS/MP18221/2024-2025/141005-Lighting of public spaces","Uttar Pradesh","JHANSI(DISTRICT MAGISTRAE JHANSI_IDA)","NARAYAN DAS AHIRWAR","JALAUN(SC)","MS Pole with LED semi High Mast Light","15-Sep-2024","211299","24-Jan-2025"
"2931","Normal/Others","WS/MP18221/2024-2025/141006-Lighting of public spaces","Uttar Pradesh","JHANSI(DISTRICT MAGISTRAE JHANSI_IDA)","NARAYAN DAS AHIRWAR","JALAUN(SC)","MS Pole with LED semi High Mast Light","15-Sep-2024","211299","24-Jan-2025"
"2932","Normal/Others","WS/MP18221/2024-2025/141007-Lighting of public spaces","Uttar Pradesh","JHANSI(DISTRICT MAGISTRAE JHANSI_IDA)","NARAYAN DAS AHIRWAR","JALAUN(SC)","MS Pole with LED semi High Mast Light","15-Sep-2024","211299","24-Jan-2025"
"2933","Normal/Others","WS/MP18221/2024-2025/141008-Lighting of public spaces","Uttar Pradesh","JHANSI(DISTRICT MAGISTRAE JHANSI_IDA)","NARAYAN DAS AHIRWAR","JALAUN(SC)","MS Pole with LED semi High Mast Light","15-Sep-2024","211299","24-Jan-2025"
"2934","Normal/Others","WS/MP18221/2024-2025/141009-Lighting of public spaces","Uttar Pradesh","JHANSI(DISTRICT MAGISTRAE JHANSI_IDA)","NARAYAN DAS AHIRWAR","JALAUN(SC)","MS Pole with LED semi High Mast Light","15-Sep-2024","211299","24-Jan-2025"
"2935","Normal/Others","WS/MP18221/2024-2025/141010-Lighting of public spaces","Uttar Pradesh","JHANSI(DISTRICT MAGISTRAE JHANSI_IDA)","NARAYAN DAS AHIRWAR","JALAUN(SC)","MS Pole with LED semi High Mast Light","15-Sep-2024","211299","24-Jan-2025"
"2936","Normal/Others","WS/MP18221/2024-2025/141011-Lighting of public spaces","Uttar Pradesh","JHANSI(DISTRICT MAGISTRAE JHANSI_IDA)","NARAYAN DAS AHIRWAR","JALAUN(SC)","MS Pole with LED semi High Mast Light","15-Sep-2024","211299","24-Jan-2025"
"2937","Normal/Others","WS/MP18221/2024-2025/141012-Lighting of public spaces","Uttar Pradesh","JHANSI(DISTRICT MAGISTRAE JHANSI_IDA)","NARAYAN DAS AHIRWAR","JALAUN(SC)","MS Pole with LED semi High Mast Light","15-Sep-2024","211299","24-Jan-2025"
"2938","Normal/Others","WS/MP18221/2024-2025/141013-Lighting of public spaces","Uttar Pradesh","JHANSI(DISTRICT MAGISTRAE JHANSI_IDA)","NARAYAN DAS AHIRWAR","JALAUN(SC)","MS Pole with LED semi High Mast Light","15-Sep-2024","211299","24-Jan-2025"
"2939","Normal/Others","WS/MP18221/2024-2025/141014-Lighting of public spaces","Uttar Pradesh","JHANSI(DISTRICT MAGISTRAE JHANSI_IDA)","NARAYAN DAS AHIRWAR","JALAUN(SC)","MS Pole with LED semi High Mast Light","15-Sep-2024","211299","24-Jan-2025"
"2940","Normal/Others","WS/MP18221/2024-2025/141015-Lighting of public spaces","Uttar Pradesh","JHANSI(DISTRICT MAGISTRAE JHANSI_IDA)","NARAYAN DAS AHIRWAR","JALAUN(SC)","MS Pole with LED semi High Mast Light","15-Sep-2024","211299","24-Jan-2025"
"2941","Normal/Others","WS/MP18221/2024-2025/141016-Lighting of public spaces","Uttar Pradesh","JHANSI(DISTRICT MAGISTRAE JHANSI_IDA)","NARAYAN DAS AHIRWAR","JALAUN(SC)","MS Pole with LED semi High Mast Light","15-Sep-2024","211299","24-Jan-2025"
"2942","Normal/Others","WS/MP18221/2024-2025/141017-Lighting of public spaces","Uttar Pradesh","JHANSI(DISTRICT MAGISTRAE JHANSI_IDA)","NARAYAN DAS AHIRWAR","JALAUN(SC)","MS Pole with LED semi High Mast Light","15-Sep-2024","211299","24-Jan-2025"
"2943","Normal/Others","WS/MP18221/2024-2025/141018-Lighting of public spaces","Uttar Pradesh","JHANSI(DISTRICT MAGISTRAE JHANSI_IDA)","NARAYAN DAS AHIRWAR","JALAUN(SC)","MS Pole with LED semi High Mast Light","15-Sep-2024","211299","24-Jan-2025"
"2944","Normal/Others","WS/MP18221/2024-2025/141019-Lighting of public spaces","Uttar Pradesh","JHANSI(DISTRICT MAGISTRAE JHANSI_IDA)","NARAYAN DAS AHIRWAR","JALAUN(SC)","MS Pole with LED semi High Mast Light","15-Sep-2024","211299","24-Jan-2025"
"2945","Normal/Others","WS/MP829/2025-2026/141020-Construction of rooms and facilities for hospitals, FWC , PHC Centers and ANM centers","West Bengal","HOWRAH(DISTRICT MAGISTRATE HOWRAH_IDA)","Smt Sajda Ahmed","ULUBERIA","Construction of Cold Chain room at Kamalpur Rural Hospital","15-Sep-2024","1500000","24-Jun-2025"
"2946","Normal/Others","WS/MP829/2024-2025/141021-Installing tube-wells and borewells","West Bengal","HOWRAH(DISTRICT MAGISTRATE HOWRAH_IDA)","Smt Sajda Ahmed","ULUBERIA","Sinking of Tubewell at Shibpur Mallick para near the house of Sasanka Mallick","15-Sep-2024","129883","07-Feb-2025"
"2947","Normal/Others","WS/MP829/2024-2025/141022-Installing tube-wells and borewells","West Bengal","HOWRAH(DISTRICT MAGISTRATE HOWRAH_IDA)","Smt Sajda Ahmed","ULUBERIA","Sinking of Tube well at Uttar Malancha Beria near the house of Bhupal Mandal","15-Sep-2024","129870","07-Feb-2025"
"2948","Normal/Others","WS/MP829/2024-2025/141023-Lighting of public spaces","West Bengal","HOWRAH(DISTRICT MAGISTRATE HOWRAH_IDA)","Smt Sajda Ahmed","ULUBERIA","Installation of High Mast Light at Ajodhya Mandirtala,( Electicity to be provided by Shyampur II Panchayat Samity )","15-Sep-2024","149712","28-Oct-2024"
"2949","Normal/Others","WS/MP829/2024-2025/141025-Lighting of public spaces","West Bengal","HOWRAH(DISTRICT MAGISTRATE HOWRAH_IDA)","Smt Sajda Ahmed","ULUBERIA","Installation of High Mast Light at Bardabar Kisan Mandi , Electicity to be provided by Shyampur II Panchayat Samity","15-Sep-2024","149712","28-Oct-2024"
"2950","Normal/Others","WS/MP18311/2024-2025/141027-Construction of community centers and community halls","Punjab","RUPNAGAR(DEPUTY COMMISSIONER ROOPNAGAR_IDA)","MALVINDER SINGH KANG","ANANDPUR SAHIB","Construction of community centers at village Madhopur","16-Sep-2024","700000","24-Sep-2024"
"2951","Normal/Others","WS/MP18311/2024-2025/141029-Construction of community centers and community halls","Punjab","RUPNAGAR(DEPUTY COMMISSIONER ROOPNAGAR_IDA)","MALVINDER SINGH KANG","ANANDPUR SAHIB","Construction of community center for SC community at village Sandhoa","16-Sep-2024","400000","24-Sep-2024"
"2952","Normal/Others","WS/MP18238/2024-2025/141030-Construction of roads, link roads, pathways or any other road with or without drainage system","Uttar Pradesh","DEORIA(DISTRICT MAGISTRATE DEORIA)","RAMASHANKAR RAJBHAR","SALEMPUR","Development Block Bankata Gram Sabha-Baulia Pandey, RCC road from the house of Primary School Pooja Rajbhar to the house of Indrajit Pradhan","15-Sep-2024","600000","20-Dec-2024"
"2953","Normal/Others","WS/MP18238/2024-2025/141031-Construction of roads, link roads, pathways or any other road with or without drainage system","Uttar Pradesh","DEORIA(DISTRICT MAGISTRATE DEORIA)","RAMASHANKAR RAJBHAR","SALEMPUR","CC road work from pitch road to Deepak Gaud's house in Tola Babhanauli of development block Bankata Gram Sabha Balua","15-Sep-2024","600000","20-Dec-2024"
"2954","Normal/Others","WS/MP18238/2024-2025/141032-Construction of roads, link roads, pathways or any other road with or without drainage system","Uttar Pradesh","DEORIA(DISTRICT MAGISTRATE DEORIA)","RAMASHANKAR RAJBHAR","SALEMPUR","RCC road work from pitch road to Ashok Singh's house in development block Lar Gram Sabha Bankata Amethia","15-Sep-2024","600000","20-Dec-2024"
"2955","Normal/Others","WS/MP18238/2024-2025/141033-Construction of roads, link roads, pathways or any other road with or without drainage system","Uttar Pradesh","DEORIA(DISTRICT MAGISTRATE DEORIA)","RAMASHANKAR RAJBHAR","SALEMPUR","CC road from HP petrol pump to south transformer in Vikas Khand Bhatpar","15-Sep-2024","600000","20-Dec-2024"
"2956","Normal/Others","WS/MP18238/2025-2026/141035-Construction of rooms and halls in school and colleges","Uttar Pradesh","DEORIA(DISTRICT MAGISTRATE DEORIA)","RAMASHANKAR RAJBHAR","SALEMPUR","Manager Principal,Malti Devi Kanya Junior High School Raghunathpur, 1 room construction with Varanda","15-Sep-2024","500000","01-Apr-2025"
"2957","Normal/Others","WS/MP18311/2024-2025/141037-Construction of community centers and community halls","Punjab","RUPNAGAR(DEPUTY COMMISSIONER ROOPNAGAR_IDA)","MALVINDER SINGH KANG","ANANDPUR SAHIB","Construction of community center for SC community at village Kalwan","16-Sep-2024","400000","24-Sep-2024"
"2958","Normal/Others","WS/MP18201/2024-2025/141045-Street lights","Uttar Pradesh","BUDAUN(DISTRICT MAGISTRATE BUDAUN_IDA)","NEERAJ MAURYA","AONLA","supply and installation of led semi high mast light at 274 different places in district budaun","15-Sep-2024","46470400","23-Nov-2024"
"2959","Normal/Others","WS/MP18238/2024-2025/141056-Construction of roads, link roads, pathways or any other road with or without drainage system","Uttar Pradesh","DEORIA(DISTRICT MAGISTRATE DEORIA)","RAMASHANKAR RAJBHAR","SALEMPUR","Construction of RCC road from Anshuman Singh Marg to interlocking road,Gram Panchayat Rautpar Pandey of development block Lar","26-Sep-2024","700000","20-Dec-2024"
"2960","Normal/Others","WS/MP18238/2024-2025/141057-Construction of roads, link roads, pathways or any other road with or without drainage system","Uttar Pradesh","DEORIA(DISTRICT MAGISTRATE DEORIA)","RAMASHANKAR RAJBHAR","SALEMPUR","Construction of RCC road from Gram Sonbarsa Pitch marg to Shambhu Tiwari's house, Development Bock Salempur","26-Sep-2024","600000","20-Dec-2024"
"2961","Normal/Others","WS/MP18238/2024-2025/141058-Construction of roads, link roads, pathways or any other road with or without drainage system","Uttar Pradesh","DEORIA(DISTRICT MAGISTRATE DEORIA)","RAMASHANKAR RAJBHAR","SALEMPUR","Development Block Lar,constriction of RCC road from Gram Parasia Chak Lal pitch marg to Gorakh yadav's house","26-Sep-2024","599527","20-Dec-2024"
"2962","Normal/Others","WS/MP18238/2024-2025/141059-Construction of roads, link roads, pathways or any other road with or without drainage system","Uttar Pradesh","DEORIA(DISTRICT MAGISTRATE DEORIA)","RAMASHANKAR RAJBHAR","SALEMPUR","Kharanja work from near the old site to the colony in development block Lar village Thakur Gauri","26-Sep-2024","499212","20-Dec-2024"
"2963","Normal/Others","WS/MP18238/2024-2025/141060-Construction of roads, link roads, pathways or any other road with or without drainage system","Uttar Pradesh","DEORIA(DISTRICT MAGISTRATE DEORIA)","RAMASHANKAR RAJBHAR","SALEMPUR","Development Block Lar Gram Panchayat Madhopur,kharanza road from water tank to Thuri pitch road","26-Sep-2024","499373","20-Dec-2024"
"2964","Normal/Others","WS/MP18238/2024-2025/141061-Improvement of electricity distribution infrastructure","Uttar Pradesh","DEORIA(DISTRICT MAGISTRATE DEORIA)","RAMASHANKAR RAJBHAR","SALEMPUR","Electrification from development block Salempur village Barwa Malkauli Parsan Tola to Abhay Nandan Jairam Private ITI College","26-Sep-2024","450000","20-Dec-2024"
"2965","Normal/Others","WS/MP18238/2024-2025/141062-Construction of rooms and halls in school and colleges","Uttar Pradesh","DEORIA(DISTRICT MAGISTRATE DEORIA)","RAMASHANKAR RAJBHAR","SALEMPUR","Manager Principal,Babuji Snannatkotkar Mahavidyalaya Pindi Deoria, two room construction","26-Sep-2024","1000000","18-Mar-2025"
"2966","Normal/Others","WS/MP18238/2024-2025/141063-Construction of rooms and halls in school and colleges","Uttar Pradesh","DEORIA(DISTRICT MAGISTRATE DEORIA)","RAMASHANKAR RAJBHAR","SALEMPUR","Manager Principal,Shakti Niketan Intermediate College Urdouli Varanda Construction","26-Sep-2024","700000","21-Mar-2025"
"2967","Normal/Others","WS/MP18238/2024-2025/141066-Construction of rooms and halls in school and colleges","Uttar Pradesh","DEORIA(DISTRICT MAGISTRATE DEORIA)","RAMASHANKAR RAJBHAR","SALEMPUR","Manager Principal,Jagarnath Dharmanath Sa J P Junior High School Pipra Lar Deoria, One room Construction","26-Sep-2024","500000","10-Mar-2025"
"2968","Normal/Others","WS/MP18238/2024-2025/141067-Construction of rooms and halls in school and colleges","Uttar Pradesh","DEORIA(DISTRICT MAGISTRATE DEORIA)","RAMASHANKAR RAJBHAR","SALEMPUR","Manager Principal,Swami Paramhans Secondary School, Sajaw, Deoria, construction of one toilet with shed","26-Sep-2024","800000","30-Nov-2024"
"2969","Normal/Others","WS/MP18314/2024-2025/141072-Installing tube-wells and borewells","Punjab","BARNALA(DEPUTY COMMISSIONER BARNALA_IDA)","GURMEET SINGH MEET HAYER","SANGRUR","Installation of  Submersible Motors for Drinking Water For Public W.No 28. Baba Jiwan Singh Nagar, Nanaksar basti,Near Railway Station Barnala MC Barnala","25-Sep-2024","72105","29-Nov-2024"
"2970","Normal/Others","WS/MP18314/2024-2025/141073-Installing tube-wells and borewells","Punjab","BARNALA(DEPUTY COMMISSIONER BARNALA_IDA)","GURMEET SINGH MEET HAYER","SANGRUR","Installation of Submersible Motors for Drinking Water For Public Near Jatinder Singh Home Ward No 3 Gandhi Nagar Barnala","25-Sep-2024","71905","29-Nov-2024"
"2971","Normal/Others","WS/MP18314/2024-2025/141074-Installing tube-wells and borewells","Punjab","BARNALA(DEPUTY COMMISSIONER BARNALA_IDA)","GURMEET SINGH MEET HAYER","SANGRUR","Installation of Submersible Motors for Drinking Water For Public Near Gabbar Singh Home Ward No 17 Roade Fatak Barnala MC Barnala","25-Sep-2024","72105","29-Nov-2024"
"2972","Normal/Others","WS/MP18314/2024-2025/141075-Installing tube-wells and borewells","Punjab","BARNALA(DEPUTY COMMISSIONER BARNALA_IDA)","GURMEET SINGH MEET HAYER","SANGRUR","installation of 2 Submersible Motors for Drinking Water For Public Babra Wala Paha Barnala MC Barnala","25-Sep-2024","142700","29-Nov-2024"
"2973","Normal/Others","WS/MP18314/2024-2025/141077-Installing tube-wells and borewells","Punjab","BARNALA(DEPUTY COMMISSIONER BARNALA_IDA)","GURMEET SINGH MEET HAYER","SANGRUR","Installation of Submersible Motor Drinking Water For Public in Dharmshala Bajwa Patti, Ward no 13 Barnala MC Barnala","25-Sep-2024","70970","29-Nov-2024"
"2974","Normal/Others","WS/MP18253/2024-2025/141078-Construction of roads, link roads, pathways or any other road with or without drainage system","West Bengal","South 24 Parganas(DISTRICT MAGISTRATE SOUTH TWENTY FOUR PARGANAS_IDA)","BAPI HALDAR","MATHURAPUR(SC)","CONSTRUCTION OF CC ROAD WITH PAILING FROM BASUDEB HALDAR HOUSE TO KRISHNACHANDRAPUR PASCHIM SDB ROAD","15-Sep-2024","499896","10-Dec-2024"
"2975","Normal/Others","WS/MP18161/2024-2025/141088-Construction of roads, link roads, pathways or any other road with or without drainage system","Rajasthan","BHARATPUR(DISTRICT COLLECTOR BHARATPUR_IDA)","SANJNA JATAV","BHARATPUR(SC)","cc/interlocking with nali nirman karya mukhya sadak se balli ke ghar ghar ki tARAF GRAM moroli work agency gp jaspura moroli","15-Sep-2024","500000","17-Dec-2024"
"2976","Normal/Others","WS/MP18161/2024-2025/141089-Construction of additional rooms and halls in the existing public and community building","Rajasthan","ALWAR(DISTRICT COLLECTOR ALWAR_IDA)","SANJNA JATAV","BHARATPUR(SC)","ambedkar bhawan me baramda nirman v anya vikas karya gram saunkhar work agency gp saunkhar","15-Sep-2024","249580","06-Dec-2024"
"2977","Normal/Others","WS/MP18161/2024-2025/141090-Construction of roads, link roads, pathways or any other road with or without drainage system","Rajasthan","ALWAR(DISTRICT COLLECTOR ALWAR_IDA)","SANJNA JATAV","BHARATPUR(SC)","cc/interlocking sadak nirman prakash marg holu ki dhani gram sonkhar work agency gp sonkhar","15-Sep-2024","249079","06-Dec-2024"
"2978","Normal/Others","WS/MP18161/2024-2025/141091-Construction of roads, link roads, pathways or any other road with or without drainage system","Rajasthan","BHARATPUR(DISTRICT COLLECTOR BHARATPUR_IDA)","SANJNA JATAV","BHARATPUR(SC)","naveen panchayat bhawan barauli chhar ke parishar me interlocking karya gram barauli chhar work agency gp barauli chhar","15-Sep-2024","500000","30-Dec-2024"
"2979","Normal/Others","NA-Installing community drinking water plants","West Bengal","North 24 Parganas(DISTRICT MAGISTRATE NORTH TWENTY FOUR PARGANAS_IDA)","Kakoli Ghosh Dastidar","BARASAT","Arsenic free drinking water","15-Sep-2024","150000","NA"
"2980","Normal/Others","NA-Development of public parks","West Bengal","North 24 Parganas(DISTRICT MAGISTRATE NORTH TWENTY FOUR PARGANAS_IDA)","Kakoli Ghosh Dastidar","BARASAT","Open gym in park with solar light with boundary wall","15-Sep-2024","1000000","NA"
"2981","Normal/Others","WS/MP243/2025-2026/141108-Lighting of public spaces","West Bengal","North 24 Parganas(DISTRICT MAGISTRATE NORTH TWENTY FOUR PARGANAS_IDA)","Kakoli Ghosh Dastidar","BARASAT","High must park light","15-Sep-2024","480000","18-Jun-2025"
"2982","Normal/Others","WS/MP243/2025-2026/141109-Lighting of public spaces","West Bengal","North 24 Parganas(DISTRICT MAGISTRATE NORTH TWENTY FOUR PARGANAS_IDA)","Kakoli Ghosh Dastidar","BARASAT","200 solar light","15-Sep-2024","6803986","25-Jun-2025"
"2983","Normal/Others","WS/MP243/2025-2026/141110-Construction of rooms and halls in school and colleges","West Bengal","North 24 Parganas(DISTRICT MAGISTRATE NORTH TWENTY FOUR PARGANAS_IDA)","Kakoli Ghosh Dastidar","BARASAT","2 storied building for skill development centre","15-Sep-2024","11000000","25-Nov-2025"
"2984","Normal/Others","WS/MP243/2024-2025/141111-Development of public parks","West Bengal","North 24 Parganas(DISTRICT MAGISTRATE NORTH TWENTY FOUR PARGANAS_IDA)","Kakoli Ghosh Dastidar","BARASAT","Development of Children park","15-Sep-2024","600000","02-Jan-2025"
"2985","Normal/Others","NA-Lighting of public spaces","West Bengal","North 24 Parganas(DISTRICT MAGISTRATE NORTH TWENTY FOUR PARGANAS_IDA)","Kakoli Ghosh Dastidar","BARASAT","High must light","15-Sep-2024","450000","NA"
"2986","Normal/Others","NA-Construction of rooms and halls in school and colleges","West Bengal","North 24 Parganas(DISTRICT MAGISTRATE NORTH TWENTY FOUR PARGANAS_IDA)","Kakoli Ghosh Dastidar","BARASAT","Classroom","15-Sep-2024","600000","NA"
"2987","Normal/Others","NA-Construction of roads, link roads, pathways or any other road with or without drainage system","West Bengal","North 24 Parganas(DISTRICT MAGISTRATE NORTH TWENTY FOUR PARGANAS_IDA)","Kakoli Ghosh Dastidar","BARASAT","Village cc road","15-Sep-2024","700000","NA"
"2988","Normal/Others","WS/MP243/2024-2025/141115-Providing drains and gutters for public drainage","West Bengal","North 24 Parganas(DISTRICT MAGISTRATE NORTH TWENTY FOUR PARGANAS_IDA)","Kakoli Ghosh Dastidar","BARASAT","Drain","15-Sep-2024","579309","08-Jan-2025"
"2989","Normal/Others","WS/MP243/2024-2025/141116-Development of playground","West Bengal","North 24 Parganas(DISTRICT MAGISTRATE NORTH TWENTY FOUR PARGANAS_IDA)","Kakoli Ghosh Dastidar","BARASAT","Development of playground","15-Sep-2024","600000","21-Jan-2025"
"2990","Normal/Others","WS/MP243/2024-2025/141117-Construction of rooms and halls in school and colleges","West Bengal","North 24 Parganas(DISTRICT MAGISTRATE NORTH TWENTY FOUR PARGANAS_IDA)","Kakoli Ghosh Dastidar","BARASAT","School classroom","15-Sep-2024","999911","21-Jan-2025"
"2991","Normal/Others","WS/MP243/2024-2025/141118-Construction of roads, link roads, pathways or any other road with or without drainage system","West Bengal","North 24 Parganas(DISTRICT MAGISTRATE NORTH TWENTY FOUR PARGANAS_IDA)","Kakoli Ghosh Dastidar","BARASAT","Road","15-Sep-2024","994791","10-Jan-2025"
"2992","Repair and Renovation","WS/MP243/2024-2025/141119-Lighting of public spaces","West Bengal","North 24 Parganas(DISTRICT MAGISTRATE NORTH TWENTY FOUR PARGANAS_IDA)","Kakoli Ghosh Dastidar","BARASAT","Highmast light","15-Sep-2024","412911","08-Jan-2025"
"2993","Normal/Others","NA-Purchase of ambulances (Four, three and two wheelers)","West Bengal","North 24 Parganas(DISTRICT MAGISTRATE NORTH TWENTY FOUR PARGANAS_IDA)","Kakoli Ghosh Dastidar","BARASAT","Ambulance","15-Sep-2024","1440000","NA"
"2994","Normal/Others","WS/MP243/2025-2026/141121-Providing CCTV camera system for security of public areas","West Bengal","North 24 Parganas(DISTRICT MAGISTRATE NORTH TWENTY FOUR PARGANAS_IDA)","Kakoli Ghosh Dastidar","BARASAT","Cc tv camera","15-Sep-2024","112000","22-Aug-2025"
"2995","Normal/Others","WS/MP243/2025-2026/141122-Providing CCTV camera system for security of public areas","West Bengal","North 24 Parganas(DISTRICT MAGISTRATE NORTH TWENTY FOUR PARGANAS_IDA)","Kakoli Ghosh Dastidar","BARASAT","Cc tv camera","15-Sep-2024","112000","22-Aug-2025"
"2996","Normal/Others","WS/MP243/2025-2026/141123-Providing CCTV camera system for security of public areas","West Bengal","North 24 Parganas(DISTRICT MAGISTRATE NORTH TWENTY FOUR PARGANAS_IDA)","Kakoli Ghosh Dastidar","BARASAT","Cc tv camera","15-Sep-2024","112000","22-Aug-2025"
"2997","Normal/Others","WS/MP243/2025-2026/141124-Providing CCTV camera system for security of public areas","West Bengal","North 24 Parganas(DISTRICT MAGISTRATE NORTH TWENTY FOUR PARGANAS_IDA)","Kakoli Ghosh Dastidar","BARASAT","Cc tv camera","15-Sep-2024","112000","22-Aug-2025"
"2998","Normal/Others","WS/MP243/2025-2026/141125-Providing CCTV camera system for security of public areas","West Bengal","North 24 Parganas(DISTRICT MAGISTRATE NORTH TWENTY FOUR PARGANAS_IDA)","Kakoli Ghosh Dastidar","BARASAT","Cc tv camera","15-Sep-2024","112000","22-Aug-2025"
"2999","Normal/Others","WS/MP243/2025-2026/141126-Providing CCTV camera system for security of public areas","West Bengal","North 24 Parganas(DISTRICT MAGISTRATE NORTH TWENTY FOUR PARGANAS_IDA)","Kakoli Ghosh Dastidar","BARASAT","Cc tv camera","15-Sep-2024","112000","22-Aug-2025"
"3000","Normal/Others","WS/MP243/2025-2026/141127-Providing CCTV camera system for security of public areas","West Bengal","North 24 Parganas(DISTRICT MAGISTRATE NORTH TWENTY FOUR PARGANAS_IDA)","Kakoli Ghosh Dastidar","BARASAT","Cc tv camera","15-Sep-2024","112000","22-Aug-2025"
"Grand Total"," "," "," "," "," "," "," "," "," ","56,06,86,74,575.27"